Transfer Date by Week,Transfer Year,RIN Year,Fuel (D Code),Assignment,QAP Type,Total RINs Traded
"6/27/2016","2016","2016","D6","Assigned","Unverified","470,818,061"
"6/27/2016","2016","2016","D6","Separated","Q-RIN","21,836,638"
"6/27/2016","2016","2016","D6","Separated","Unverified","605,301,223"
"7/4/2016","2016","2014","D6","Separated","Unverified","57,384,254"
"7/4/2016","2016","2015","D6","Separated","Unverified","3,851,581"
"7/4/2016","2016","2016","D6","Assigned","Q-RIN","37,052,727"
"7/4/2016","2016","2016","D6","Assigned","Unverified","414,819,854"
"7/4/2016","2016","2016","D6","Separated","Q-RIN","50,897"
"7/4/2016","2016","2016","D6","Separated","Unverified","167,319,256"
"7/11/2016","2016","2013","D6","Separated","Unverified","2,539,443"
"7/11/2016","2016","2014","D6","Separated","Unverified","40,000,000"
"7/11/2016","2016","2015","D6","Assigned","Unverified","16,349"
"7/11/2016","2016","2015","D6","Separated","Unverified","101,416,736"
"7/11/2016","2016","2016","D6","Assigned","Q-RIN","46,945,663"
"7/11/2016","2016","2016","D6","Assigned","Unverified","438,197,269"
"7/11/2016","2016","2016","D6","Separated","Q-RIN","12,154,565"
"7/11/2016","2016","2016","D6","Separated","Unverified","280,823,094"
"7/18/2016","2016","2013","D6","Separated","Unverified","20,032,977"
"7/18/2016","2016","2014","D6","Separated","Unverified","90,337,512"
"7/18/2016","2016","2015","D6","Assigned","Unverified","16,349"
"7/18/2016","2016","2015","D6","Separated","Unverified","26,792,028"
"7/18/2016","2016","2016","D6","Assigned","Q-RIN","38,493,322"
"7/18/2016","2016","2016","D6","Assigned","Unverified","452,580,822"
"7/18/2016","2016","2016","D6","Separated","Q-RIN","9,237,684"
"7/18/2016","2016","2016","D6","Separated","Unverified","268,914,272"
"7/25/2016","2016","2013","D6","Separated","Unverified","18,321,974"
"7/25/2016","2016","2014","D6","Separated","Unverified","529,519,505"
"7/25/2016","2016","2015","D6","Separated","Unverified","37,283,133"
"7/25/2016","2016","2016","D6","Assigned","Q-RIN","43,990,184"
"7/25/2016","2016","2016","D6","Assigned","Unverified","482,378,681"
"7/25/2016","2016","2016","D6","Separated","Q-RIN","781,590"
"7/25/2016","2016","2016","D6","Separated","Unverified","368,313,499"
"8/1/2016","2016","2014","D6","Separated","Unverified","22,270,747"
"8/1/2016","2016","2015","D6","Assigned","Unverified","294,464"
"8/1/2016","2016","2015","D6","Separated","Unverified","32,794,932"
"8/1/2016","2016","2016","D6","Assigned","Q-RIN","42,457,122"
"8/1/2016","2016","2016","D6","Assigned","Unverified","396,919,741"
"8/1/2016","2016","2016","D6","Separated","Q-RIN","1,983,499"
"8/1/2016","2016","2016","D6","Separated","Unverified","219,969,520"
"8/8/2016","2016","2014","D6","Separated","Unverified","7,689"
"8/8/2016","2016","2015","D6","Separated","Unverified","7,896,466"
"8/8/2016","2016","2016","D6","Assigned","Q-RIN","39,619,906"
"8/8/2016","2016","2016","D6","Assigned","Unverified","448,520,276"
"8/8/2016","2016","2016","D6","Separated","Q-RIN","3,275,647"
"8/8/2016","2016","2016","D6","Separated","Unverified","226,913,190"
"8/15/2016","2016","2015","D6","Assigned","Unverified","32,715"
"8/15/2016","2016","2015","D6","Separated","Unverified","21,111,620"
"8/15/2016","2016","2016","D6","Assigned","Q-RIN","38,317,391"
"8/15/2016","2016","2016","D6","Assigned","Unverified","445,226,181"
"8/15/2016","2016","2016","D6","Separated","Q-RIN","2,073,768"
"8/15/2016","2016","2016","D6","Separated","Unverified","292,709,226"
"8/22/2016","2016","2014","D6","Separated","Unverified","7,546,210"
"8/22/2016","2016","2015","D6","Assigned","Unverified","32,715"
"8/22/2016","2016","2015","D6","Separated","Unverified","8,118,172"
"8/22/2016","2016","2016","D6","Assigned","Q-RIN","37,098,416"
"8/22/2016","2016","2016","D6","Assigned","Unverified","451,869,426"
"8/22/2016","2016","2016","D6","Separated","Q-RIN","797,738"
"8/22/2016","2016","2016","D6","Separated","Unverified","257,747,032"
"8/29/2016","2016","2015","D6","Separated","Unverified","4,225,132"
"8/29/2016","2016","2016","D6","Assigned","Q-RIN","42,563,598"
"8/29/2016","2016","2016","D6","Assigned","Unverified","451,573,652"
"8/29/2016","2016","2016","D6","Separated","Q-RIN","3,663,385"
"8/29/2016","2016","2016","D6","Separated","Unverified","365,796,864"
"9/5/2016","2016","2015","D6","Separated","Unverified","1,590,289"
"9/5/2016","2016","2016","D6","Assigned","Q-RIN","48,681,379"
"9/5/2016","2016","2016","D6","Assigned","Unverified","414,254,892"
"9/5/2016","2016","2016","D6","Separated","Q-RIN","1,951,731"
"9/5/2016","2016","2016","D6","Separated","Unverified","208,138,973"
"9/12/2016","2016","2014","D6","Separated","Unverified","3,786"
"9/12/2016","2016","2015","D6","Separated","Unverified","19,158,488"
"9/12/2016","2016","2016","D6","Assigned","Q-RIN","49,166,429"
"9/12/2016","2016","2016","D6","Assigned","Unverified","451,726,396"
"9/12/2016","2016","2016","D6","Separated","Q-RIN","7,701,958"
"9/12/2016","2016","2016","D6","Separated","Unverified","393,241,872"
"9/19/2016","2016","2015","D6","Separated","Unverified","13,136,223"
"9/19/2016","2016","2016","D6","Assigned","Q-RIN","42,606,833"
"9/19/2016","2016","2016","D6","Assigned","Unverified","467,449,028"
"9/19/2016","2016","2016","D6","Separated","Q-RIN","5,498,022"
"9/19/2016","2016","2016","D6","Separated","Unverified","444,632,674"
"9/26/2016","2016","2014","D6","Separated","Unverified","944,716"
"9/26/2016","2016","2015","D6","Separated","Unverified","6,849,982"
"9/26/2016","2016","2016","D6","Assigned","Q-RIN","72,905,688"
"9/26/2016","2016","2016","D6","Assigned","Unverified","481,164,121"
"9/26/2016","2016","2016","D6","Separated","Q-RIN","51,672,179"
"9/26/2016","2016","2016","D6","Separated","Unverified","573,062,518"
"10/3/2016","2016","2015","D6","Separated","Unverified","96,259,152"
"10/3/2016","2016","2016","D6","Assigned","Q-RIN","35,112,119"
"10/3/2016","2016","2016","D6","Assigned","Unverified","412,540,283"
"10/3/2016","2016","2016","D6","Separated","Q-RIN","11,894,398"
"10/3/2016","2016","2016","D6","Separated","Unverified","231,372,146"
"10/10/2016","2016","2015","D6","Separated","Q-RIN","48,109"
"10/10/2016","2016","2015","D6","Separated","Unverified","73,513,754"
"10/10/2016","2016","2016","D6","Assigned","Q-RIN","46,442,716"
"10/10/2016","2016","2016","D6","Assigned","Unverified","456,688,499"
"10/10/2016","2016","2016","D6","Separated","Q-RIN","2,972,039"
"10/10/2016","2016","2016","D6","Separated","Unverified","272,496,946"
"10/17/2016","2016","2014","D6","Separated","Unverified","26,260"
"10/17/2016","2016","2015","D6","Separated","Q-RIN","48,109"
"10/17/2016","2016","2015","D6","Separated","Unverified","37,834,519"
"10/17/2016","2016","2016","D6","Assigned","Q-RIN","37,018,320"
"10/17/2016","2016","2016","D6","Assigned","Unverified","419,179,706"
"10/17/2016","2016","2016","D6","Separated","Q-RIN","7,329,752"
"10/17/2016","2016","2016","D6","Separated","Unverified","348,913,648"
"10/24/2016","2016","2014","D6","Separated","Unverified","1,569,969"
"10/24/2016","2016","2015","D6","Separated","Q-RIN","33,549"
"10/24/2016","2016","2015","D6","Separated","Unverified","142,613,063"
"10/24/2016","2016","2016","D6","Assigned","Q-RIN","45,435,588"
"10/24/2016","2016","2016","D6","Assigned","Unverified","450,058,608"
"10/24/2016","2016","2016","D6","Separated","Q-RIN","53,760"
"10/24/2016","2016","2016","D6","Separated","Unverified","310,376,000"
"10/31/2016","2016","2014","D6","Separated","Unverified","51,706"
"10/31/2016","2016","2015","D6","Separated","Unverified","44,082,100"
"10/31/2016","2016","2016","D6","Assigned","Q-RIN","36,057,851"
"10/31/2016","2016","2016","D6","Assigned","Unverified","468,907,886"
"10/31/2016","2016","2016","D6","Separated","Q-RIN","14,916,146"
"10/31/2016","2016","2016","D6","Separated","Unverified","354,588,676"
"11/7/2016","2016","2015","D6","Separated","Q-RIN","2,662,950"
"11/7/2016","2016","2015","D6","Separated","Unverified","76,262,401"
"11/7/2016","2016","2016","D6","Assigned","Q-RIN","37,715,980"
"11/7/2016","2016","2016","D6","Assigned","Unverified","436,985,384"
"11/7/2016","2016","2016","D6","Separated","Q-RIN","8,731,055"
"11/7/2016","2016","2016","D6","Separated","Unverified","335,920,489"
"11/14/2016","2016","2014","D6","Separated","Q-RIN","342,145"
"11/14/2016","2016","2014","D6","Separated","Unverified","35,052,373"
"11/14/2016","2016","2015","D6","Separated","Q-RIN","67,798,659"
"11/14/2016","2016","2015","D6","Separated","Unverified","487,082,174"
"11/14/2016","2016","2016","D6","Assigned","Q-RIN","43,369,916"
"11/14/2016","2016","2016","D6","Assigned","Unverified","442,857,231"
"11/14/2016","2016","2016","D6","Separated","Q-RIN","4,080,629"
"11/14/2016","2016","2016","D6","Separated","Unverified","550,205,232"
"11/21/2016","2016","2014","D6","Separated","Unverified","11,614,393"
"11/21/2016","2016","2015","D6","Separated","Q-RIN","527,562"
"11/21/2016","2016","2015","D6","Separated","Unverified","116,598,787"
"11/21/2016","2016","2016","D6","Assigned","Q-RIN","60,744,393"
"11/21/2016","2016","2016","D6","Assigned","Unverified","404,385,633"
"11/21/2016","2016","2016","D6","Separated","Q-RIN","307,511"
"11/21/2016","2016","2016","D6","Separated","Unverified","335,032,811"
"11/28/2016","2016","2014","D6","Assigned","Unverified","5,093,837"
"11/28/2016","2016","2014","D6","Separated","Unverified","6,943,504"
"11/28/2016","2016","2015","D6","Separated","Q-RIN","59,159"
"11/28/2016","2016","2015","D6","Separated","Unverified","141,372,448"
"11/28/2016","2016","2016","D6","Assigned","Q-RIN","72,124,131"
"11/28/2016","2016","2016","D6","Assigned","Unverified","485,048,117"
"11/28/2016","2016","2016","D6","Separated","Q-RIN","64,282,247"
"11/28/2016","2016","2016","D6","Separated","Unverified","507,081,196"
"12/5/2016","2016","2015","D6","Separated","Q-RIN","2,000,000"
"12/5/2016","2016","2015","D6","Separated","Unverified","727,081"
"12/5/2016","2016","2016","D6","Assigned","Q-RIN","39,863,487"
"12/5/2016","2016","2016","D6","Assigned","Unverified","445,832,134"
"12/5/2016","2016","2016","D6","Separated","Q-RIN","20,200,069"
"12/5/2016","2016","2016","D6","Separated","Unverified","414,702,067"
"12/12/2016","2016","2015","D6","Separated","Unverified","5,550,000"
"12/12/2016","2016","2016","D6","Assigned","Q-RIN","43,472,233"
"12/12/2016","2016","2016","D6","Assigned","Unverified","470,188,581"
"12/12/2016","2016","2016","D6","Separated","Q-RIN","34,876,581"
"12/12/2016","2016","2016","D6","Separated","Unverified","582,902,690"
"12/19/2016","2016","2015","D6","Assigned","Q-RIN","29,000"
"12/19/2016","2016","2015","D6","Assigned","Unverified","1,739"
"12/19/2016","2016","2015","D6","Separated","Unverified","16,111,741"
"12/19/2016","2016","2016","D6","Assigned","Q-RIN","34,169,592"
"12/19/2016","2016","2016","D6","Assigned","Unverified","487,556,264"
"12/19/2016","2016","2016","D6","Separated","Q-RIN","7,350,958"
"12/19/2016","2016","2016","D6","Separated","Unverified","480,169,630"
"12/26/2016","2016","2015","D6","Separated","Unverified","14,326,441"
"12/26/2016","2016","2016","D6","Assigned","Q-RIN","43,737,557"
"12/26/2016","2016","2016","D6","Assigned","Unverified","474,828,725"
"12/26/2016","2016","2016","D6","Separated","Q-RIN","2,623,758"
"12/26/2016","2016","2016","D6","Separated","Unverified","674,997,370"
"12/26/2016","2017","2016","D6","Assigned","Unverified","7,633,381"
"12/26/2016","2017","2016","D6","Separated","Unverified","4,862,890"
"12/26/2016","2017","2017","D6","Assigned","Q-RIN","660,776"
"12/26/2016","2017","2017","D6","Assigned","Unverified","8,538,640"
"12/26/2016","2017","2017","D6","Separated","Unverified","187,105"
"1/2/2017","2017","2015","D6","Separated","Unverified","19,659"
"1/2/2017","2017","2016","D6","Assigned","Q-RIN","1,704,529"
"1/2/2017","2017","2016","D6","Assigned","Unverified","131,371,691"
"1/2/2017","2017","2016","D6","Separated","Q-RIN","2,000,000"
"1/2/2017","2017","2016","D6","Separated","Unverified","209,528,396"
"1/2/2017","2017","2017","D6","Assigned","Q-RIN","33,302,861"
"1/2/2017","2017","2017","D6","Assigned","Unverified","252,417,172"
"1/2/2017","2017","2017","D6","Separated","Unverified","12,671,690"
"1/9/2017","2017","2015","D6","Separated","Q-RIN","574,788"
"1/9/2017","2017","2015","D6","Separated","Unverified","1,763,324"
"1/9/2017","2017","2016","D6","Assigned","Q-RIN","231,786"
"1/9/2017","2017","2016","D6","Assigned","Unverified","72,678,423"
"1/9/2017","2017","2016","D6","Separated","Q-RIN","2,002,765"
"1/9/2017","2017","2016","D6","Separated","Unverified","292,844,481"
"1/9/2017","2017","2017","D6","Assigned","Q-RIN","35,438,520"
"1/9/2017","2017","2017","D6","Assigned","Unverified","315,313,208"
"1/9/2017","2017","2017","D6","Separated","Unverified","30,104,384"
"1/16/2017","2017","2015","D6","Separated","Unverified","2,108,011"
"1/16/2017","2017","2016","D6","Assigned","Q-RIN","314,028"
"1/16/2017","2017","2016","D6","Assigned","Unverified","15,742,337"
"1/16/2017","2017","2016","D6","Separated","Q-RIN","2,266,330"
"1/16/2017","2017","2016","D6","Separated","Unverified","216,813,389"
"1/16/2017","2017","2017","D6","Assigned","Q-RIN","35,768,548"
"1/16/2017","2017","2017","D6","Assigned","Unverified","406,751,263"
"1/16/2017","2017","2017","D6","Separated","Unverified","56,021,539"
"1/23/2017","2017","2014","D6","Separated","Unverified","1"
"1/23/2017","2017","2015","D6","Separated","Unverified","16,507,604"
"1/23/2017","2017","2016","D6","Assigned","Q-RIN","310,922"
"1/23/2017","2017","2016","D6","Assigned","Unverified","4,571,351"
"1/23/2017","2017","2016","D6","Separated","Q-RIN","1,168,638"
"1/23/2017","2017","2016","D6","Separated","Unverified","190,852,047"
"1/23/2017","2017","2017","D6","Assigned","Q-RIN","41,145,169"
"1/23/2017","2017","2017","D6","Assigned","Unverified","426,261,669"
"1/23/2017","2017","2017","D6","Separated","Q-RIN","8,098"
"1/23/2017","2017","2017","D6","Separated","Unverified","95,018,781"
"1/30/2017","2017","2015","D6","Separated","Q-RIN","51,933"
"1/30/2017","2017","2015","D6","Separated","Unverified","4,005,140"
"1/30/2017","2017","2016","D6","Assigned","Unverified","12,375,234"
"1/30/2017","2017","2016","D6","Separated","Q-RIN","500,000"
"1/30/2017","2017","2016","D6","Separated","Unverified","213,326,836"
"1/30/2017","2017","2017","D6","Assigned","Q-RIN","38,049,748"
"1/30/2017","2017","2017","D6","Assigned","Unverified","484,078,061"
"1/30/2017","2017","2017","D6","Separated","Q-RIN","16,978"
"1/30/2017","2017","2017","D6","Separated","Unverified","127,055,833"
"2/6/2017","2017","2015","D6","Separated","Q-RIN","919,414"
"2/6/2017","2017","2015","D6","Separated","Unverified","4,548,546"
"2/6/2017","2017","2016","D6","Assigned","Q-RIN","31,931"
"2/6/2017","2017","2016","D6","Assigned","Unverified","6,050,929"
"2/6/2017","2017","2016","D6","Separated","Unverified","69,183,382"
"2/6/2017","2017","2017","D6","Assigned","Q-RIN","35,890,634"
"2/6/2017","2017","2017","D6","Assigned","Unverified","440,836,571"
"2/6/2017","2017","2017","D6","Separated","Unverified","155,340,228"
"2/13/2017","2017","2015","D6","Assigned","Q-RIN","33,960"
"2/13/2017","2017","2015","D6","Assigned","Unverified","424,873"
"2/13/2017","2017","2015","D6","Separated","Unverified","3,769,820"
"2/13/2017","2017","2016","D6","Assigned","Unverified","401,063"
"2/13/2017","2017","2016","D6","Separated","Q-RIN","2,675,413"
"2/13/2017","2017","2016","D6","Separated","Unverified","38,163,789"
"2/13/2017","2017","2017","D6","Assigned","Q-RIN","40,483,680"
"2/13/2017","2017","2017","D6","Assigned","Unverified","472,687,792"
"2/13/2017","2017","2017","D6","Separated","Unverified","137,786,991"
"2/20/2017","2017","2015","D6","Assigned","Q-RIN","24,040"
"2/20/2017","2017","2016","D6","Assigned","Unverified","789,267"
"2/20/2017","2017","2016","D6","Separated","Q-RIN","2,675,413"
"2/20/2017","2017","2016","D6","Separated","Unverified","78,605,806"
"2/20/2017","2017","2017","D6","Assigned","Q-RIN","40,442,460"
"2/20/2017","2017","2017","D6","Assigned","Unverified","445,282,336"
"2/20/2017","2017","2017","D6","Separated","Q-RIN","1,000,000"
"2/20/2017","2017","2017","D6","Separated","Unverified","189,196,888"
"2/27/2017","2017","2015","D6","Separated","Q-RIN","1,181,767"
"2/27/2017","2017","2015","D6","Separated","Unverified","4,919,485"
"2/27/2017","2017","2016","D6","Assigned","Unverified","151,680"
"2/27/2017","2017","2016","D6","Separated","Q-RIN","205,649"
"2/27/2017","2017","2016","D6","Separated","Unverified","128,651,268"
"2/27/2017","2017","2017","D6","Assigned","Q-RIN","40,865,077"
"2/27/2017","2017","2017","D6","Assigned","Unverified","460,192,833"
"2/27/2017","2017","2017","D6","Separated","Q-RIN","210,000"
"2/27/2017","2017","2017","D6","Separated","Unverified","236,018,093"
"3/6/2017","2017","2015","D6","Separated","Q-RIN","61,795"
"3/6/2017","2017","2015","D6","Separated","Unverified","3,489,625"
"3/6/2017","2017","2016","D6","Separated","Q-RIN","688,502"
"3/6/2017","2017","2016","D6","Separated","Unverified","127,027,208"
"3/6/2017","2017","2017","D6","Assigned","Q-RIN","38,409,111"
"3/6/2017","2017","2017","D6","Assigned","Unverified","460,380,870"
"3/6/2017","2017","2017","D6","Separated","Unverified","204,445,266"
"3/13/2017","2017","2015","D6","Separated","Q-RIN","61,795"
"3/13/2017","2017","2015","D6","Separated","Unverified","620,502"
"3/13/2017","2017","2016","D6","Separated","Q-RIN","7,801"
"3/13/2017","2017","2016","D6","Separated","Unverified","134,908,258"
"3/13/2017","2017","2017","D6","Assigned","Q-RIN","47,220,916"
"3/13/2017","2017","2017","D6","Assigned","Unverified","457,315,309"
"3/13/2017","2017","2017","D6","Separated","Q-RIN","7,850"
"3/13/2017","2017","2017","D6","Separated","Unverified","327,745,018"
"3/20/2017","2017","2015","D6","Assigned","Q-RIN","725,110"
"3/20/2017","2017","2015","D6","Assigned","Unverified","15,053,730"
"3/20/2017","2017","2015","D6","Separated","Q-RIN","772,724"
"3/20/2017","2017","2015","D6","Separated","Unverified","19,843,626"
"3/20/2017","2017","2016","D6","Assigned","Q-RIN","175"
"3/20/2017","2017","2016","D6","Separated","Q-RIN","4,425,000"
"3/20/2017","2017","2016","D6","Separated","Unverified","86,244,165"
"3/20/2017","2017","2017","D6","Assigned","Q-RIN","40,889,839"
"3/20/2017","2017","2017","D6","Assigned","Unverified","462,510,580"
"3/20/2017","2017","2017","D6","Separated","Q-RIN","8,064,025"
"3/20/2017","2017","2017","D6","Separated","Unverified","375,684,422"
"3/27/2017","2017","2015","D6","Assigned","Q-RIN","109"
"3/27/2017","2017","2015","D6","Assigned","Unverified","471,053"
"3/27/2017","2017","2015","D6","Separated","Q-RIN","139,219"
"3/27/2017","2017","2015","D6","Separated","Unverified","19,789,046"
"3/27/2017","2017","2016","D6","Assigned","Q-RIN","234,520"
"3/27/2017","2017","2016","D6","Assigned","Unverified","589,443"
"3/27/2017","2017","2016","D6","Separated","Q-RIN","1,246,537"
"3/27/2017","2017","2016","D6","Separated","Unverified","683,563,801"
"3/27/2017","2017","2017","D6","Assigned","Q-RIN","47,148,187"
"3/27/2017","2017","2017","D6","Assigned","Unverified","452,084,166"
"3/27/2017","2017","2017","D6","Separated","Q-RIN","11,231"
"3/27/2017","2017","2017","D6","Separated","Unverified","368,979,162"
"4/3/2017","2017","2016","D6","Assigned","Unverified","1,370,842"
"4/3/2017","2017","2016","D6","Separated","Q-RIN","627,135"
"4/3/2017","2017","2016","D6","Separated","Unverified","24,950,020"
"4/3/2017","2017","2017","D6","Assigned","Q-RIN","43,943,317"
"4/3/2017","2017","2017","D6","Assigned","Unverified","435,357,822"
"4/3/2017","2017","2017","D6","Separated","Q-RIN","351,017"
"4/3/2017","2017","2017","D6","Separated","Unverified","214,484,028"
"4/10/2017","2017","2015","D6","Separated","Unverified","1,001"
"4/10/2017","2017","2016","D6","Separated","Unverified","3,936,633"
"4/10/2017","2017","2017","D6","Assigned","Q-RIN","36,590,138"
"4/10/2017","2017","2017","D6","Assigned","Unverified","453,552,518"
"4/10/2017","2017","2017","D6","Separated","Q-RIN","50,173"
"4/10/2017","2017","2017","D6","Separated","Unverified","246,478,505"
"4/17/2017","2017","2015","D6","Separated","Unverified","7,393"
"4/17/2017","2017","2016","D6","Assigned","Unverified","8,086"
"4/17/2017","2017","2016","D6","Separated","Unverified","40,049,684"
"4/17/2017","2017","2017","D6","Assigned","Q-RIN","41,102,917"
"4/17/2017","2017","2017","D6","Assigned","Unverified","477,372,472"
"4/17/2017","2017","2017","D6","Separated","Q-RIN","17,023"
"4/17/2017","2017","2017","D6","Separated","Unverified","258,278,980"
"4/24/2017","2017","2016","D6","Assigned","Unverified","660"
"4/24/2017","2017","2016","D6","Separated","Q-RIN","26,320"
"4/24/2017","2017","2016","D6","Separated","Unverified","48,683,869"
"4/24/2017","2017","2017","D6","Assigned","Q-RIN","47,876,661"
"4/24/2017","2017","2017","D6","Assigned","Unverified","474,749,810"
"4/24/2017","2017","2017","D6","Separated","Q-RIN","3,692,670"
"4/24/2017","2017","2017","D6","Separated","Unverified","335,729,136"
"5/1/2017","2017","2016","D6","Separated","Unverified","13,432,516"
"5/1/2017","2017","2017","D6","Assigned","Q-RIN","33,813,754"
"5/1/2017","2017","2017","D6","Assigned","Unverified","451,807,811"
"5/1/2017","2017","2017","D6","Separated","Q-RIN","195,635"
"5/1/2017","2017","2017","D6","Separated","Unverified","185,741,765"
"5/8/2017","2017","2016","D6","Separated","Unverified","15,428,363"
"5/8/2017","2017","2017","D6","Assigned","Q-RIN","43,840,697"
"5/8/2017","2017","2017","D6","Assigned","Unverified","438,364,468"
"5/8/2017","2017","2017","D6","Separated","Q-RIN","1,119,886"
"5/8/2017","2017","2017","D6","Separated","Unverified","265,642,565"
"5/15/2017","2017","2016","D6","Separated","Unverified","30,654,547"
"5/15/2017","2017","2017","D6","Assigned","Q-RIN","34,618,788"
"5/15/2017","2017","2017","D6","Assigned","Unverified","462,153,781"
"5/15/2017","2017","2017","D6","Separated","Q-RIN","5,500,000"
"5/15/2017","2017","2017","D6","Separated","Unverified","251,693,867"
"5/22/2017","2017","2016","D6","Separated","Q-RIN","32,000"
"5/22/2017","2017","2016","D6","Separated","Unverified","26,496,953"
"5/22/2017","2017","2017","D6","Assigned","Q-RIN","41,154,998"
"5/22/2017","2017","2017","D6","Assigned","Unverified","444,151,054"
"5/22/2017","2017","2017","D6","Separated","Q-RIN","62,425"
"5/22/2017","2017","2017","D6","Separated","Unverified","253,199,649"
"5/29/2017","2017","2016","D6","Assigned","Unverified","60,114"
"5/29/2017","2017","2016","D6","Separated","Unverified","17,521,576"
"5/29/2017","2017","2017","D6","Assigned","Q-RIN","43,919,630"
"5/29/2017","2017","2017","D6","Assigned","Unverified","432,260,470"
"5/29/2017","2017","2017","D6","Separated","Q-RIN","630,000"
"5/29/2017","2017","2017","D6","Separated","Unverified","326,269,890"
"6/5/2017","2017","2016","D6","Assigned","Unverified","53,626"
"6/5/2017","2017","2016","D6","Separated","Q-RIN","493,767"
"6/5/2017","2017","2016","D6","Separated","Unverified","18,788,392"
"6/5/2017","2017","2017","D6","Assigned","Q-RIN","39,026,596"
"6/5/2017","2017","2017","D6","Assigned","Unverified","413,048,111"
"6/5/2017","2017","2017","D6","Separated","Unverified","424,666,474"
"6/12/2017","2017","2016","D6","Assigned","Q-RIN","7,980"
"6/12/2017","2017","2016","D6","Separated","Unverified","53,024,607"
"6/12/2017","2017","2017","D6","Assigned","Q-RIN","43,312,521"
"6/12/2017","2017","2017","D6","Assigned","Unverified","447,903,574"
"6/12/2017","2017","2017","D6","Separated","Q-RIN","5,257,996"
"6/12/2017","2017","2017","D6","Separated","Unverified","399,754,929"
"6/19/2017","2017","2016","D6","Separated","Unverified","8,832,551"
"6/19/2017","2017","2017","D6","Assigned","Q-RIN","40,870,816"
"6/19/2017","2017","2017","D6","Assigned","Unverified","446,962,125"
"6/19/2017","2017","2017","D6","Separated","Q-RIN","1,200,000"
"6/19/2017","2017","2017","D6","Separated","Unverified","536,509,141"
"6/26/2017","2017","2016","D6","Separated","Unverified","10,380,758"
"6/26/2017","2017","2017","D6","Assigned","Q-RIN","37,540,393"
"6/26/2017","2017","2017","D6","Assigned","Unverified","461,021,091"
"6/26/2017","2017","2017","D6","Separated","Q-RIN","371,823"
"6/26/2017","2017","2017","D6","Separated","Unverified","575,457,033"
"7/3/2017","2017","2016","D6","Separated","Unverified","3,907,887"
"7/3/2017","2017","2017","D6","Assigned","Q-RIN","39,302,699"
"7/3/2017","2017","2017","D6","Assigned","Unverified","411,891,263"
"7/3/2017","2017","2017","D6","Separated","Q-RIN","578,800"
"7/3/2017","2017","2017","D6","Separated","Unverified","267,928,722"
"7/10/2017","2017","2016","D6","Separated","Q-RIN","26,088"
"7/10/2017","2017","2016","D6","Separated","Unverified","18,388,125"
"7/10/2017","2017","2017","D6","Assigned","Q-RIN","39,477,553"
"7/10/2017","2017","2017","D6","Assigned","Unverified","466,291,531"
"7/10/2017","2017","2017","D6","Separated","Q-RIN","208,599"
"7/10/2017","2017","2017","D6","Separated","Unverified","327,473,295"
"7/17/2017","2017","2016","D6","Separated","Unverified","21,532,232"
"7/17/2017","2017","2017","D6","Assigned","Q-RIN","42,768,907"
"7/17/2017","2017","2017","D6","Assigned","Unverified","462,313,550"
"7/17/2017","2017","2017","D6","Separated","Q-RIN","5,234,627"
"7/17/2017","2017","2017","D6","Separated","Unverified","435,714,669"
"7/24/2017","2017","2016","D6","Separated","Q-RIN","197,842"
"7/24/2017","2017","2016","D6","Separated","Unverified","39,403,832"
"7/24/2017","2017","2017","D6","Assigned","Q-RIN","35,833,112"
"7/24/2017","2017","2017","D6","Assigned","Unverified","464,980,906"
"7/24/2017","2017","2017","D6","Separated","Q-RIN","2,000,000"
"7/24/2017","2017","2017","D6","Separated","Unverified","287,881,622"
"7/31/2017","2017","2016","D6","Assigned","Unverified","15,776"
"7/31/2017","2017","2016","D6","Separated","Unverified","10,321,895"
"7/31/2017","2017","2017","D6","Assigned","Q-RIN","43,948,464"
"7/31/2017","2017","2017","D6","Assigned","Unverified","448,977,604"
"7/31/2017","2017","2017","D6","Separated","Q-RIN","786,491"
"7/31/2017","2017","2017","D6","Separated","Unverified","273,118,689"
"8/7/2017","2017","2016","D6","Separated","Unverified","2,516,818"
"8/7/2017","2017","2017","D6","Assigned","Q-RIN","38,010,139"
"8/7/2017","2017","2017","D6","Assigned","Unverified","446,245,625"
"8/7/2017","2017","2017","D6","Separated","Q-RIN","211,895"
"8/7/2017","2017","2017","D6","Separated","Unverified","325,046,032"
"8/14/2017","2017","2016","D6","Separated","Unverified","10,473,406"
"8/14/2017","2017","2017","D6","Assigned","Q-RIN","38,604,364"
"8/14/2017","2017","2017","D6","Assigned","Unverified","471,806,923"
"8/14/2017","2017","2017","D6","Separated","Q-RIN","6,124,112"
"8/14/2017","2017","2017","D6","Separated","Unverified","430,949,558"
"8/21/2017","2017","2016","D6","Assigned","Unverified","137,259"
"8/21/2017","2017","2016","D6","Separated","Q-RIN","600,000"
"8/21/2017","2017","2016","D6","Separated","Unverified","4,350,000"
"8/21/2017","2017","2017","D6","Assigned","Q-RIN","40,671,682"
"8/21/2017","2017","2017","D6","Assigned","Unverified","450,212,774"
"8/21/2017","2017","2017","D6","Separated","Q-RIN","3,081,663"
"8/21/2017","2017","2017","D6","Separated","Unverified","466,827,068"
"8/28/2017","2017","2016","D6","Assigned","Unverified","34,050"
"8/28/2017","2017","2016","D6","Separated","Unverified","183,112"
"8/28/2017","2017","2017","D6","Assigned","Q-RIN","38,030,658"
"8/28/2017","2017","2017","D6","Assigned","Unverified","448,795,778"
"8/28/2017","2017","2017","D6","Separated","Q-RIN","4,015,767"
"8/28/2017","2017","2017","D6","Separated","Unverified","346,571,205"
"9/4/2017","2017","2016","D6","Separated","Unverified","3,223,348"
"9/4/2017","2017","2017","D6","Assigned","Q-RIN","39,651,501"
"9/4/2017","2017","2017","D6","Assigned","Unverified","444,157,900"
"9/4/2017","2017","2017","D6","Separated","Q-RIN","80,511"
"9/4/2017","2017","2017","D6","Separated","Unverified","332,943,646"
"9/11/2017","2017","2016","D6","Separated","Unverified","4,134,634"
"9/11/2017","2017","2017","D6","Assigned","Q-RIN","37,748,084"
"9/11/2017","2017","2017","D6","Assigned","Unverified","458,454,850"
"9/11/2017","2017","2017","D6","Separated","Q-RIN","8,316"
"9/11/2017","2017","2017","D6","Separated","Unverified","440,316,499"
"9/18/2017","2017","2016","D6","Separated","Unverified","5,722,038"
"9/18/2017","2017","2017","D6","Assigned","Q-RIN","41,550,265"
"9/18/2017","2017","2017","D6","Assigned","Unverified","475,885,397"
"9/18/2017","2017","2017","D6","Separated","Unverified","469,084,950"
"9/25/2017","2017","2016","D6","Separated","Unverified","2,342,771"
"9/25/2017","2017","2017","D6","Assigned","Q-RIN","38,801,730"
"9/25/2017","2017","2017","D6","Assigned","Unverified","474,994,274"
"9/25/2017","2017","2017","D6","Separated","Q-RIN","103,381"
"9/25/2017","2017","2017","D6","Separated","Unverified","448,574,504"
"10/2/2017","2017","2016","D6","Assigned","Unverified","135,252"
"10/2/2017","2017","2016","D6","Separated","Unverified","2,523,281"
"10/2/2017","2017","2017","D6","Assigned","Q-RIN","35,731,367"
"10/2/2017","2017","2017","D6","Assigned","Unverified","403,141,824"
"10/2/2017","2017","2017","D6","Separated","Q-RIN","52,808"
"10/2/2017","2017","2017","D6","Separated","Unverified","314,054,183"
"10/9/2017","2017","2016","D6","Assigned","Q-RIN","584"
"10/9/2017","2017","2016","D6","Assigned","Unverified","66,349"
"10/9/2017","2017","2016","D6","Separated","Unverified","201,601"
"10/9/2017","2017","2017","D6","Assigned","Q-RIN","34,180,465"
"10/9/2017","2017","2017","D6","Assigned","Unverified","413,859,170"
"10/9/2017","2017","2017","D6","Separated","Q-RIN","7,608,600"
"10/9/2017","2017","2017","D6","Separated","Unverified","380,948,457"
"10/16/2017","2017","2016","D6","Separated","Unverified","1,269,053"
"10/16/2017","2017","2017","D6","Assigned","Q-RIN","40,770,053"
"10/16/2017","2017","2017","D6","Assigned","Unverified","455,557,152"
"10/16/2017","2017","2017","D6","Separated","Q-RIN","2,630,162"
"10/16/2017","2017","2017","D6","Separated","Unverified","574,531,203"
"10/23/2017","2017","2016","D6","Separated","Unverified","7,009,140"
"10/23/2017","2017","2017","D6","Assigned","Q-RIN","39,414,898"
"10/23/2017","2017","2017","D6","Assigned","Unverified","444,781,089"
"10/23/2017","2017","2017","D6","Separated","Unverified","425,992,586"
"10/30/2017","2017","2016","D6","Separated","Unverified","8,766,367"
"10/30/2017","2017","2017","D6","Assigned","Q-RIN","39,754,364"
"10/30/2017","2017","2017","D6","Assigned","Unverified","494,365,019"
"10/30/2017","2017","2017","D6","Separated","Q-RIN","72,095"
"10/30/2017","2017","2017","D6","Separated","Unverified","309,718,183"
"11/6/2017","2017","2016","D6","Separated","Unverified","2,750,063"
"11/6/2017","2017","2017","D6","Assigned","Q-RIN","39,121,896"
"11/6/2017","2017","2017","D6","Assigned","Unverified","448,015,052"
"11/6/2017","2017","2017","D6","Separated","Unverified","305,970,054"
"11/13/2017","2017","2016","D6","Separated","Unverified","18,932,734"
"11/13/2017","2017","2017","D6","Assigned","Q-RIN","35,448,361"
"11/13/2017","2017","2017","D6","Assigned","Unverified","487,146,923"
"11/13/2017","2017","2017","D6","Separated","Q-RIN","9,091"
"11/13/2017","2017","2017","D6","Separated","Unverified","553,121,443"
"11/20/2017","2017","2016","D6","Separated","Unverified","900,000"
"11/20/2017","2017","2017","D6","Assigned","Q-RIN","37,565,529"
"11/20/2017","2017","2017","D6","Assigned","Unverified","408,585,089"
"11/20/2017","2017","2017","D6","Separated","Q-RIN","9,181,905"
"11/20/2017","2017","2017","D6","Separated","Unverified","241,505,573"
"11/27/2017","2017","2016","D6","Separated","Unverified","50,351,918"
"11/27/2017","2017","2017","D6","Assigned","Q-RIN","35,512,621"
"11/27/2017","2017","2017","D6","Assigned","Unverified","511,694,380"
"11/27/2017","2017","2017","D6","Separated","Unverified","507,325,049"
"12/4/2017","2017","2016","D6","Separated","Q-RIN","1,230,401"
"12/4/2017","2017","2016","D6","Separated","Unverified","27,690,907"
"12/4/2017","2017","2017","D6","Assigned","Q-RIN","32,368,488"
"12/4/2017","2017","2017","D6","Assigned","Unverified","462,910,858"
"12/4/2017","2017","2017","D6","Separated","Q-RIN","10,999,975"
"12/4/2017","2017","2017","D6","Separated","Unverified","552,380,224"
"12/11/2017","2017","2016","D6","Separated","Q-RIN","191,612"
"12/11/2017","2017","2016","D6","Separated","Unverified","46,878,902"
"12/11/2017","2017","2017","D6","Assigned","Q-RIN","39,040,429"
"12/11/2017","2017","2017","D6","Assigned","Unverified","465,096,785"
"12/11/2017","2017","2017","D6","Separated","Q-RIN","11,348,574"
"12/11/2017","2017","2017","D6","Separated","Unverified","895,653,564"
"12/18/2017","2017","2016","D6","Separated","Q-RIN","56,872"
"12/18/2017","2017","2016","D6","Separated","Unverified","46,110,429"
"12/18/2017","2017","2017","D6","Assigned","Q-RIN","33,456,326"
"12/18/2017","2017","2017","D6","Assigned","Unverified","477,038,622"
"12/18/2017","2017","2017","D6","Separated","Q-RIN","450,000"
"12/18/2017","2017","2017","D6","Separated","Unverified","585,140,535"
"12/25/2017","2017","2016","D6","Separated","Q-RIN","1,348,436"
"12/25/2017","2017","2016","D6","Separated","Unverified","16,681,902"
"12/25/2017","2017","2017","D6","Assigned","Q-RIN","34,559,822"
"12/25/2017","2017","2017","D6","Assigned","Unverified","470,618,354"
"12/25/2017","2017","2017","D6","Separated","Q-RIN","3,364,326"
"12/25/2017","2017","2017","D6","Separated","Unverified","649,990,318"
"1/1/2018","2018","2016","D6","Separated","Unverified","1,883,176"
"1/1/2018","2018","2017","D6","Assigned","Q-RIN","2,896,695"
"1/1/2018","2018","2017","D6","Assigned","Unverified","134,451,151"
"1/1/2018","2018","2017","D6","Separated","Q-RIN","787,919"
"1/1/2018","2018","2017","D6","Separated","Unverified","240,916,832"
"1/1/2018","2018","2018","D6","Assigned","Q-RIN","25,450,727"
"1/1/2018","2018","2018","D6","Assigned","Unverified","230,930,927"
"1/1/2018","2018","2018","D6","Separated","Unverified","16,569,478"
"1/8/2018","2018","2016","D6","Separated","Q-RIN","191,612"
"1/8/2018","2018","2016","D6","Separated","Unverified","23,151,543"
"1/8/2018","2018","2017","D6","Assigned","Q-RIN","1,095,890"
"1/8/2018","2018","2017","D6","Assigned","Unverified","84,426,201"
"1/8/2018","2018","2017","D6","Separated","Q-RIN","317,264"
"1/8/2018","2018","2017","D6","Separated","Unverified","232,788,146"
"1/8/2018","2018","2018","D6","Assigned","Q-RIN","37,149,126"
"1/8/2018","2018","2018","D6","Assigned","Unverified","343,173,815"
"1/8/2018","2018","2018","D6","Separated","Unverified","55,007,933"
"1/15/2018","2018","2016","D6","Separated","Q-RIN","279,246"
"1/15/2018","2018","2016","D6","Separated","Unverified","5,755,233"
"1/15/2018","2018","2017","D6","Assigned","Q-RIN","16,635"
"1/15/2018","2018","2017","D6","Assigned","Unverified","46,742,824"
"1/15/2018","2018","2017","D6","Separated","Q-RIN","4,598,074"
"1/15/2018","2018","2017","D6","Separated","Unverified","390,550,728"
"1/15/2018","2018","2018","D6","Assigned","Q-RIN","32,846,497"
"1/15/2018","2018","2018","D6","Assigned","Unverified","379,922,760"
"1/15/2018","2018","2018","D6","Separated","Unverified","67,380,816"
"1/22/2018","2018","2016","D6","Assigned","Unverified","8,211"
"1/22/2018","2018","2016","D6","Separated","Q-RIN","7,801"
"1/22/2018","2018","2016","D6","Separated","Unverified","30,430,541"
"1/22/2018","2018","2017","D6","Assigned","Q-RIN","15,807"
"1/22/2018","2018","2017","D6","Assigned","Unverified","15,943,218"
"1/22/2018","2018","2017","D6","Separated","Q-RIN","203,805"
"1/22/2018","2018","2017","D6","Separated","Unverified","276,465,140"
"1/22/2018","2018","2018","D6","Assigned","Q-RIN","44,133,530"
"1/22/2018","2018","2018","D6","Assigned","Unverified","371,141,454"
"1/22/2018","2018","2018","D6","Separated","Unverified","68,404,384"
"1/29/2018","2018","2016","D6","Assigned","Q-RIN","9,871"
"1/29/2018","2018","2016","D6","Assigned","Unverified","14,729"
"1/29/2018","2018","2016","D6","Separated","Q-RIN","7,360"
"1/29/2018","2018","2016","D6","Separated","Unverified","17,956,109"
"1/29/2018","2018","2017","D6","Assigned","Q-RIN","132,209"
"1/29/2018","2018","2017","D6","Assigned","Unverified","6,442,360"
"1/29/2018","2018","2017","D6","Separated","Q-RIN","548,457"
"1/29/2018","2018","2017","D6","Separated","Unverified","373,074,811"
"1/29/2018","2018","2018","D6","Assigned","Q-RIN","35,281,909"
"1/29/2018","2018","2018","D6","Assigned","Unverified","445,352,943"
"1/29/2018","2018","2018","D6","Separated","Unverified","91,976,437"
"2/5/2018","2018","2016","D6","Separated","Unverified","28,042,461"
"2/5/2018","2018","2017","D6","Assigned","Q-RIN","116"
"2/5/2018","2018","2017","D6","Assigned","Unverified","577,259"
"2/5/2018","2018","2017","D6","Separated","Q-RIN","7,571,802"
"2/5/2018","2018","2017","D6","Separated","Unverified","146,933,202"
"2/5/2018","2018","2018","D6","Assigned","Q-RIN","38,273,911"
"2/5/2018","2018","2018","D6","Assigned","Unverified","428,547,145"
"2/5/2018","2018","2018","D6","Separated","Q-RIN","41,269"
"2/5/2018","2018","2018","D6","Separated","Unverified","135,501,142"
"2/12/2018","2018","2016","D6","Assigned","Q-RIN","9,871"
"2/12/2018","2018","2016","D6","Assigned","Unverified","14,729"
"2/12/2018","2018","2016","D6","Separated","Unverified","38,288,196"
"2/12/2018","2018","2017","D6","Assigned","Unverified","112,939"
"2/12/2018","2018","2017","D6","Separated","Unverified","133,881,939"
"2/12/2018","2018","2018","D6","Assigned","Q-RIN","28,951,844"
"2/12/2018","2018","2018","D6","Assigned","Unverified","485,119,625"
"2/12/2018","2018","2018","D6","Separated","Q-RIN","24,600"
"2/12/2018","2018","2018","D6","Separated","Unverified","199,166,057"
"2/19/2018","2018","2016","D6","Separated","Q-RIN","5,608"
"2/19/2018","2018","2016","D6","Separated","Unverified","25,024,842"
"2/19/2018","2018","2017","D6","Assigned","Unverified","57,530"
"2/19/2018","2018","2017","D6","Separated","Q-RIN","267,034"
"2/19/2018","2018","2017","D6","Separated","Unverified","140,512,852"
"2/19/2018","2018","2018","D6","Assigned","Q-RIN","33,576,113"
"2/19/2018","2018","2018","D6","Assigned","Unverified","431,827,268"
"2/19/2018","2018","2018","D6","Separated","Unverified","186,565,967"
"2/26/2018","2018","2016","D6","Separated","Unverified","8,673,438"
"2/26/2018","2018","2017","D6","Assigned","Q-RIN","1,211"
"2/26/2018","2018","2017","D6","Assigned","Unverified","51,290"
"2/26/2018","2018","2017","D6","Separated","Q-RIN","1,000,500"
"2/26/2018","2018","2017","D6","Separated","Unverified","124,146,981"
"2/26/2018","2018","2018","D6","Assigned","Q-RIN","32,410,364"
"2/26/2018","2018","2018","D6","Assigned","Unverified","475,545,731"
"2/26/2018","2018","2018","D6","Separated","Q-RIN","23,191"
"2/26/2018","2018","2018","D6","Separated","Unverified","220,384,438"
"3/5/2018","2018","2016","D6","Assigned","Unverified","16,997"
"3/5/2018","2018","2016","D6","Separated","Unverified","1,271,192"
"3/5/2018","2018","2017","D6","Assigned","Unverified","94,832"
"3/5/2018","2018","2017","D6","Separated","Q-RIN","2,304"
"3/5/2018","2018","2017","D6","Separated","Unverified","114,172,357"
"3/5/2018","2018","2018","D6","Assigned","Q-RIN","42,655,573"
"3/5/2018","2018","2018","D6","Assigned","Unverified","440,954,240"
"3/5/2018","2018","2018","D6","Separated","Q-RIN","1,044,921"
"3/5/2018","2018","2018","D6","Separated","Unverified","232,460,852"
"3/12/2018","2018","2016","D6","Separated","Unverified","17,812,925"
"3/12/2018","2018","2017","D6","Assigned","Unverified","1"
"3/12/2018","2018","2017","D6","Separated","Q-RIN","675,192"
"3/12/2018","2018","2017","D6","Separated","Unverified","116,038,857"
"3/12/2018","2018","2018","D6","Assigned","Q-RIN","40,601,870"
"3/12/2018","2018","2018","D6","Assigned","Unverified","477,060,995"
"3/12/2018","2018","2018","D6","Separated","Unverified","314,415,614"
"3/19/2018","2018","2016","D6","Assigned","Q-RIN","1,929"
"3/19/2018","2018","2016","D6","Assigned","Unverified","5,845"
"3/19/2018","2018","2016","D6","Separated","Unverified","107,907,762"
"3/19/2018","2018","2017","D6","Assigned","Unverified","23,535"
"3/19/2018","2018","2017","D6","Separated","Q-RIN","476,227"
"3/19/2018","2018","2017","D6","Separated","Unverified","112,704,045"
"3/19/2018","2018","2018","D6","Assigned","Q-RIN","36,611,963"
"3/19/2018","2018","2018","D6","Assigned","Unverified","450,004,746"
"3/19/2018","2018","2018","D6","Separated","Unverified","307,299,148"
"3/26/2018","2018","2016","D6","Assigned","Unverified","17,733"
"3/26/2018","2018","2016","D6","Separated","Q-RIN","42,919"
"3/26/2018","2018","2016","D6","Separated","Unverified","178,377,162"
"3/26/2018","2018","2017","D6","Assigned","Unverified","7,991"
"3/26/2018","2018","2017","D6","Separated","Q-RIN","1,119,638"
"3/26/2018","2018","2017","D6","Separated","Unverified","705,687,587"
"3/26/2018","2018","2018","D6","Assigned","Q-RIN","36,986,739"
"3/26/2018","2018","2018","D6","Assigned","Unverified","480,924,589"
"3/26/2018","2018","2018","D6","Separated","Q-RIN","8,280"
"3/26/2018","2018","2018","D6","Separated","Unverified","410,959,638"
"4/2/2018","2018","2017","D6","Separated","Q-RIN","1,036,468"
"4/2/2018","2018","2017","D6","Separated","Unverified","17,675,148"
"4/2/2018","2018","2018","D6","Assigned","Q-RIN","31,358,788"
"4/2/2018","2018","2018","D6","Assigned","Unverified","462,866,853"
"4/2/2018","2018","2018","D6","Separated","Q-RIN","692,276"
"4/2/2018","2018","2018","D6","Separated","Unverified","223,067,914"
"4/9/2018","2018","2017","D6","Separated","Q-RIN","418,603"
"4/9/2018","2018","2017","D6","Separated","Unverified","62,069,184"
"4/9/2018","2018","2018","D6","Assigned","Q-RIN","32,768,965"
"4/9/2018","2018","2018","D6","Assigned","Unverified","447,485,349"
"4/9/2018","2018","2018","D6","Separated","Q-RIN","274,834"
"4/9/2018","2018","2018","D6","Separated","Unverified","221,188,865"
"4/16/2018","2018","2017","D6","Assigned","Unverified","32,094"
"4/16/2018","2018","2017","D6","Separated","Q-RIN","2,000,000"
"4/16/2018","2018","2017","D6","Separated","Unverified","45,873,793"
"4/16/2018","2018","2018","D6","Assigned","Q-RIN","30,614,080"
"4/16/2018","2018","2018","D6","Assigned","Unverified","453,389,083"
"4/16/2018","2018","2018","D6","Separated","Q-RIN","33,097"
"4/16/2018","2018","2018","D6","Separated","Unverified","289,578,769"
"4/23/2018","2018","2016","D6","Assigned","Unverified","341,981"
"4/23/2018","2018","2017","D6","Separated","Q-RIN","1,397"
"4/23/2018","2018","2017","D6","Separated","Unverified","99,096,388"
"4/23/2018","2018","2018","D6","Assigned","Q-RIN","32,599,195"
"4/23/2018","2018","2018","D6","Assigned","Unverified","457,645,106"
"4/23/2018","2018","2018","D6","Separated","Q-RIN","156,891"
"4/23/2018","2018","2018","D6","Separated","Unverified","315,942,138"
"4/30/2018","2018","2017","D6","Separated","Q-RIN","17,203"
"4/30/2018","2018","2017","D6","Separated","Unverified","44,819,659"
"4/30/2018","2018","2018","D6","Assigned","Q-RIN","31,660,933"
"4/30/2018","2018","2018","D6","Assigned","Unverified","494,189,211"
"4/30/2018","2018","2018","D6","Separated","Q-RIN","35,132"
"4/30/2018","2018","2018","D6","Separated","Unverified","288,038,424"
"5/7/2018","2018","2017","D6","Separated","Q-RIN","11,788"
"5/7/2018","2018","2017","D6","Separated","Unverified","95,988,462"
"5/7/2018","2018","2018","D6","Assigned","Q-RIN","32,355,558"
"5/7/2018","2018","2018","D6","Assigned","Unverified","465,769,476"
"5/7/2018","2018","2018","D6","Separated","Q-RIN","34,905"
"5/7/2018","2018","2018","D6","Separated","Unverified","210,392,629"
"5/14/2018","2018","2017","D6","Separated","Unverified","23,803,206"
"5/14/2018","2018","2018","D6","Assigned","Q-RIN","34,125,577"
"5/14/2018","2018","2018","D6","Assigned","Unverified","445,356,053"
"5/14/2018","2018","2018","D6","Separated","Q-RIN","41,394"
"5/14/2018","2018","2018","D6","Separated","Unverified","332,892,292"
"5/21/2018","2018","2017","D6","Separated","Unverified","104,875,454"
"5/21/2018","2018","2018","D6","Assigned","Q-RIN","34,553,593"
"5/21/2018","2018","2018","D6","Assigned","Unverified","465,485,304"
"5/21/2018","2018","2018","D6","Separated","Unverified","283,904,409"
"5/28/2018","2018","2017","D6","Assigned","Unverified","83"
"5/28/2018","2018","2017","D6","Separated","Q-RIN","1,253,906"
"5/28/2018","2018","2017","D6","Separated","Unverified","113,730,389"
"5/28/2018","2018","2018","D6","Assigned","Q-RIN","33,495,586"
"5/28/2018","2018","2018","D6","Assigned","Unverified","469,586,264"
"5/28/2018","2018","2018","D6","Separated","Q-RIN","1,046,532"
"5/28/2018","2018","2018","D6","Separated","Unverified","317,178,999"
"6/4/2018","2018","2017","D6","Separated","Q-RIN","25"
"6/4/2018","2018","2017","D6","Separated","Unverified","79,730,458"
"6/4/2018","2018","2018","D6","Assigned","Q-RIN","35,446,188"
"6/4/2018","2018","2018","D6","Assigned","Unverified","477,003,497"
"6/4/2018","2018","2018","D6","Separated","Q-RIN","56,418"
"6/4/2018","2018","2018","D6","Separated","Unverified","312,921,246"
"6/11/2018","2018","2017","D6","Separated","Q-RIN","61,902"
"6/11/2018","2018","2017","D6","Separated","Unverified","94,774,917"
"6/11/2018","2018","2018","D6","Assigned","Q-RIN","33,341,814"
"6/11/2018","2018","2018","D6","Assigned","Unverified","464,059,373"
"6/11/2018","2018","2018","D6","Separated","Q-RIN","107,179"
"6/11/2018","2018","2018","D6","Separated","Unverified","488,311,217"
"6/18/2018","2018","2017","D6","Assigned","Unverified","8,047"
"6/18/2018","2018","2017","D6","Separated","Q-RIN","42,976"
"6/18/2018","2018","2017","D6","Separated","Unverified","44,463,976"
"6/18/2018","2018","2018","D6","Assigned","Q-RIN","35,609,075"
"6/18/2018","2018","2018","D6","Assigned","Unverified","490,309,109"
"6/18/2018","2018","2018","D6","Separated","Q-RIN","58,178"
"6/18/2018","2018","2018","D6","Separated","Unverified","432,498,333"
"6/25/2018","2018","2017","D6","Separated","Q-RIN","457,024"
"6/25/2018","2018","2017","D6","Separated","Unverified","89,894,495"
"6/25/2018","2018","2018","D6","Assigned","Q-RIN","38,463,405"
"6/25/2018","2018","2018","D6","Assigned","Unverified","504,672,170"
"6/25/2018","2018","2018","D6","Separated","Q-RIN","195,528"
"6/25/2018","2018","2018","D6","Separated","Unverified","555,497,539"
"7/2/2018","2018","2017","D6","Separated","Q-RIN","42,976"
"7/2/2018","2018","2017","D6","Separated","Unverified","36,485,824"
"7/2/2018","2018","2018","D6","Assigned","Q-RIN","31,405,781"
"7/2/2018","2018","2018","D6","Assigned","Unverified","417,175,206"
"7/2/2018","2018","2018","D6","Separated","Q-RIN","55,829"
"7/2/2018","2018","2018","D6","Separated","Unverified","218,358,621"
"7/9/2018","2018","2017","D6","Separated","Unverified","47,377,451"
"7/9/2018","2018","2018","D6","Assigned","Q-RIN","36,131,817"
"7/9/2018","2018","2018","D6","Assigned","Unverified","478,707,212"
"7/9/2018","2018","2018","D6","Separated","Unverified","354,733,121"
"7/16/2018","2018","2017","D6","Separated","Unverified","59,872,519"
"7/16/2018","2018","2018","D6","Assigned","Q-RIN","36,380,298"
"7/16/2018","2018","2018","D6","Assigned","Unverified","495,738,687"
"7/16/2018","2018","2018","D6","Separated","Q-RIN","8,002"
"7/16/2018","2018","2018","D6","Separated","Unverified","342,499,303"
"7/23/2018","2018","2017","D6","Separated","Unverified","92,039,054"
"7/23/2018","2018","2018","D6","Assigned","Q-RIN","36,278,197"
"7/23/2018","2018","2018","D6","Assigned","Unverified","477,591,688"
"7/23/2018","2018","2018","D6","Separated","Q-RIN","94,039"
"7/23/2018","2018","2018","D6","Separated","Unverified","354,650,757"
"7/30/2018","2018","2017","D6","Separated","Q-RIN","225,899"
"7/30/2018","2018","2017","D6","Separated","Unverified","28,571,659"
"7/30/2018","2018","2018","D6","Assigned","Q-RIN","33,706,276"
"7/30/2018","2018","2018","D6","Assigned","Unverified","498,009,133"
"7/30/2018","2018","2018","D6","Separated","Unverified","283,661,342"
"8/6/2018","2018","2017","D6","Separated","Unverified","13,508,439"
"8/6/2018","2018","2018","D6","Assigned","Q-RIN","34,716,571"
"8/6/2018","2018","2018","D6","Assigned","Unverified","468,472,542"
"8/6/2018","2018","2018","D6","Separated","Q-RIN","126,765"
"8/6/2018","2018","2018","D6","Separated","Unverified","235,968,580"
"8/13/2018","2018","2017","D6","Separated","Unverified","39,053,285"
"8/13/2018","2018","2018","D6","Assigned","Q-RIN","36,535,010"
"8/13/2018","2018","2018","D6","Assigned","Unverified","460,435,327"
"8/13/2018","2018","2018","D6","Separated","Q-RIN","6,170"
"8/13/2018","2018","2018","D6","Separated","Unverified","325,516,482"
"8/20/2018","2018","2017","D6","Separated","Q-RIN","8,017"
"8/20/2018","2018","2017","D6","Separated","Unverified","35,378,850"
"8/20/2018","2018","2018","D6","Assigned","Q-RIN","38,008,818"
"8/20/2018","2018","2018","D6","Assigned","Unverified","485,987,819"
"8/20/2018","2018","2018","D6","Separated","Q-RIN","32,126"
"8/20/2018","2018","2018","D6","Separated","Unverified","235,865,208"
"8/27/2018","2018","2017","D6","Separated","Unverified","14,500,000"
"8/27/2018","2018","2018","D6","Assigned","Q-RIN","36,861,856"
"8/27/2018","2018","2018","D6","Assigned","Unverified","483,676,595"
"8/27/2018","2018","2018","D6","Separated","Q-RIN","500,000"
"8/27/2018","2018","2018","D6","Separated","Unverified","291,169,545"
"9/3/2018","2018","2017","D6","Separated","Q-RIN","123,555"
"9/3/2018","2018","2017","D6","Separated","Unverified","68,549,668"
"9/3/2018","2018","2018","D6","Assigned","Q-RIN","29,896,917"
"9/3/2018","2018","2018","D6","Assigned","Unverified","439,755,718"
"9/3/2018","2018","2018","D6","Separated","Q-RIN","33,717"
"9/3/2018","2018","2018","D6","Separated","Unverified","279,506,420"
"9/10/2018","2018","2017","D6","Separated","Unverified","74,088,001"
"9/10/2018","2018","2018","D6","Assigned","Q-RIN","36,259,809"
"9/10/2018","2018","2018","D6","Assigned","Unverified","467,288,073"
"9/10/2018","2018","2018","D6","Separated","Q-RIN","61,184"
"9/10/2018","2018","2018","D6","Separated","Unverified","464,600,828"
"9/17/2018","2018","2017","D6","Separated","Unverified","113,006,452"
"9/17/2018","2018","2018","D6","Assigned","Q-RIN","33,987,626"
"9/17/2018","2018","2018","D6","Assigned","Unverified","472,723,509"
"9/17/2018","2018","2018","D6","Separated","Q-RIN","44"
"9/17/2018","2018","2018","D6","Separated","Unverified","427,000,470"
"9/24/2018","2018","2017","D6","Separated","Unverified","47,966,374"
"9/24/2018","2018","2018","D6","Assigned","Q-RIN","40,312,375"
"9/24/2018","2018","2018","D6","Assigned","Unverified","493,802,376"
"9/24/2018","2018","2018","D6","Separated","Q-RIN","15,384"
"9/24/2018","2018","2018","D6","Separated","Unverified","483,388,019"
"10/1/2018","2018","2017","D6","Separated","Unverified","44,643,116"
"10/1/2018","2018","2018","D6","Assigned","Q-RIN","30,892,445"
"10/1/2018","2018","2018","D6","Assigned","Unverified","407,575,597"
"10/1/2018","2018","2018","D6","Separated","Q-RIN","257,646"
"10/1/2018","2018","2018","D6","Separated","Unverified","329,791,987"
"10/8/2018","2018","2017","D6","Separated","Unverified","46,771,047"
"10/8/2018","2018","2018","D6","Assigned","Q-RIN","33,233,609"
"10/8/2018","2018","2018","D6","Assigned","Unverified","435,108,929"
"10/8/2018","2018","2018","D6","Separated","Q-RIN","49,824"
"10/8/2018","2018","2018","D6","Separated","Unverified","242,445,365"
"10/15/2018","2018","2017","D6","Separated","Unverified","109,818,270"
"10/15/2018","2018","2018","D6","Assigned","Q-RIN","34,510,375"
"10/15/2018","2018","2018","D6","Assigned","Unverified","417,628,268"
"10/15/2018","2018","2018","D6","Separated","Q-RIN","16,193"
"10/15/2018","2018","2018","D6","Separated","Unverified","362,155,886"
"10/22/2018","2018","2017","D6","Assigned","Unverified","26,903"
"10/22/2018","2018","2017","D6","Separated","Q-RIN","166,734"
"10/22/2018","2018","2017","D6","Separated","Unverified","26,033,840"
"10/22/2018","2018","2018","D6","Assigned","Q-RIN","35,140,865"
"10/22/2018","2018","2018","D6","Assigned","Unverified","442,302,603"
"10/22/2018","2018","2018","D6","Separated","Unverified","455,485,362"
"10/29/2018","2018","2017","D6","Separated","Unverified","2,061,618"
"10/29/2018","2018","2018","D6","Assigned","Q-RIN","32,678,122"
"10/29/2018","2018","2018","D6","Assigned","Unverified","428,615,260"
"10/29/2018","2018","2018","D6","Separated","Q-RIN","83,535"
"10/29/2018","2018","2018","D6","Separated","Unverified","260,099,679"
"11/5/2018","2018","2017","D6","Separated","Unverified","21,736,250"
"11/5/2018","2018","2018","D6","Assigned","Q-RIN","40,961,030"
"11/5/2018","2018","2018","D6","Assigned","Unverified","421,861,879"
"11/5/2018","2018","2018","D6","Separated","Q-RIN","7,580"
"11/5/2018","2018","2018","D6","Separated","Unverified","279,806,869"
"11/12/2018","2018","2017","D6","Separated","Unverified","18,025,010"
"11/12/2018","2018","2018","D6","Assigned","Q-RIN","41,213,553"
"11/12/2018","2018","2018","D6","Assigned","Unverified","419,901,722"
"11/12/2018","2018","2018","D6","Separated","Q-RIN","472,301"
"11/12/2018","2018","2018","D6","Separated","Unverified","574,876,805"
"11/19/2018","2018","2017","D6","Separated","Unverified","1,608,521"
"11/19/2018","2018","2018","D6","Assigned","Q-RIN","34,665,730"
"11/19/2018","2018","2018","D6","Assigned","Unverified","415,769,848"
"11/19/2018","2018","2018","D6","Separated","Q-RIN","31,120"
"11/19/2018","2018","2018","D6","Separated","Unverified","286,077,273"
"11/26/2018","2018","2017","D6","Separated","Unverified","5,387,752"
"11/26/2018","2018","2018","D6","Assigned","Q-RIN","38,050,361"
"11/26/2018","2018","2018","D6","Assigned","Unverified","469,816,519"
"11/26/2018","2018","2018","D6","Separated","Unverified","441,300,955"
"12/3/2018","2018","2017","D6","Separated","Unverified","14,043,220"
"12/3/2018","2018","2018","D6","Assigned","Q-RIN","33,298,072"
"12/3/2018","2018","2018","D6","Assigned","Unverified","446,727,980"
"12/3/2018","2018","2018","D6","Separated","Q-RIN","41,908"
"12/3/2018","2018","2018","D6","Separated","Unverified","419,832,945"
"12/10/2018","2018","2017","D6","Assigned","Unverified","8,401,325"
"12/10/2018","2018","2017","D6","Separated","Unverified","43,375,099"
"12/10/2018","2018","2018","D6","Assigned","Q-RIN","35,858,768"
"12/10/2018","2018","2018","D6","Assigned","Unverified","438,257,910"
"12/10/2018","2018","2018","D6","Separated","Q-RIN","8,487"
"12/10/2018","2018","2018","D6","Separated","Unverified","661,542,773"
"12/17/2018","2018","2017","D6","Assigned","Unverified","9,651"
"12/17/2018","2018","2017","D6","Separated","Unverified","42,150,179"
"12/17/2018","2018","2018","D6","Assigned","Q-RIN","33,798,336"
"12/17/2018","2018","2018","D6","Assigned","Unverified","464,353,866"
"12/17/2018","2018","2018","D6","Separated","Q-RIN","69,156"
"12/17/2018","2018","2018","D6","Separated","Unverified","661,158,325"
"12/24/2018","2018","2017","D6","Separated","Unverified","39,882,932"
"12/24/2018","2018","2018","D6","Assigned","Q-RIN","30,502,754"
"12/24/2018","2018","2018","D6","Assigned","Unverified","382,675,069"
"12/24/2018","2018","2018","D6","Separated","Q-RIN","2,816,474"
"12/24/2018","2018","2018","D6","Separated","Unverified","442,368,100"
"12/31/2018","2018","2017","D6","Separated","Q-RIN","597,155"
"12/31/2018","2018","2017","D6","Separated","Unverified","92,923,243"
"12/31/2018","2018","2018","D6","Assigned","Q-RIN","9,578,934"
"12/31/2018","2018","2018","D6","Assigned","Unverified","110,207,160"
"12/31/2018","2018","2018","D6","Separated","Q-RIN","4,124,093"
"12/31/2018","2018","2018","D6","Separated","Unverified","470,145,888"
"12/31/2018","2019","2017","D6","Separated","Unverified","11,461,151"
"12/31/2018","2019","2018","D6","Assigned","Q-RIN","343,743"
"12/31/2018","2019","2018","D6","Assigned","Unverified","128,014,516"
"12/31/2018","2019","2018","D6","Separated","Unverified","418,987,882"
"12/31/2018","2019","2019","D6","Assigned","Q-RIN","23,001,673"
"12/31/2018","2019","2019","D6","Assigned","Unverified","158,622,906"
"12/31/2018","2019","2019","D6","Separated","Unverified","548,886"
"1/7/2019","2019","2017","D6","Assigned","Unverified","9,651"
"1/7/2019","2019","2017","D6","Separated","Unverified","2,832,524"
"1/7/2019","2019","2018","D6","Assigned","Q-RIN","453,073"
"1/7/2019","2019","2018","D6","Assigned","Unverified","90,538,985"
"1/7/2019","2019","2018","D6","Separated","Q-RIN","778,970"
"1/7/2019","2019","2018","D6","Separated","Unverified","533,530,267"
"1/7/2019","2019","2019","D6","Assigned","Q-RIN","31,300,669"
"1/7/2019","2019","2019","D6","Assigned","Unverified","284,453,947"
"1/7/2019","2019","2019","D6","Separated","Unverified","2,388,475"
"1/14/2019","2019","2017","D6","Assigned","Unverified","10"
"1/14/2019","2019","2017","D6","Separated","Unverified","5,233,229"
"1/14/2019","2019","2018","D6","Assigned","Q-RIN","111,348"
"1/14/2019","2019","2018","D6","Assigned","Unverified","43,684,741"
"1/14/2019","2019","2018","D6","Separated","Q-RIN","202,612"
"1/14/2019","2019","2018","D6","Separated","Unverified","456,357,999"
"1/14/2019","2019","2019","D6","Assigned","Q-RIN","36,300,711"
"1/14/2019","2019","2019","D6","Assigned","Unverified","318,063,637"
"1/14/2019","2019","2019","D6","Separated","Unverified","40,734,619"
"1/21/2019","2019","2017","D6","Separated","Q-RIN","2,284,151"
"1/21/2019","2019","2017","D6","Separated","Unverified","15,734,131"
"1/21/2019","2019","2018","D6","Assigned","Q-RIN","54,923"
"1/21/2019","2019","2018","D6","Assigned","Unverified","21,658,158"
"1/21/2019","2019","2018","D6","Separated","Q-RIN","160,316"
"1/21/2019","2019","2018","D6","Separated","Unverified","323,095,063"
"1/21/2019","2019","2019","D6","Assigned","Q-RIN","30,488,220"
"1/21/2019","2019","2019","D6","Assigned","Unverified","327,768,910"
"1/21/2019","2019","2019","D6","Separated","Unverified","50,275,973"
"1/28/2019","2019","2017","D6","Separated","Unverified","2,685,525"
"1/28/2019","2019","2018","D6","Assigned","Q-RIN","16,021"
"1/28/2019","2019","2018","D6","Assigned","Unverified","10,441,949"
"1/28/2019","2019","2018","D6","Separated","Q-RIN","1,063,029"
"1/28/2019","2019","2018","D6","Separated","Unverified","266,508,435"
"1/28/2019","2019","2019","D6","Assigned","Q-RIN","31,086,280"
"1/28/2019","2019","2019","D6","Assigned","Unverified","335,882,200"
"1/28/2019","2019","2019","D6","Separated","Unverified","83,104,397"
"2/4/2019","2019","2017","D6","Assigned","Unverified","7"
"2/4/2019","2019","2017","D6","Separated","Unverified","10,500,000"
"2/4/2019","2019","2018","D6","Assigned","Unverified","413,089"
"2/4/2019","2019","2018","D6","Separated","Q-RIN","15,914"
"2/4/2019","2019","2018","D6","Separated","Unverified","131,281,458"
"2/4/2019","2019","2019","D6","Assigned","Q-RIN","35,336,747"
"2/4/2019","2019","2019","D6","Assigned","Unverified","449,682,025"
"2/4/2019","2019","2019","D6","Separated","Q-RIN","7,665"
"2/4/2019","2019","2019","D6","Separated","Unverified","139,972,889"
"2/11/2019","2019","2017","D6","Separated","Unverified","14,833,349"
"2/11/2019","2019","2018","D6","Assigned","Unverified","330,497"
"2/11/2019","2019","2018","D6","Separated","Q-RIN","9,158"
"2/11/2019","2019","2018","D6","Separated","Unverified","79,533,460"
"2/11/2019","2019","2019","D6","Assigned","Q-RIN","32,334,282"
"2/11/2019","2019","2019","D6","Assigned","Unverified","427,340,416"
"2/11/2019","2019","2019","D6","Separated","Q-RIN","8,216"
"2/11/2019","2019","2019","D6","Separated","Unverified","141,299,002"
"2/18/2019","2019","2017","D6","Separated","Unverified","8,685,204"
"2/18/2019","2019","2018","D6","Assigned","Unverified","31,912"
"2/18/2019","2019","2018","D6","Separated","Unverified","203,639,785"
"2/18/2019","2019","2019","D6","Assigned","Q-RIN","31,174,685"
"2/18/2019","2019","2019","D6","Assigned","Unverified","432,873,788"
"2/18/2019","2019","2019","D6","Separated","Q-RIN","32,380"
"2/18/2019","2019","2019","D6","Separated","Unverified","140,667,604"
"2/25/2019","2019","2017","D6","Assigned","Q-RIN","6,740"
"2/25/2019","2019","2017","D6","Assigned","Unverified","6,413"
"2/25/2019","2019","2017","D6","Separated","Q-RIN","10,130,026"
"2/25/2019","2019","2017","D6","Separated","Unverified","76,623,670"
"2/25/2019","2019","2018","D6","Assigned","Unverified","3,452,507"
"2/25/2019","2019","2018","D6","Separated","Q-RIN","22,792"
"2/25/2019","2019","2018","D6","Separated","Unverified","135,286,853"
"2/25/2019","2019","2019","D6","Assigned","Q-RIN","38,435,305"
"2/25/2019","2019","2019","D6","Assigned","Unverified","461,923,763"
"2/25/2019","2019","2019","D6","Separated","Q-RIN","15,811"
"2/25/2019","2019","2019","D6","Separated","Unverified","214,647,312"
"3/4/2019","2019","2017","D6","Separated","Q-RIN","998,656"
"3/4/2019","2019","2017","D6","Separated","Unverified","63,427,350"
"3/4/2019","2019","2018","D6","Assigned","Unverified","61,791"
"3/4/2019","2019","2018","D6","Separated","Q-RIN","40,328"
"3/4/2019","2019","2018","D6","Separated","Unverified","258,828,251"
"3/4/2019","2019","2019","D6","Assigned","Q-RIN","37,311,719"
"3/4/2019","2019","2019","D6","Assigned","Unverified","423,704,782"
"3/4/2019","2019","2019","D6","Separated","Q-RIN","123,480"
"3/4/2019","2019","2019","D6","Separated","Unverified","179,560,317"
"3/11/2019","2019","2017","D6","Separated","Q-RIN","3,949,714"
"3/11/2019","2019","2017","D6","Separated","Unverified","53,209,104"
"3/11/2019","2019","2018","D6","Assigned","Unverified","408,258"
"3/11/2019","2019","2018","D6","Separated","Q-RIN","176,712"
"3/11/2019","2019","2018","D6","Separated","Unverified","175,497,955"
"3/11/2019","2019","2019","D6","Assigned","Q-RIN","31,750,415"
"3/11/2019","2019","2019","D6","Assigned","Unverified","451,628,707"
"3/11/2019","2019","2019","D6","Separated","Unverified","325,353,147"
"3/18/2019","2019","2017","D6","Separated","Q-RIN","82,638"
"3/18/2019","2019","2017","D6","Separated","Unverified","230,758,904"
"3/18/2019","2019","2018","D6","Assigned","Unverified","598,343"
"3/18/2019","2019","2018","D6","Separated","Unverified","100,090,081"
"3/18/2019","2019","2019","D6","Assigned","Q-RIN","32,505,558"
"3/18/2019","2019","2019","D6","Assigned","Unverified","451,572,327"
"3/18/2019","2019","2019","D6","Separated","Q-RIN","31,177"
"3/18/2019","2019","2019","D6","Separated","Unverified","216,018,190"
"3/25/2019","2019","2017","D6","Separated","Unverified","147,669,617"
"3/25/2019","2019","2018","D6","Assigned","Unverified","772,781"
"3/25/2019","2019","2018","D6","Separated","Q-RIN","1,296,860"
"3/25/2019","2019","2018","D6","Separated","Unverified","705,804,014"
"3/25/2019","2019","2019","D6","Assigned","Q-RIN","36,184,978"
"3/25/2019","2019","2019","D6","Assigned","Unverified","489,700,681"
"3/25/2019","2019","2019","D6","Separated","Q-RIN","241,805"
"3/25/2019","2019","2019","D6","Separated","Unverified","361,373,908"
"4/1/2019","2019","2018","D6","Assigned","Unverified","691,204"
"4/1/2019","2019","2018","D6","Separated","Q-RIN","2,000,000"
"4/1/2019","2019","2018","D6","Separated","Unverified","26,956,140"
"4/1/2019","2019","2019","D6","Assigned","Q-RIN","33,789,707"
"4/1/2019","2019","2019","D6","Assigned","Unverified","434,763,174"
"4/1/2019","2019","2019","D6","Separated","Q-RIN","40,643"
"4/1/2019","2019","2019","D6","Separated","Unverified","257,070,265"
"4/8/2019","2019","2018","D6","Assigned","Unverified","334,875"
"4/8/2019","2019","2018","D6","Separated","Unverified","52,124,964"
"4/8/2019","2019","2019","D6","Assigned","Q-RIN","37,099,838"
"4/8/2019","2019","2019","D6","Assigned","Unverified","460,284,992"
"4/8/2019","2019","2019","D6","Separated","Unverified","272,361,726"
"4/15/2019","2019","2018","D6","Separated","Q-RIN","11,709"
"4/15/2019","2019","2018","D6","Separated","Unverified","23,690,048"
"4/15/2019","2019","2019","D6","Assigned","Q-RIN","32,328,562"
"4/15/2019","2019","2019","D6","Assigned","Unverified","458,913,969"
"4/15/2019","2019","2019","D6","Separated","Unverified","350,246,746"
"4/22/2019","2019","2018","D6","Assigned","Unverified","28,782"
"4/22/2019","2019","2018","D6","Separated","Q-RIN","16,097"
"4/22/2019","2019","2018","D6","Separated","Unverified","52,286,063"
"4/22/2019","2019","2019","D6","Assigned","Q-RIN","39,995,880"
"4/22/2019","2019","2019","D6","Assigned","Unverified","464,481,240"
"4/22/2019","2019","2019","D6","Separated","Unverified","248,532,007"
"4/29/2019","2019","2018","D6","Assigned","Unverified","33,740"
"4/29/2019","2019","2018","D6","Separated","Unverified","54,217,209"
"4/29/2019","2019","2019","D6","Assigned","Q-RIN","33,063,269"
"4/29/2019","2019","2019","D6","Assigned","Unverified","514,657,404"
"4/29/2019","2019","2019","D6","Separated","Unverified","284,732,656"
"5/6/2019","2019","2018","D6","Assigned","Unverified","436,494"
"5/6/2019","2019","2018","D6","Separated","Unverified","11,789,163"
"5/6/2019","2019","2019","D6","Assigned","Q-RIN","34,541,126"
"5/6/2019","2019","2019","D6","Assigned","Unverified","450,579,059"
"5/6/2019","2019","2019","D6","Separated","Q-RIN","86,878"
"5/6/2019","2019","2019","D6","Separated","Unverified","183,117,051"
"5/13/2019","2019","2018","D6","Assigned","Unverified","526,056"
"5/13/2019","2019","2018","D6","Separated","Unverified","23,183,418"
"5/13/2019","2019","2019","D6","Assigned","Q-RIN","31,529,763"
"5/13/2019","2019","2019","D6","Assigned","Unverified","470,882,351"
"5/13/2019","2019","2019","D6","Separated","Q-RIN","11,965"
"5/13/2019","2019","2019","D6","Separated","Unverified","227,044,517"
"5/20/2019","2019","2018","D6","Assigned","Unverified","652,103"
"5/20/2019","2019","2018","D6","Separated","Unverified","149,263,666"
"5/20/2019","2019","2019","D6","Assigned","Q-RIN","35,406,728"
"5/20/2019","2019","2019","D6","Assigned","Unverified","491,862,329"
"5/20/2019","2019","2019","D6","Separated","Unverified","175,661,684"
"5/27/2019","2019","2018","D6","Separated","Q-RIN","172,574"
"5/27/2019","2019","2018","D6","Separated","Unverified","11,700,988"
"5/27/2019","2019","2019","D6","Assigned","Q-RIN","34,474,547"
"5/27/2019","2019","2019","D6","Assigned","Unverified","508,535,162"
"5/27/2019","2019","2019","D6","Separated","Q-RIN","167,327"
"5/27/2019","2019","2019","D6","Separated","Unverified","229,236,706"
"6/3/2019","2019","2018","D6","Assigned","Unverified","262,497"
"6/3/2019","2019","2018","D6","Separated","Q-RIN","172,574"
"6/3/2019","2019","2018","D6","Separated","Unverified","25,581,490"
"6/3/2019","2019","2019","D6","Assigned","Q-RIN","34,414,021"
"6/3/2019","2019","2019","D6","Assigned","Unverified","425,456,989"
"6/3/2019","2019","2019","D6","Separated","Q-RIN","5,871"
"6/3/2019","2019","2019","D6","Separated","Unverified","209,994,073"
"6/10/2019","2019","2018","D6","Separated","Unverified","19,613,687"
"6/10/2019","2019","2019","D6","Assigned","Q-RIN","40,429,430"
"6/10/2019","2019","2019","D6","Assigned","Unverified","491,804,834"
"6/10/2019","2019","2019","D6","Separated","Q-RIN","70,012"
"6/10/2019","2019","2019","D6","Separated","Unverified","427,400,564"
"6/17/2019","2019","2018","D6","Assigned","Q-RIN","196"
"6/17/2019","2019","2018","D6","Assigned","Unverified","526,051"
"6/17/2019","2019","2018","D6","Separated","Unverified","19,931,093"
"6/17/2019","2019","2019","D6","Assigned","Q-RIN","37,857,014"
"6/17/2019","2019","2019","D6","Assigned","Unverified","469,806,436"
"6/17/2019","2019","2019","D6","Separated","Q-RIN","16,628"
"6/17/2019","2019","2019","D6","Separated","Unverified","321,441,595"
"6/24/2019","2019","2018","D6","Separated","Q-RIN","35,101"
"6/24/2019","2019","2018","D6","Separated","Unverified","171,624,748"
"6/24/2019","2019","2019","D6","Assigned","Q-RIN","41,693,633"
"6/24/2019","2019","2019","D6","Assigned","Unverified","491,415,328"
"6/24/2019","2019","2019","D6","Separated","Q-RIN","23,397"
"6/24/2019","2019","2019","D6","Separated","Unverified","611,706,299"
"7/1/2019","2019","2018","D6","Separated","Q-RIN","34,905"
"7/1/2019","2019","2018","D6","Separated","Unverified","36,060,149"
"7/1/2019","2019","2019","D6","Assigned","Q-RIN","26,466,057"
"7/1/2019","2019","2019","D6","Assigned","Unverified","432,827,968"
"7/1/2019","2019","2019","D6","Separated","Unverified","242,861,774"
"7/8/2019","2019","2018","D6","Assigned","Q-RIN","19,619"
"7/8/2019","2019","2018","D6","Assigned","Unverified","35,891"
"7/8/2019","2019","2018","D6","Separated","Unverified","10,172,207"
"7/8/2019","2019","2019","D6","Assigned","Q-RIN","31,372,496"
"7/8/2019","2019","2019","D6","Assigned","Unverified","436,587,294"
"7/8/2019","2019","2019","D6","Separated","Q-RIN","302,954"
"7/8/2019","2019","2019","D6","Separated","Unverified","223,950,155"
"7/15/2019","2019","2018","D6","Separated","Unverified","23,358,955"
"7/15/2019","2019","2019","D6","Assigned","Q-RIN","40,337,016"
"7/15/2019","2019","2019","D6","Assigned","Unverified","489,536,161"
"7/15/2019","2019","2019","D6","Separated","Q-RIN","12,527"
"7/15/2019","2019","2019","D6","Separated","Unverified","327,004,101"
"7/22/2019","2019","2018","D6","Assigned","Q-RIN","419,125"
"7/22/2019","2019","2018","D6","Assigned","Unverified","84,138"
"7/22/2019","2019","2018","D6","Separated","Unverified","7,315,497"
"7/22/2019","2019","2019","D6","Assigned","Q-RIN","36,746,226"
"7/22/2019","2019","2019","D6","Assigned","Unverified","479,132,610"
"7/22/2019","2019","2019","D6","Separated","Q-RIN","60,490"
"7/22/2019","2019","2019","D6","Separated","Unverified","301,689,010"
"7/29/2019","2019","2018","D6","Assigned","Unverified","59,491"
"7/29/2019","2019","2018","D6","Separated","Unverified","87,457,860"
"7/29/2019","2019","2019","D6","Assigned","Q-RIN","36,257,887"
"7/29/2019","2019","2019","D6","Assigned","Unverified","464,734,782"
"7/29/2019","2019","2019","D6","Separated","Q-RIN","6,572"
"7/29/2019","2019","2019","D6","Separated","Unverified","262,325,099"
"8/5/2019","2019","2018","D6","Assigned","Unverified","23,141"
"8/5/2019","2019","2018","D6","Separated","Unverified","16,968,465"
"8/5/2019","2019","2019","D6","Assigned","Q-RIN","34,019,576"
"8/5/2019","2019","2019","D6","Assigned","Unverified","465,755,713"
"8/5/2019","2019","2019","D6","Separated","Q-RIN","12,357"
"8/5/2019","2019","2019","D6","Separated","Unverified","166,383,149"
"8/12/2019","2019","2018","D6","Assigned","Unverified","3,004,979"
"8/12/2019","2019","2018","D6","Separated","Unverified","57,871,056"
"8/12/2019","2019","2019","D6","Assigned","Q-RIN","34,970,846"
"8/12/2019","2019","2019","D6","Assigned","Unverified","446,774,599"
"8/12/2019","2019","2019","D6","Separated","Q-RIN","135,686"
"8/12/2019","2019","2019","D6","Separated","Unverified","228,542,462"
"8/19/2019","2019","2018","D6","Assigned","Unverified","2,982,019"
"8/19/2019","2019","2018","D6","Separated","Unverified","52,773,826"
"8/19/2019","2019","2019","D6","Assigned","Q-RIN","34,946,946"
"8/19/2019","2019","2019","D6","Assigned","Unverified","469,519,431"
"8/19/2019","2019","2019","D6","Separated","Q-RIN","244,087"
"8/19/2019","2019","2019","D6","Separated","Unverified","235,565,185"
"8/26/2019","2019","2018","D6","Assigned","Unverified","130,792"
"8/26/2019","2019","2018","D6","Separated","Unverified","140,306,549"
"8/26/2019","2019","2019","D6","Assigned","Q-RIN","39,698,765"
"8/26/2019","2019","2019","D6","Assigned","Unverified","494,119,873"
"8/26/2019","2019","2019","D6","Separated","Q-RIN","211,903"
"8/26/2019","2019","2019","D6","Separated","Unverified","316,769,146"
"9/2/2019","2019","2018","D6","Assigned","Unverified","126,484"
"9/2/2019","2019","2018","D6","Separated","Unverified","24,191,128"
"9/2/2019","2019","2019","D6","Assigned","Q-RIN","38,654,548"
"9/2/2019","2019","2019","D6","Assigned","Unverified","424,176,976"
"9/2/2019","2019","2019","D6","Separated","Q-RIN","7,059"
"9/2/2019","2019","2019","D6","Separated","Unverified","271,948,415"
"9/9/2019","2019","2018","D6","Assigned","Unverified","30,745"
"9/9/2019","2019","2018","D6","Separated","Unverified","58,886,317"
"9/9/2019","2019","2019","D6","Assigned","Q-RIN","47,646,709"
"9/9/2019","2019","2019","D6","Assigned","Unverified","446,354,085"
"9/9/2019","2019","2019","D6","Separated","Q-RIN","256,258"
"9/9/2019","2019","2019","D6","Separated","Unverified","382,302,799"
"9/16/2019","2019","2018","D6","Assigned","Unverified","61,795"
"9/16/2019","2019","2018","D6","Separated","Unverified","143,660,894"
"9/16/2019","2019","2019","D6","Assigned","Q-RIN","38,315,097"
"9/16/2019","2019","2019","D6","Assigned","Unverified","449,085,132"
"9/16/2019","2019","2019","D6","Separated","Q-RIN","164,120"
"9/16/2019","2019","2019","D6","Separated","Unverified","475,225,720"
"9/23/2019","2019","2018","D6","Assigned","Unverified","5,700,536"
"9/23/2019","2019","2018","D6","Separated","Q-RIN","1,295,084"
"9/23/2019","2019","2018","D6","Separated","Unverified","92,254,937"
"9/23/2019","2019","2019","D6","Assigned","Q-RIN","34,795,343"
"9/23/2019","2019","2019","D6","Assigned","Unverified","436,796,605"
"9/23/2019","2019","2019","D6","Separated","Q-RIN","90,931"
"9/23/2019","2019","2019","D6","Separated","Unverified","635,534,221"
"9/30/2019","2019","2018","D6","Assigned","Unverified","23,275"
"9/30/2019","2019","2018","D6","Separated","Unverified","147,411,106"
"9/30/2019","2019","2019","D6","Assigned","Q-RIN","29,745,422"
"9/30/2019","2019","2019","D6","Assigned","Unverified","426,249,580"
"9/30/2019","2019","2019","D6","Separated","Q-RIN","1,883"
"9/30/2019","2019","2019","D6","Separated","Unverified","424,115,361"
"10/7/2019","2019","2018","D6","Assigned","Unverified","7,558"
"10/7/2019","2019","2018","D6","Separated","Unverified","14,233,201"
"10/7/2019","2019","2019","D6","Assigned","Q-RIN","32,888,732"
"10/7/2019","2019","2019","D6","Assigned","Unverified","435,229,512"
"10/7/2019","2019","2019","D6","Separated","Unverified","226,607,755"
"10/14/2019","2019","2018","D6","Assigned","Q-RIN","20,111"
"10/14/2019","2019","2018","D6","Assigned","Unverified","127,505"
"10/14/2019","2019","2018","D6","Separated","Q-RIN","7,805"
"10/14/2019","2019","2018","D6","Separated","Unverified","90,341,701"
"10/14/2019","2019","2019","D6","Assigned","Q-RIN","33,914,112"
"10/14/2019","2019","2019","D6","Assigned","Unverified","432,525,284"
"10/14/2019","2019","2019","D6","Separated","Q-RIN","83,851"
"10/14/2019","2019","2019","D6","Separated","Unverified","418,040,602"
"10/21/2019","2019","2018","D6","Assigned","Unverified","45,642"
"10/21/2019","2019","2018","D6","Separated","Unverified","67,584,870"
"10/21/2019","2019","2019","D6","Assigned","Q-RIN","32,823,974"
"10/21/2019","2019","2019","D6","Assigned","Unverified","429,936,495"
"10/21/2019","2019","2019","D6","Separated","Q-RIN","142,501"
"10/21/2019","2019","2019","D6","Separated","Unverified","337,316,435"
"10/28/2019","2019","2018","D6","Assigned","Unverified","77,712"
"10/28/2019","2019","2018","D6","Separated","Unverified","42,016,643"
"10/28/2019","2019","2019","D6","Assigned","Q-RIN","34,846,535"
"10/28/2019","2019","2019","D6","Assigned","Unverified","443,814,290"
"10/28/2019","2019","2019","D6","Separated","Unverified","307,931,721"
"11/4/2019","2019","2018","D6","Assigned","Unverified","527,626"
"11/4/2019","2019","2018","D6","Separated","Unverified","40,629,668"
"11/4/2019","2019","2019","D6","Assigned","Q-RIN","33,446,039"
"11/4/2019","2019","2019","D6","Assigned","Unverified","428,377,870"
"11/4/2019","2019","2019","D6","Separated","Q-RIN","58,465"
"11/4/2019","2019","2019","D6","Separated","Unverified","460,580,509"
"11/11/2019","2019","2018","D6","Assigned","Q-RIN","6,620"
"11/11/2019","2019","2018","D6","Assigned","Unverified","622,015"
"11/11/2019","2019","2018","D6","Separated","Unverified","67,368,549"
"11/11/2019","2019","2019","D6","Assigned","Q-RIN","35,182,717"
"11/11/2019","2019","2019","D6","Assigned","Unverified","444,693,822"
"11/11/2019","2019","2019","D6","Separated","Q-RIN","6,707,690"
"11/11/2019","2019","2019","D6","Separated","Unverified","309,021,815"
"11/18/2019","2019","2018","D6","Assigned","Unverified","923,525"
"11/18/2019","2019","2018","D6","Separated","Unverified","36,776,325"
"11/18/2019","2019","2019","D6","Assigned","Q-RIN","34,554,355"
"11/18/2019","2019","2019","D6","Assigned","Unverified","475,748,631"
"11/18/2019","2019","2019","D6","Separated","Q-RIN","1,066,871"
"11/18/2019","2019","2019","D6","Separated","Unverified","324,672,201"
"11/25/2019","2019","2018","D6","Assigned","Unverified","616,666"
"11/25/2019","2019","2018","D6","Separated","Unverified","24,122,750"
"11/25/2019","2019","2019","D6","Assigned","Q-RIN","37,739,252"
"11/25/2019","2019","2019","D6","Assigned","Unverified","430,895,841"
"11/25/2019","2019","2019","D6","Separated","Q-RIN","7,667"
"11/25/2019","2019","2019","D6","Separated","Unverified","230,441,415"
"12/2/2019","2019","2018","D6","Assigned","Unverified","300,059"
"12/2/2019","2019","2018","D6","Separated","Q-RIN","2,000,000"
"12/2/2019","2019","2018","D6","Separated","Unverified","51,922,183"
"12/2/2019","2019","2019","D6","Assigned","Q-RIN","32,970,003"
"12/2/2019","2019","2019","D6","Assigned","Unverified","485,855,518"
"12/2/2019","2019","2019","D6","Separated","Q-RIN","1,123,556"
"12/2/2019","2019","2019","D6","Separated","Unverified","372,755,624"
"12/9/2019","2019","2018","D6","Assigned","Unverified","809,859"
"12/9/2019","2019","2018","D6","Separated","Unverified","175,900,938"
"12/9/2019","2019","2019","D6","Assigned","Q-RIN","32,627,749"
"12/9/2019","2019","2019","D6","Assigned","Unverified","476,804,763"
"12/9/2019","2019","2019","D6","Separated","Q-RIN","72,803"
"12/9/2019","2019","2019","D6","Separated","Unverified","509,875,548"
"12/16/2019","2019","2018","D6","Assigned","Unverified","626,678"
"12/16/2019","2019","2018","D6","Separated","Q-RIN","16,974"
"12/16/2019","2019","2018","D6","Separated","Unverified","85,266,042"
"12/16/2019","2019","2019","D6","Assigned","Q-RIN","28,987,170"
"12/16/2019","2019","2019","D6","Assigned","Unverified","483,595,719"
"12/16/2019","2019","2019","D6","Separated","Q-RIN","76,565"
"12/16/2019","2019","2019","D6","Separated","Unverified","687,205,423"
"12/23/2019","2019","2018","D6","Assigned","Unverified","464,708"
"12/23/2019","2019","2018","D6","Separated","Unverified","18,777,247"
"12/23/2019","2019","2019","D6","Assigned","Q-RIN","31,485,436"
"12/23/2019","2019","2019","D6","Assigned","Unverified","396,460,115"
"12/23/2019","2019","2019","D6","Separated","Q-RIN","20,430"
"12/23/2019","2019","2019","D6","Separated","Unverified","403,825,731"
"12/30/2019","2019","2018","D6","Assigned","Unverified","365,284"
"12/30/2019","2019","2018","D6","Separated","Unverified","20,621,343"
"12/30/2019","2019","2019","D6","Assigned","Q-RIN","22,748,636"
"12/30/2019","2019","2019","D6","Assigned","Unverified","237,860,679"
"12/30/2019","2019","2019","D6","Separated","Q-RIN","38,159"
"12/30/2019","2019","2019","D6","Separated","Unverified","141,774,135"
"12/30/2019","2020","2018","D6","Assigned","Unverified","23,537"
"12/30/2019","2020","2018","D6","Separated","Unverified","3,996,501"
"12/30/2019","2020","2019","D6","Assigned","Q-RIN","2,687,594"
"12/30/2019","2020","2019","D6","Assigned","Unverified","137,540,172"
"12/30/2019","2020","2019","D6","Separated","Q-RIN","287,196"
"12/30/2019","2020","2019","D6","Separated","Unverified","94,641,623"
"12/30/2019","2020","2020","D6","Assigned","Q-RIN","10,239,782"
"12/30/2019","2020","2020","D6","Assigned","Unverified","117,403,058"
"12/30/2019","2020","2020","D6","Separated","Unverified","363,628"
"1/6/2020","2020","2018","D6","Assigned","Unverified","16,032"
"1/6/2020","2020","2018","D6","Separated","Unverified","19,898,946"
"1/6/2020","2020","2019","D6","Assigned","Q-RIN","1,198,050"
"1/6/2020","2020","2019","D6","Assigned","Unverified","109,422,694"
"1/6/2020","2020","2019","D6","Separated","Q-RIN","390,356"
"1/6/2020","2020","2019","D6","Separated","Unverified","376,338,227"
"1/6/2020","2020","2020","D6","Assigned","Q-RIN","19,855,276"
"1/6/2020","2020","2020","D6","Assigned","Unverified","318,467,338"
"1/6/2020","2020","2020","D6","Separated","Q-RIN","9,395"
"1/6/2020","2020","2020","D6","Separated","Unverified","8,058,494"
"1/13/2020","2020","2018","D6","Separated","Unverified","23,227,338"
"1/13/2020","2020","2019","D6","Assigned","Q-RIN","596,979"
"1/13/2020","2020","2019","D6","Assigned","Unverified","51,310,219"
"1/13/2020","2020","2019","D6","Separated","Q-RIN","114,399"
"1/13/2020","2020","2019","D6","Separated","Unverified","466,042,702"
"1/13/2020","2020","2020","D6","Assigned","Q-RIN","25,527,689"
"1/13/2020","2020","2020","D6","Assigned","Unverified","332,900,534"
"1/13/2020","2020","2020","D6","Separated","Unverified","20,028,219"
"1/20/2020","2020","2018","D6","Separated","Unverified","21,580,498"
"1/20/2020","2020","2019","D6","Assigned","Q-RIN","187,585"
"1/20/2020","2020","2019","D6","Assigned","Unverified","28,803,127"
"1/20/2020","2020","2019","D6","Separated","Q-RIN","275,553"
"1/20/2020","2020","2019","D6","Separated","Unverified","320,121,138"
"1/20/2020","2020","2020","D6","Assigned","Q-RIN","21,768,551"
"1/20/2020","2020","2020","D6","Assigned","Unverified","351,612,841"
"1/20/2020","2020","2020","D6","Separated","Q-RIN","2,096"
"1/20/2020","2020","2020","D6","Separated","Unverified","48,744,082"
"1/27/2020","2020","2018","D6","Separated","Unverified","62,293,787"
"1/27/2020","2020","2019","D6","Assigned","Q-RIN","71,061"
"1/27/2020","2020","2019","D6","Assigned","Unverified","13,449,677"
"1/27/2020","2020","2019","D6","Separated","Q-RIN","33,075"
"1/27/2020","2020","2019","D6","Separated","Unverified","339,880,390"
"1/27/2020","2020","2020","D6","Assigned","Q-RIN","24,526,345"
"1/27/2020","2020","2020","D6","Assigned","Unverified","416,920,564"
"1/27/2020","2020","2020","D6","Separated","Q-RIN","5,182"
"1/27/2020","2020","2020","D6","Separated","Unverified","62,822,891"
"2/3/2020","2020","2018","D6","Assigned","Unverified","5,383,546"
"2/3/2020","2020","2018","D6","Separated","Q-RIN","6,968"
"2/3/2020","2020","2018","D6","Separated","Unverified","60,183,883"
"2/3/2020","2020","2019","D6","Assigned","Q-RIN","7,976"
"2/3/2020","2020","2019","D6","Assigned","Unverified","3,477,978"
"2/3/2020","2020","2019","D6","Separated","Q-RIN","7,809"
"2/3/2020","2020","2019","D6","Separated","Unverified","160,108,490"
"2/3/2020","2020","2020","D6","Assigned","Q-RIN","20,391,389"
"2/3/2020","2020","2020","D6","Assigned","Unverified","442,109,968"
"2/3/2020","2020","2020","D6","Separated","Q-RIN","3,238"
"2/3/2020","2020","2020","D6","Separated","Unverified","133,414,117"
"2/10/2020","2020","2018","D6","Separated","Unverified","34,973,888"
"2/10/2020","2020","2019","D6","Assigned","Unverified","7,918,678"
"2/10/2020","2020","2019","D6","Separated","Unverified","308,821,063"
"2/10/2020","2020","2020","D6","Assigned","Q-RIN","22,243,357"
"2/10/2020","2020","2020","D6","Assigned","Unverified","441,989,597"
"2/10/2020","2020","2020","D6","Separated","Q-RIN","3,790"
"2/10/2020","2020","2020","D6","Separated","Unverified","130,873,912"
"2/17/2020","2020","2018","D6","Separated","Unverified","37,229,584"
"2/17/2020","2020","2019","D6","Assigned","Unverified","4,023,362"
"2/17/2020","2020","2019","D6","Separated","Q-RIN","32,172"
"2/17/2020","2020","2019","D6","Separated","Unverified","177,693,067"
"2/17/2020","2020","2020","D6","Assigned","Q-RIN","18,675,014"
"2/17/2020","2020","2020","D6","Assigned","Unverified","509,336,796"
"2/17/2020","2020","2020","D6","Separated","Unverified","172,910,866"
"2/24/2020","2020","2018","D6","Separated","Unverified","33,431,950"
"2/24/2020","2020","2019","D6","Assigned","Unverified","236,898"
"2/24/2020","2020","2019","D6","Separated","Q-RIN","508,661"
"2/24/2020","2020","2019","D6","Separated","Unverified","171,163,046"
"2/24/2020","2020","2020","D6","Assigned","Q-RIN","21,783,856"
"2/24/2020","2020","2020","D6","Assigned","Unverified","485,339,919"
"2/24/2020","2020","2020","D6","Separated","Q-RIN","7,217"
"2/24/2020","2020","2020","D6","Separated","Unverified","230,648,491"
"3/2/2020","2020","2018","D6","Separated","Unverified","17,609,767"
"3/2/2020","2020","2019","D6","Assigned","Unverified","14,486"
"3/2/2020","2020","2019","D6","Separated","Q-RIN","8,425"
"3/2/2020","2020","2019","D6","Separated","Unverified","121,954,289"
"3/2/2020","2020","2020","D6","Assigned","Q-RIN","21,535,662"
"3/2/2020","2020","2020","D6","Assigned","Unverified","463,346,063"
"3/2/2020","2020","2020","D6","Separated","Q-RIN","19,911"
"3/2/2020","2020","2020","D6","Separated","Unverified","176,055,042"
"3/9/2020","2020","2018","D6","Separated","Unverified","11,882,469"
"3/9/2020","2020","2019","D6","Assigned","Unverified","15,317"
"3/9/2020","2020","2019","D6","Separated","Q-RIN","8,425"
"3/9/2020","2020","2019","D6","Separated","Unverified","177,812,852"
"3/9/2020","2020","2020","D6","Assigned","Q-RIN","22,882,050"
"3/9/2020","2020","2020","D6","Assigned","Unverified","457,327,958"
"3/9/2020","2020","2020","D6","Separated","Q-RIN","5,156"
"3/9/2020","2020","2020","D6","Separated","Unverified","231,288,811"
"3/16/2020","2020","2018","D6","Separated","Q-RIN","80,906"
"3/16/2020","2020","2018","D6","Separated","Unverified","47,905,247"
"3/16/2020","2020","2019","D6","Assigned","Unverified","57,326"
"3/16/2020","2020","2019","D6","Separated","Q-RIN","80,219,494"
"3/16/2020","2020","2019","D6","Separated","Unverified","251,939,611"
"3/16/2020","2020","2020","D6","Assigned","Q-RIN","23,256,545"
"3/16/2020","2020","2020","D6","Assigned","Unverified","448,456,523"
"3/16/2020","2020","2020","D6","Separated","Unverified","271,264,992"
"3/23/2020","2020","2018","D6","Separated","Q-RIN","16,856"
"3/23/2020","2020","2018","D6","Separated","Unverified","86,044,269"
"3/23/2020","2020","2019","D6","Separated","Q-RIN","3,500,000"
"3/23/2020","2020","2019","D6","Separated","Unverified","536,046,745"
"3/23/2020","2020","2020","D6","Assigned","Q-RIN","14,185,198"
"3/23/2020","2020","2020","D6","Assigned","Unverified","392,067,925"
"3/23/2020","2020","2020","D6","Separated","Q-RIN","3,000,000"
"3/23/2020","2020","2020","D6","Separated","Unverified","285,154,387"
"3/30/2020","2020","2018","D6","Separated","Q-RIN","39,942"
"3/30/2020","2020","2018","D6","Separated","Unverified","207,064"
"3/30/2020","2020","2019","D6","Separated","Q-RIN","608,719"
"3/30/2020","2020","2019","D6","Separated","Unverified","98,228,264"
"3/30/2020","2020","2020","D6","Assigned","Q-RIN","12,097,616"
"3/30/2020","2020","2020","D6","Assigned","Unverified","293,787,946"
"3/30/2020","2020","2020","D6","Separated","Q-RIN","3,000,000"
"3/30/2020","2020","2020","D6","Separated","Unverified","222,608,890"
"4/6/2020","2020","2019","D6","Assigned","Unverified","15,734"
"4/6/2020","2020","2019","D6","Separated","Q-RIN","1,094,785"
"4/6/2020","2020","2019","D6","Separated","Unverified","91,450,665"
"4/6/2020","2020","2020","D6","Assigned","Q-RIN","7,904,639"
"4/6/2020","2020","2020","D6","Assigned","Unverified","261,958,808"
"4/6/2020","2020","2020","D6","Separated","Unverified","150,364,930"
"4/13/2020","2020","2019","D6","Separated","Q-RIN","16,007,626"
"4/13/2020","2020","2019","D6","Separated","Unverified","314,611,853"
"4/13/2020","2020","2020","D6","Assigned","Q-RIN","7,470,175"
"4/13/2020","2020","2020","D6","Assigned","Unverified","267,639,084"
"4/13/2020","2020","2020","D6","Separated","Q-RIN","19,911"
"4/13/2020","2020","2020","D6","Separated","Unverified","352,615,733"
"4/20/2020","2020","2019","D6","Separated","Unverified","58,762,527"
"4/20/2020","2020","2020","D6","Assigned","Q-RIN","7,741,883"
"4/20/2020","2020","2020","D6","Assigned","Unverified","277,590,632"
"4/20/2020","2020","2020","D6","Separated","Unverified","238,697,690"
"4/27/2020","2020","2019","D6","Separated","Unverified","59,234,714"
"4/27/2020","2020","2020","D6","Assigned","Q-RIN","8,960,343"
"4/27/2020","2020","2020","D6","Assigned","Unverified","314,776,970"
"4/27/2020","2020","2020","D6","Separated","Q-RIN","500,000"
"4/27/2020","2020","2020","D6","Separated","Unverified","214,195,791"
"5/4/2020","2020","2019","D6","Separated","Unverified","30,551,836"
"5/4/2020","2020","2020","D6","Assigned","Q-RIN","10,637,372"
"5/4/2020","2020","2020","D6","Assigned","Unverified","345,093,208"
"5/4/2020","2020","2020","D6","Separated","Unverified","146,172,223"
"5/11/2020","2020","2019","D6","Separated","Unverified","28,568,024"
"5/11/2020","2020","2020","D6","Assigned","Q-RIN","12,420,057"
"5/11/2020","2020","2020","D6","Assigned","Unverified","346,614,910"
"5/11/2020","2020","2020","D6","Separated","Unverified","198,489,780"
"5/18/2020","2020","2019","D6","Separated","Unverified","19,733,075"
"5/18/2020","2020","2020","D6","Assigned","Q-RIN","9,288,342"
"5/18/2020","2020","2020","D6","Assigned","Unverified","371,726,989"
"5/18/2020","2020","2020","D6","Separated","Unverified","218,224,055"
"5/25/2020","2020","2019","D6","Assigned","Unverified","2,873,524"
"5/25/2020","2020","2019","D6","Separated","Unverified","39,725,607"
"5/25/2020","2020","2020","D6","Assigned","Q-RIN","11,239,265"
"5/25/2020","2020","2020","D6","Assigned","Unverified","388,855,540"
"5/25/2020","2020","2020","D6","Separated","Unverified","195,417,077"
"6/1/2020","2020","2018","D6","Separated","Unverified","103,681"
"6/1/2020","2020","2019","D6","Assigned","Unverified","10,274"
"6/1/2020","2020","2019","D6","Separated","Unverified","32,662,106"
"6/1/2020","2020","2020","D6","Assigned","Q-RIN","17,768,113"
"6/1/2020","2020","2020","D6","Assigned","Unverified","403,502,539"
"6/1/2020","2020","2020","D6","Separated","Unverified","183,411,741"
"6/8/2020","2020","2019","D6","Assigned","Unverified","33,973"
"6/8/2020","2020","2019","D6","Separated","Q-RIN","16,000,000"
"6/8/2020","2020","2019","D6","Separated","Unverified","33,545,047"
"6/8/2020","2020","2020","D6","Assigned","Q-RIN","14,487,005"
"6/8/2020","2020","2020","D6","Assigned","Unverified","446,238,250"
"6/8/2020","2020","2020","D6","Separated","Unverified","214,232,308"
"6/15/2020","2020","2019","D6","Assigned","Unverified","335,122"
"6/15/2020","2020","2019","D6","Separated","Unverified","58,064,740"
"6/15/2020","2020","2020","D6","Assigned","Q-RIN","13,213,175"
"6/15/2020","2020","2020","D6","Assigned","Unverified","429,210,460"
"6/15/2020","2020","2020","D6","Separated","Unverified","354,807,137"
"6/22/2020","2020","2019","D6","Assigned","Unverified","33,851"
"6/22/2020","2020","2019","D6","Separated","Q-RIN","1,182,590"
"6/22/2020","2020","2019","D6","Separated","Unverified","17,403,506"
"6/22/2020","2020","2020","D6","Assigned","Q-RIN","12,972,741"
"6/22/2020","2020","2020","D6","Assigned","Unverified","454,719,171"
"6/22/2020","2020","2020","D6","Separated","Q-RIN","28,000"
"6/22/2020","2020","2020","D6","Separated","Unverified","259,306,392"
"6/29/2020","2020","2019","D6","Assigned","Unverified","15,886"
"6/29/2020","2020","2019","D6","Separated","Unverified","34,251,496"
"6/29/2020","2020","2020","D6","Assigned","Q-RIN","10,688,240"
"6/29/2020","2020","2020","D6","Assigned","Unverified","435,813,891"
"6/29/2020","2020","2020","D6","Separated","Q-RIN","28,000"
"6/29/2020","2020","2020","D6","Separated","Unverified","312,064,889"
"7/6/2020","2020","2019","D6","Separated","Unverified","69,302,851"
"7/6/2020","2020","2020","D6","Assigned","Q-RIN","14,418,130"
"7/6/2020","2020","2020","D6","Assigned","Unverified","491,815,345"
"7/6/2020","2020","2020","D6","Separated","Unverified","268,232,391"
"7/13/2020","2020","2019","D6","Separated","Q-RIN","2,000,000"
"7/13/2020","2020","2019","D6","Separated","Unverified","27,468,850"
"7/13/2020","2020","2020","D6","Assigned","Q-RIN","14,479,860"
"7/13/2020","2020","2020","D6","Assigned","Unverified","453,629,253"
"7/13/2020","2020","2020","D6","Separated","Q-RIN","18,200"
"7/13/2020","2020","2020","D6","Separated","Unverified","309,665,796"
"7/20/2020","2020","2019","D6","Assigned","Unverified","138,204"
"7/20/2020","2020","2019","D6","Separated","Q-RIN","1,000,000"
"7/20/2020","2020","2019","D6","Separated","Unverified","19,304,676"
"7/20/2020","2020","2020","D6","Assigned","Q-RIN","13,558,155"
"7/20/2020","2020","2020","D6","Assigned","Unverified","455,189,025"
"7/20/2020","2020","2020","D6","Separated","Unverified","246,790,068"
"7/27/2020","2020","2019","D6","Separated","Q-RIN","1,590,884"
"7/27/2020","2020","2019","D6","Separated","Unverified","16,423,761"
"7/27/2020","2020","2020","D6","Assigned","Q-RIN","14,305,963"
"7/27/2020","2020","2020","D6","Assigned","Unverified","478,225,458"
"7/27/2020","2020","2020","D6","Separated","Unverified","296,946,367"
"8/3/2020","2020","2019","D6","Separated","Unverified","7,500,000"
"8/3/2020","2020","2020","D6","Assigned","Q-RIN","14,202,865"
"8/3/2020","2020","2020","D6","Assigned","Unverified","438,097,544"
"8/3/2020","2020","2020","D6","Separated","Unverified","234,325,938"
"8/10/2020","2020","2019","D6","Separated","Unverified","9,185,472"
"8/10/2020","2020","2020","D6","Assigned","Q-RIN","14,159,067"
"8/10/2020","2020","2020","D6","Assigned","Unverified","442,592,640"
"8/10/2020","2020","2020","D6","Separated","Unverified","204,936,001"
"8/17/2020","2020","2019","D6","Assigned","Unverified","16,712"
"8/17/2020","2020","2019","D6","Separated","Unverified","14,168,584"
"8/17/2020","2020","2020","D6","Assigned","Q-RIN","13,462,597"
"8/17/2020","2020","2020","D6","Assigned","Unverified","430,587,251"
"8/17/2020","2020","2020","D6","Separated","Unverified","306,431,232"
"8/24/2020","2020","2019","D6","Separated","Q-RIN","84,000"
"8/24/2020","2020","2019","D6","Separated","Unverified","17,803,150"
"8/24/2020","2020","2020","D6","Assigned","Q-RIN","10,702,214"
"8/24/2020","2020","2020","D6","Assigned","Unverified","427,284,203"
"8/24/2020","2020","2020","D6","Separated","Unverified","312,906,528"
"8/31/2020","2020","2019","D6","Assigned","Unverified","407,079"
"8/31/2020","2020","2019","D6","Separated","Q-RIN","90,884"
"8/31/2020","2020","2019","D6","Separated","Unverified","28,967,637"
"8/31/2020","2020","2020","D6","Assigned","Q-RIN","12,380,164"
"8/31/2020","2020","2020","D6","Assigned","Unverified","481,068,893"
"8/31/2020","2020","2020","D6","Separated","Unverified","378,909,426"
"9/7/2020","2020","2019","D6","Assigned","Unverified","407,079"
"9/7/2020","2020","2019","D6","Separated","Unverified","50,543,225"
"9/7/2020","2020","2020","D6","Assigned","Q-RIN","13,327,275"
"9/7/2020","2020","2020","D6","Assigned","Unverified","425,723,560"
"9/7/2020","2020","2020","D6","Separated","Unverified","243,254,791"
"6/28/2010","2010","2010","D6","Assigned","Unverified","87,466,108"
"6/28/2010","2010","2010","D6","Separated","Unverified","1,958,637"
"7/5/2010","2010","2010","D6","Assigned","Unverified","271,404,422"
"7/5/2010","2010","2010","D6","Separated","Unverified","6,138,517"
"7/12/2010","2010","2010","D6","Assigned","Unverified","370,163,611"
"7/12/2010","2010","2010","D6","Separated","Unverified","15,826,382"
"7/19/2010","2010","2010","D6","Assigned","Unverified","400,021,371"
"7/19/2010","2010","2010","D6","Separated","Unverified","25,277,607"
"7/26/2010","2010","2010","D6","Assigned","Unverified","484,309,480"
"7/26/2010","2010","2010","D6","Separated","Unverified","50,224,072"
"7/26/2010","2010","2011","D6","Assigned","Unverified","2,286,055"
"8/2/2010","2010","2010","D6","Assigned","Unverified","421,784,456"
"8/2/2010","2010","2010","D6","Separated","Unverified","70,523,512"
"8/9/2010","2010","2010","D6","Assigned","Unverified","484,363,672"
"8/9/2010","2010","2010","D6","Separated","Unverified","73,455,889"
"8/16/2010","2010","2010","D6","Assigned","Unverified","463,163,243"
"8/16/2010","2010","2010","D6","Separated","Unverified","60,731,714"
"8/23/2010","2010","2010","D6","Assigned","Unverified","487,301,172"
"8/23/2010","2010","2010","D6","Separated","Unverified","83,451,473"
"8/30/2010","2010","2010","D6","Assigned","Unverified","508,975,461"
"8/30/2010","2010","2010","D6","Separated","Unverified","151,309,031"
"9/6/2010","2010","2010","D6","Assigned","Unverified","440,183,111"
"9/6/2010","2010","2010","D6","Separated","Unverified","113,847,648"
"9/6/2010","2010","2011","D6","Assigned","Unverified","5,349"
"9/13/2010","2010","2010","D6","Assigned","Unverified","468,824,751"
"9/13/2010","2010","2010","D6","Separated","Unverified","115,810,462"
"9/13/2010","2010","2011","D6","Assigned","Unverified","57,028"
"9/20/2010","2010","2010","D6","Assigned","Unverified","461,830,040"
"9/20/2010","2010","2010","D6","Separated","Unverified","129,402,737"
"9/27/2010","2010","2010","D6","Assigned","Unverified","512,030,051"
"9/27/2010","2010","2010","D6","Separated","Unverified","180,550,069"
"10/4/2010","2010","2010","D6","Assigned","Unverified","447,722,681"
"10/4/2010","2010","2010","D6","Separated","Unverified","120,773,478"
"10/4/2010","2010","2011","D6","Assigned","Unverified","142,813"
"10/11/2010","2010","2010","D6","Assigned","Unverified","463,427,886"
"10/11/2010","2010","2010","D6","Separated","Unverified","241,013,812"
"10/11/2010","2010","2011","D6","Assigned","Unverified","86,053"
"10/18/2010","2010","2010","D6","Assigned","Unverified","460,922,921"
"10/18/2010","2010","2010","D6","Separated","Unverified","180,761,220"
"10/25/2010","2010","2010","D6","Assigned","Unverified","512,452,791"
"10/25/2010","2010","2010","D6","Separated","Unverified","241,244,694"
"10/25/2010","2010","2011","D6","Assigned","Unverified","29,001"
"11/1/2010","2010","2010","D6","Assigned","Unverified","434,421,073"
"11/1/2010","2010","2010","D6","Separated","Unverified","150,481,052"
"11/1/2010","2010","2011","D6","Assigned","Unverified","150"
"11/8/2010","2010","2010","D6","Assigned","Unverified","466,463,028"
"11/8/2010","2010","2010","D6","Separated","Unverified","131,226,734"
"11/15/2010","2010","2010","D6","Assigned","Unverified","474,031,517"
"11/15/2010","2010","2010","D6","Separated","Unverified","177,617,214"
"11/22/2010","2010","2010","D6","Assigned","Unverified","411,328,813"
"11/22/2010","2010","2010","D6","Separated","Unverified","144,794,727"
"11/29/2010","2010","2010","D6","Assigned","Unverified","510,059,223"
"11/29/2010","2010","2010","D6","Separated","Unverified","284,947,327"
"11/29/2010","2010","2011","D6","Assigned","Unverified","5,399"
"11/29/2010","2010","2011","D6","Separated","Unverified","8,059"
"12/6/2010","2010","2010","D6","Assigned","Unverified","475,693,130"
"12/6/2010","2010","2010","D6","Separated","Unverified","142,771,639"
"12/6/2010","2010","2011","D6","Assigned","Unverified","123,558"
"12/13/2010","2010","2010","D6","Assigned","Unverified","476,191,766"
"12/13/2010","2010","2010","D6","Separated","Unverified","241,124,642"
"12/13/2010","2010","2011","D6","Assigned","Unverified","114,505"
"12/13/2010","2010","2011","D6","Separated","Unverified","8,134"
"12/20/2010","2010","2010","D6","Assigned","Unverified","469,247,074"
"12/20/2010","2010","2010","D6","Separated","Unverified","138,657,030"
"12/20/2010","2010","2011","D6","Assigned","Unverified","286,438"
"12/20/2010","2010","2011","D6","Separated","Unverified","39,592"
"12/27/2010","2010","2010","D6","Assigned","Unverified","477,203,222"
"12/27/2010","2010","2010","D6","Separated","Unverified","181,912,834"
"12/27/2010","2010","2011","D6","Assigned","Unverified","61,649"
"12/27/2010","2011","2010","D6","Assigned","Unverified","15,000,343"
"12/27/2010","2011","2010","D6","Separated","Unverified","8,956,062"
"12/27/2010","2011","2011","D6","Assigned","Unverified","20,982,501"
"12/27/2010","2011","2011","D6","Separated","Unverified","113,915"
"1/3/2011","2011","2010","D6","Assigned","Unverified","198,502,967"
"1/3/2011","2011","2010","D6","Separated","Unverified","185,344,892"
"1/3/2011","2011","2011","D6","Assigned","Unverified","251,262,480"
"1/3/2011","2011","2011","D6","Separated","Unverified","1,563,311"
"1/10/2011","2011","2010","D6","Assigned","Unverified","88,503,742"
"1/10/2011","2011","2010","D6","Separated","Unverified","252,123,252"
"1/10/2011","2011","2011","D6","Assigned","Unverified","329,362,945"
"1/10/2011","2011","2011","D6","Separated","Unverified","17,010,994"
"1/17/2011","2011","2010","D6","Assigned","Unverified","37,208,233"
"1/17/2011","2011","2010","D6","Separated","Unverified","218,019,161"
"1/17/2011","2011","2011","D6","Assigned","Unverified","353,981,048"
"1/17/2011","2011","2011","D6","Separated","Unverified","50,061,497"
"1/24/2011","2011","2010","D6","Assigned","Unverified","23,879,047"
"1/24/2011","2011","2010","D6","Separated","Unverified","288,299,558"
"1/24/2011","2011","2011","D6","Assigned","Unverified","422,816,710"
"1/24/2011","2011","2011","D6","Separated","Unverified","44,719,011"
"1/31/2011","2011","2010","D6","Assigned","Unverified","14,802,976"
"1/31/2011","2011","2010","D6","Separated","Unverified","107,698,040"
"1/31/2011","2011","2011","D6","Assigned","Unverified","412,341,410"
"1/31/2011","2011","2011","D6","Separated","Unverified","93,297,508"
"2/7/2011","2011","2010","D6","Assigned","Unverified","9,268,522"
"2/7/2011","2011","2010","D6","Separated","Unverified","263,168,191"
"2/7/2011","2011","2011","D6","Assigned","Unverified","447,329,339"
"2/7/2011","2011","2011","D6","Separated","Unverified","123,854,959"
"2/14/2011","2011","2010","D6","Assigned","Unverified","4,433,860"
"2/14/2011","2011","2010","D6","Separated","Unverified","72,971,258"
"2/14/2011","2011","2011","D6","Assigned","Unverified","454,732,697"
"2/14/2011","2011","2011","D6","Separated","Unverified","92,588,719"
"2/21/2011","2011","2010","D6","Assigned","Unverified","2,254,623"
"2/21/2011","2011","2010","D6","Separated","Unverified","120,179,845"
"2/21/2011","2011","2011","D6","Assigned","Unverified","438,133,036"
"2/21/2011","2011","2011","D6","Separated","Unverified","120,353,887"
"2/28/2011","2011","2010","D6","Assigned","Unverified","2,253,917"
"2/28/2011","2011","2010","D6","Separated","Unverified","50,348,254"
"2/28/2011","2011","2011","D6","Assigned","Unverified","483,444,991"
"2/28/2011","2011","2011","D6","Separated","Unverified","188,578,252"
"3/7/2011","2011","2010","D6","Assigned","Unverified","2,151,519"
"3/7/2011","2011","2010","D6","Separated","Unverified","24,569,716"
"3/7/2011","2011","2011","D6","Assigned","Unverified","455,661,037"
"3/7/2011","2011","2011","D6","Separated","Unverified","128,919,720"
"3/14/2011","2011","2010","D6","Assigned","Unverified","403,326"
"3/14/2011","2011","2010","D6","Separated","Unverified","20,902,741"
"3/14/2011","2011","2011","D6","Assigned","Unverified","445,923,122"
"3/14/2011","2011","2011","D6","Separated","Unverified","145,730,403"
"3/21/2011","2011","2010","D6","Assigned","Unverified","229,680"
"3/21/2011","2011","2010","D6","Separated","Unverified","18,614,662"
"3/21/2011","2011","2011","D6","Assigned","Unverified","436,094,744"
"3/21/2011","2011","2011","D6","Separated","Unverified","177,689,553"
"3/28/2011","2011","2010","D6","Assigned","Unverified","395,281"
"3/28/2011","2011","2010","D6","Separated","Unverified","40,280,674"
"3/28/2011","2011","2011","D6","Assigned","Unverified","497,517,231"
"3/28/2011","2011","2011","D6","Separated","Unverified","256,705,087"
"4/4/2011","2011","2010","D6","Assigned","Unverified","15,768"
"4/4/2011","2011","2010","D6","Separated","Unverified","32,922,915"
"4/4/2011","2011","2011","D6","Assigned","Unverified","427,457,563"
"4/4/2011","2011","2011","D6","Separated","Unverified","209,545,868"
"4/11/2011","2011","2010","D6","Assigned","Unverified","853"
"4/11/2011","2011","2010","D6","Separated","Unverified","50,770,246"
"4/11/2011","2011","2011","D6","Assigned","Unverified","419,082,201"
"4/11/2011","2011","2011","D6","Separated","Unverified","153,368,630"
"4/18/2011","2011","2010","D6","Assigned","Unverified","584,513"
"4/18/2011","2011","2010","D6","Separated","Unverified","39,717,454"
"4/18/2011","2011","2011","D6","Assigned","Unverified","423,612,883"
"4/18/2011","2011","2011","D6","Separated","Unverified","201,716,235"
"4/25/2011","2011","2010","D6","Assigned","Unverified","136,238"
"4/25/2011","2011","2010","D6","Separated","Unverified","75,802,983"
"4/25/2011","2011","2011","D6","Assigned","Unverified","475,925,902"
"4/25/2011","2011","2011","D6","Separated","Unverified","267,618,243"
"5/2/2011","2011","2010","D6","Assigned","Unverified","507,221"
"5/2/2011","2011","2010","D6","Separated","Unverified","75,599,754"
"5/2/2011","2011","2011","D6","Assigned","Unverified","397,128,155"
"5/2/2011","2011","2011","D6","Separated","Unverified","202,901,277"
"5/9/2011","2011","2010","D6","Separated","Unverified","31,598,227"
"5/9/2011","2011","2011","D6","Assigned","Unverified","435,639,344"
"5/9/2011","2011","2011","D6","Separated","Unverified","184,472,743"
"5/16/2011","2011","2010","D6","Assigned","Unverified","27"
"5/16/2011","2011","2010","D6","Separated","Unverified","18,325,626"
"5/16/2011","2011","2011","D6","Assigned","Unverified","448,070,965"
"5/16/2011","2011","2011","D6","Separated","Unverified","226,023,592"
"5/23/2011","2011","2010","D6","Separated","Unverified","59,281,473"
"5/23/2011","2011","2011","D6","Assigned","Unverified","450,800,731"
"5/23/2011","2011","2011","D6","Separated","Unverified","271,220,846"
"5/30/2011","2011","2010","D6","Separated","Unverified","20,411,564"
"5/30/2011","2011","2011","D6","Assigned","Unverified","428,478,499"
"5/30/2011","2011","2011","D6","Separated","Unverified","229,488,916"
"6/6/2011","2011","2010","D6","Assigned","Unverified","265"
"6/6/2011","2011","2010","D6","Separated","Unverified","43,064,815"
"6/6/2011","2011","2011","D6","Assigned","Unverified","441,875,975"
"6/6/2011","2011","2011","D6","Separated","Unverified","250,583,738"
"6/13/2011","2011","2010","D6","Assigned","Unverified","220,679"
"6/13/2011","2011","2010","D6","Separated","Unverified","18,890,985"
"6/13/2011","2011","2011","D6","Assigned","Unverified","426,554,366"
"6/13/2011","2011","2011","D6","Separated","Unverified","230,926,170"
"6/20/2011","2011","2010","D6","Assigned","Unverified","151,996"
"6/20/2011","2011","2010","D6","Separated","Unverified","10,215,327"
"6/20/2011","2011","2011","D6","Assigned","Unverified","426,170,817"
"6/20/2011","2011","2011","D6","Separated","Unverified","310,114,114"
"6/27/2011","2011","2010","D6","Assigned","Unverified","59,161"
"6/27/2011","2011","2010","D6","Separated","Unverified","21,337,852"
"6/27/2011","2011","2011","D6","Assigned","Unverified","464,420,164"
"6/27/2011","2011","2011","D6","Separated","Unverified","396,307,720"
"7/4/2011","2011","2010","D6","Separated","Unverified","15,696,808"
"7/4/2011","2011","2011","D6","Assigned","Unverified","391,967,309"
"7/4/2011","2011","2011","D6","Separated","Unverified","267,506,615"
"7/11/2011","2011","2010","D6","Assigned","Unverified","5,596"
"7/11/2011","2011","2010","D6","Separated","Unverified","4,206,113"
"7/11/2011","2011","2011","D6","Assigned","Unverified","444,154,117"
"7/11/2011","2011","2011","D6","Separated","Unverified","252,986,196"
"7/18/2011","2011","2010","D6","Separated","Unverified","7,465,720"
"7/18/2011","2011","2011","D6","Assigned","Unverified","444,323,706"
"7/18/2011","2011","2011","D6","Separated","Unverified","299,571,043"
"7/25/2011","2011","2010","D6","Assigned","Unverified","344,440"
"7/25/2011","2011","2010","D6","Separated","Unverified","54,907,739"
"7/25/2011","2011","2011","D6","Assigned","Unverified","474,166,815"
"7/25/2011","2011","2011","D6","Separated","Unverified","334,783,742"
"8/1/2011","2011","2010","D6","Assigned","Unverified","28,749"
"8/1/2011","2011","2010","D6","Separated","Unverified","17,700,042"
"8/1/2011","2011","2011","D6","Assigned","Unverified","372,328,546"
"8/1/2011","2011","2011","D6","Separated","Unverified","243,108,906"
"8/8/2011","2011","2010","D6","Assigned","Unverified","41,919"
"8/8/2011","2011","2010","D6","Separated","Unverified","58,887,189"
"8/8/2011","2011","2011","D6","Assigned","Unverified","419,544,896"
"8/8/2011","2011","2011","D6","Separated","Unverified","279,626,729"
"8/15/2011","2011","2010","D6","Separated","Unverified","9,451,148"
"8/15/2011","2011","2011","D6","Assigned","Unverified","430,436,765"
"8/15/2011","2011","2011","D6","Separated","Unverified","193,606,937"
"8/22/2011","2011","2010","D6","Assigned","Unverified","1,921"
"8/22/2011","2011","2010","D6","Separated","Unverified","11,506,505"
"8/22/2011","2011","2011","D6","Assigned","Unverified","440,650,320"
"8/22/2011","2011","2011","D6","Separated","Unverified","288,596,112"
"8/29/2011","2011","2010","D6","Assigned","Unverified","1,000"
"8/29/2011","2011","2010","D6","Separated","Unverified","20,226,958"
"8/29/2011","2011","2011","D6","Assigned","Unverified","446,666,900"
"8/29/2011","2011","2011","D6","Separated","Unverified","368,881,428"
"9/5/2011","2011","2010","D6","Separated","Unverified","16,106,301"
"9/5/2011","2011","2011","D6","Assigned","Unverified","383,808,540"
"9/5/2011","2011","2011","D6","Separated","Unverified","270,475,734"
"9/12/2011","2011","2010","D6","Separated","Unverified","26,647,188"
"9/12/2011","2011","2011","D6","Assigned","Unverified","392,756,095"
"9/12/2011","2011","2011","D6","Separated","Unverified","237,217,026"
"9/19/2011","2011","2010","D6","Separated","Unverified","30,610,971"
"9/19/2011","2011","2011","D6","Assigned","Unverified","408,937,798"
"9/19/2011","2011","2011","D6","Separated","Unverified","288,751,668"
"9/26/2011","2011","2010","D6","Assigned","Unverified","701"
"9/26/2011","2011","2010","D6","Separated","Unverified","36,530,345"
"9/26/2011","2011","2011","D6","Assigned","Unverified","432,824,668"
"9/26/2011","2011","2011","D6","Separated","Unverified","593,257,828"
"10/3/2011","2011","2010","D6","Separated","Unverified","28,324,083"
"10/3/2011","2011","2011","D6","Assigned","Unverified","369,465,798"
"10/3/2011","2011","2011","D6","Separated","Unverified","254,625,500"
"10/10/2011","2011","2010","D6","Separated","Unverified","2,869,671"
"10/10/2011","2011","2011","D6","Assigned","Unverified","410,777,969"
"10/10/2011","2011","2011","D6","Separated","Unverified","222,141,581"
"10/17/2011","2011","2010","D6","Separated","Unverified","5,638,837"
"10/17/2011","2011","2011","D6","Assigned","Unverified","404,939,482"
"10/17/2011","2011","2011","D6","Separated","Unverified","222,092,780"
"10/24/2011","2011","2010","D6","Separated","Unverified","41,700,000"
"10/24/2011","2011","2011","D6","Assigned","Unverified","399,839,647"
"10/24/2011","2011","2011","D6","Separated","Unverified","269,383,253"
"10/31/2011","2011","2010","D6","Separated","Unverified","34,788,290"
"10/31/2011","2011","2011","D6","Assigned","Unverified","462,223,885"
"10/31/2011","2011","2011","D6","Separated","Unverified","440,339,528"
"11/7/2011","2011","2010","D6","Separated","Unverified","3,000,701"
"11/7/2011","2011","2011","D6","Assigned","Unverified","411,808,348"
"11/7/2011","2011","2011","D6","Separated","Unverified","245,049,095"
"11/14/2011","2011","2010","D6","Separated","Unverified","5,000,000"
"11/14/2011","2011","2011","D6","Assigned","Unverified","414,242,791"
"11/14/2011","2011","2011","D6","Separated","Unverified","248,939,119"
"11/21/2011","2011","2010","D6","Separated","Unverified","5,000,000"
"11/21/2011","2011","2011","D6","Assigned","Unverified","354,626,423"
"11/21/2011","2011","2011","D6","Separated","Unverified","143,618,132"
"11/28/2011","2011","2010","D6","Assigned","Unverified","3,764"
"11/28/2011","2011","2010","D6","Separated","Unverified","51,098,641"
"11/28/2011","2011","2011","D6","Assigned","Unverified","463,144,809"
"11/28/2011","2011","2011","D6","Separated","Unverified","552,147,921"
"12/5/2011","2011","2010","D6","Separated","Unverified","11,695,823"
"12/5/2011","2011","2011","D6","Assigned","Unverified","424,692,175"
"12/5/2011","2011","2011","D6","Separated","Unverified","427,355,200"
"12/12/2011","2011","2010","D6","Separated","Unverified","22,421,907"
"12/12/2011","2011","2011","D6","Assigned","Unverified","414,368,084"
"12/12/2011","2011","2011","D6","Separated","Unverified","385,077,250"
"12/19/2011","2011","2010","D6","Separated","Unverified","7,529,525"
"12/19/2011","2011","2011","D6","Assigned","Unverified","425,158,492"
"12/19/2011","2011","2011","D6","Separated","Unverified","248,673,294"
"12/26/2011","2011","2010","D6","Separated","Unverified","14,022,144"
"12/26/2011","2011","2011","D6","Assigned","Unverified","415,339,569"
"12/26/2011","2011","2011","D6","Separated","Unverified","352,277,832"
"12/26/2011","2012","2011","D6","Assigned","Unverified","11,417,322"
"12/26/2011","2012","2011","D6","Separated","Unverified","15,700,723"
"12/26/2011","2012","2012","D6","Assigned","Unverified","5,195,003"
"12/26/2011","2012","2012","D6","Separated","Unverified","145,391"
"1/2/2012","2012","2011","D6","Assigned","Unverified","148,455,815"
"1/2/2012","2012","2011","D6","Separated","Unverified","272,070,364"
"1/2/2012","2012","2012","D6","Assigned","Unverified","205,578,944"
"1/2/2012","2012","2012","D6","Separated","Unverified","552,416"
"1/9/2012","2012","2010","D6","Separated","Unverified","52,707,478"
"1/9/2012","2012","2011","D6","Assigned","Unverified","67,347,039"
"1/9/2012","2012","2011","D6","Separated","Unverified","402,083,157"
"1/9/2012","2012","2012","D6","Assigned","Unverified","273,061,166"
"1/9/2012","2012","2012","D6","Separated","Unverified","2,642,029"
"1/16/2012","2012","2010","D6","Separated","Unverified","412,200"
"1/16/2012","2012","2011","D6","Assigned","Unverified","34,997,360"
"1/16/2012","2012","2011","D6","Separated","Unverified","198,148,359"
"1/16/2012","2012","2012","D6","Assigned","Unverified","349,305,847"
"1/16/2012","2012","2012","D6","Separated","Unverified","8,080,763"
"1/23/2012","2012","2010","D6","Separated","Unverified","2,171,235"
"1/23/2012","2012","2011","D6","Assigned","Unverified","19,172,816"
"1/23/2012","2012","2011","D6","Separated","Unverified","276,894,392"
"1/23/2012","2012","2012","D6","Assigned","Unverified","367,429,176"
"1/23/2012","2012","2012","D6","Separated","Unverified","23,805,750"
"1/30/2012","2012","2010","D6","Separated","Unverified","15,647,292"
"1/30/2012","2012","2011","D6","Assigned","Unverified","9,146,072"
"1/30/2012","2012","2011","D6","Separated","Unverified","248,770,613"
"1/30/2012","2012","2012","D6","Assigned","Unverified","377,001,657"
"1/30/2012","2012","2012","D6","Separated","Unverified","57,103,208"
"2/6/2012","2012","2010","D6","Separated","Unverified","2,015,000"
"2/6/2012","2012","2011","D6","Assigned","Unverified","3,581,501"
"2/6/2012","2012","2011","D6","Separated","Unverified","131,783,379"
"2/6/2012","2012","2012","D6","Assigned","Unverified","434,716,458"
"2/6/2012","2012","2012","D6","Separated","Unverified","88,795,137"
"2/13/2012","2012","2010","D6","Separated","Unverified","10,268,859"
"2/13/2012","2012","2011","D6","Assigned","Unverified","571,105"
"2/13/2012","2012","2011","D6","Separated","Unverified","150,661,271"
"2/13/2012","2012","2012","D6","Assigned","Unverified","472,828,984"
"2/13/2012","2012","2012","D6","Separated","Unverified","95,307,690"
"2/20/2012","2012","2010","D6","Separated","Unverified","139,680,422"
"2/20/2012","2012","2011","D6","Assigned","Unverified","584,769"
"2/20/2012","2012","2011","D6","Separated","Unverified","510,268,063"
"2/20/2012","2012","2012","D6","Assigned","Unverified","417,788,562"
"2/20/2012","2012","2012","D6","Separated","Unverified","69,320,351"
"2/27/2012","2012","2010","D6","Separated","Unverified","23,209,916"
"2/27/2012","2012","2011","D6","Assigned","Unverified","172,392"
"2/27/2012","2012","2011","D6","Separated","Unverified","302,602,260"
"2/27/2012","2012","2012","D6","Assigned","Unverified","488,695,110"
"2/27/2012","2012","2012","D6","Separated","Unverified","172,768,844"
"3/5/2012","2012","2011","D6","Assigned","Unverified","422,472"
"3/5/2012","2012","2011","D6","Separated","Unverified","70,064,349"
"3/5/2012","2012","2012","D6","Assigned","Unverified","468,294,770"
"3/5/2012","2012","2012","D6","Separated","Unverified","147,459,733"
"3/12/2012","2012","2011","D6","Assigned","Unverified","234,657"
"3/12/2012","2012","2011","D6","Separated","Unverified","3,749,311"
"3/12/2012","2012","2012","D6","Assigned","Unverified","417,737,825"
"3/12/2012","2012","2012","D6","Separated","Unverified","187,943,467"
"3/19/2012","2012","2011","D6","Assigned","Unverified","90,422"
"3/19/2012","2012","2011","D6","Separated","Unverified","10,310,404"
"3/19/2012","2012","2012","D6","Assigned","Unverified","466,851,170"
"3/19/2012","2012","2012","D6","Separated","Unverified","162,834,705"
"3/26/2012","2012","2011","D6","Assigned","Unverified","495,376"
"3/26/2012","2012","2011","D6","Separated","Unverified","65,931,965"
"3/26/2012","2012","2012","D6","Assigned","Unverified","495,144,333"
"3/26/2012","2012","2012","D6","Separated","Unverified","218,889,620"
"4/2/2012","2012","2011","D6","Assigned","Unverified","23,146"
"4/2/2012","2012","2011","D6","Separated","Unverified","12,652,225"
"4/2/2012","2012","2012","D6","Assigned","Unverified","409,287,660"
"4/2/2012","2012","2012","D6","Separated","Unverified","178,978,177"
"4/9/2012","2012","2011","D6","Assigned","Unverified","212,337"
"4/9/2012","2012","2011","D6","Separated","Unverified","5,870,715"
"4/9/2012","2012","2012","D6","Assigned","Unverified","458,437,773"
"4/9/2012","2012","2012","D6","Separated","Unverified","169,658,650"
"4/16/2012","2012","2011","D6","Assigned","Unverified","204,563"
"4/16/2012","2012","2011","D6","Separated","Unverified","20,300,385"
"4/16/2012","2012","2012","D6","Assigned","Unverified","456,261,502"
"4/16/2012","2012","2012","D6","Separated","Unverified","134,208,230"
"4/23/2012","2012","2011","D6","Assigned","Unverified","40,754"
"4/23/2012","2012","2011","D6","Separated","Unverified","26,992,696"
"4/23/2012","2012","2012","D6","Assigned","Unverified","444,818,997"
"4/23/2012","2012","2012","D6","Separated","Unverified","222,837,265"
"4/30/2012","2012","2011","D6","Assigned","Unverified","34,869"
"4/30/2012","2012","2011","D6","Separated","Unverified","33,061,445"
"4/30/2012","2012","2012","D6","Assigned","Unverified","451,375,661"
"4/30/2012","2012","2012","D6","Separated","Unverified","266,535,759"
"5/7/2012","2012","2011","D6","Assigned","Unverified","10,142"
"5/7/2012","2012","2011","D6","Separated","Unverified","13,344,074"
"5/7/2012","2012","2012","D6","Assigned","Unverified","414,204,739"
"5/7/2012","2012","2012","D6","Separated","Unverified","203,062,242"
"5/14/2012","2012","2011","D6","Assigned","Unverified","10,104"
"5/14/2012","2012","2011","D6","Separated","Unverified","20,238,133"
"5/14/2012","2012","2012","D6","Assigned","Unverified","422,430,544"
"5/14/2012","2012","2012","D6","Separated","Unverified","153,498,555"
"5/21/2012","2012","2011","D6","Assigned","Unverified","11,516"
"5/21/2012","2012","2011","D6","Separated","Unverified","12,060,865"
"5/21/2012","2012","2012","D6","Assigned","Unverified","451,442,959"
"5/21/2012","2012","2012","D6","Separated","Unverified","245,774,630"
"5/28/2012","2012","2011","D6","Assigned","Unverified","8,705"
"5/28/2012","2012","2011","D6","Separated","Unverified","39,427,346"
"5/28/2012","2012","2012","D6","Assigned","Unverified","464,470,665"
"5/28/2012","2012","2012","D6","Separated","Unverified","180,373,393"
"6/4/2012","2012","2011","D6","Assigned","Unverified","13,476"
"6/4/2012","2012","2011","D6","Separated","Unverified","4,052,663"
"6/4/2012","2012","2012","D6","Assigned","Unverified","446,570,641"
"6/4/2012","2012","2012","D6","Separated","Unverified","221,294,122"
"6/11/2012","2012","2011","D6","Assigned","Unverified","5,560"
"6/11/2012","2012","2011","D6","Separated","Unverified","340,639"
"6/11/2012","2012","2012","D6","Assigned","Unverified","443,342,743"
"6/11/2012","2012","2012","D6","Separated","Unverified","154,441,185"
"6/18/2012","2012","2011","D6","Assigned","Unverified","184,110"
"6/18/2012","2012","2011","D6","Separated","Unverified","1,631,632"
"6/18/2012","2012","2012","D6","Assigned","Unverified","437,132,919"
"6/18/2012","2012","2012","D6","Separated","Unverified","246,196,821"
"6/25/2012","2012","2011","D6","Assigned","Unverified","46,357"
"6/25/2012","2012","2011","D6","Separated","Unverified","34,391,066"
"6/25/2012","2012","2012","D6","Assigned","Unverified","506,676,938"
"6/25/2012","2012","2012","D6","Separated","Unverified","483,586,437"
"7/2/2012","2012","2011","D6","Assigned","Unverified","3,551"
"7/2/2012","2012","2011","D6","Separated","Unverified","6,092,992"
"7/2/2012","2012","2012","D6","Assigned","Unverified","403,525,983"
"7/2/2012","2012","2012","D6","Separated","Unverified","168,995,406"
"7/9/2012","2012","2011","D6","Assigned","Unverified","34,638"
"7/9/2012","2012","2011","D6","Separated","Unverified","15,642,986"
"7/9/2012","2012","2012","D6","Assigned","Unverified","442,710,201"
"7/9/2012","2012","2012","D6","Separated","Unverified","272,207,402"
"7/16/2012","2012","2011","D6","Separated","Unverified","24,528,546"
"7/16/2012","2012","2012","D6","Assigned","Unverified","420,530,707"
"7/16/2012","2012","2012","D6","Separated","Unverified","247,060,592"
"7/23/2012","2012","2011","D6","Separated","Unverified","32,110,652"
"7/23/2012","2012","2012","D6","Assigned","Unverified","418,721,529"
"7/23/2012","2012","2012","D6","Separated","Unverified","311,090,352"
"7/30/2012","2012","2011","D6","Separated","Unverified","158,328,684"
"7/30/2012","2012","2012","D6","Assigned","Unverified","417,028,170"
"7/30/2012","2012","2012","D6","Separated","Unverified","276,516,340"
"8/6/2012","2012","2011","D6","Separated","Unverified","35,341,656"
"8/6/2012","2012","2012","D6","Assigned","Unverified","419,700,016"
"8/6/2012","2012","2012","D6","Separated","Unverified","229,966,337"
"8/13/2012","2012","2011","D6","Separated","Unverified","22,178,286"
"8/13/2012","2012","2012","D6","Assigned","Unverified","412,791,888"
"8/13/2012","2012","2012","D6","Separated","Unverified","243,370,972"
"8/20/2012","2012","2011","D6","Assigned","Unverified","7,978"
"8/20/2012","2012","2011","D6","Separated","Unverified","22,215,746"
"8/20/2012","2012","2012","D6","Assigned","Unverified","413,221,548"
"8/20/2012","2012","2012","D6","Separated","Unverified","256,609,305"
"8/27/2012","2012","2011","D6","Assigned","Unverified","15,958"
"8/27/2012","2012","2011","D6","Separated","Unverified","140,135,410"
"8/27/2012","2012","2012","D6","Assigned","Unverified","413,798,876"
"8/27/2012","2012","2012","D6","Separated","Unverified","374,208,277"
"9/3/2012","2012","2011","D6","Separated","Unverified","15,453,978"
"9/3/2012","2012","2012","D6","Assigned","Unverified","382,838,703"
"9/3/2012","2012","2012","D6","Separated","Unverified","230,001,501"
"9/10/2012","2012","2011","D6","Separated","Unverified","23,456,073"
"9/10/2012","2012","2012","D6","Assigned","Unverified","405,084,756"
"9/10/2012","2012","2012","D6","Separated","Unverified","170,384,409"
"9/17/2012","2012","2011","D6","Assigned","Unverified","11,399"
"9/17/2012","2012","2011","D6","Separated","Unverified","28,250,636"
"9/17/2012","2012","2012","D6","Assigned","Unverified","413,441,005"
"9/17/2012","2012","2012","D6","Separated","Unverified","201,904,930"
"9/24/2012","2012","2011","D6","Assigned","Unverified","325,080"
"9/24/2012","2012","2011","D6","Separated","Unverified","46,952,525"
"9/24/2012","2012","2012","D6","Assigned","Unverified","438,466,390"
"9/24/2012","2012","2012","D6","Separated","Unverified","407,538,708"
"10/1/2012","2012","2011","D6","Assigned","Unverified","48,419"
"10/1/2012","2012","2011","D6","Separated","Unverified","48,214,224"
"10/1/2012","2012","2012","D6","Assigned","Unverified","362,546,805"
"10/1/2012","2012","2012","D6","Separated","Unverified","216,882,271"
"10/8/2012","2012","2011","D6","Assigned","Unverified","8,206"
"10/8/2012","2012","2011","D6","Separated","Unverified","6,763,806"
"10/8/2012","2012","2012","D6","Assigned","Unverified","406,231,028"
"10/8/2012","2012","2012","D6","Separated","Unverified","177,825,680"
"10/15/2012","2012","2011","D6","Separated","Unverified","5,509,503"
"10/15/2012","2012","2012","D6","Assigned","Unverified","388,158,849"
"10/15/2012","2012","2012","D6","Separated","Unverified","214,920,222"
"10/22/2012","2012","2011","D6","Separated","Unverified","27,193,470"
"10/22/2012","2012","2012","D6","Assigned","Unverified","403,500,998"
"10/22/2012","2012","2012","D6","Separated","Unverified","285,189,897"
"10/29/2012","2012","2011","D6","Separated","Unverified","72,502,507"
"10/29/2012","2012","2012","D6","Assigned","Unverified","382,232,990"
"10/29/2012","2012","2012","D6","Separated","Unverified","308,628,724"
"11/5/2012","2012","2011","D6","Separated","Unverified","59,768,425"
"11/5/2012","2012","2012","D6","Assigned","Unverified","405,123,612"
"11/5/2012","2012","2012","D6","Separated","Unverified","199,169,208"
"11/12/2012","2012","2011","D6","Separated","Unverified","26,332,273"
"11/12/2012","2012","2012","D6","Assigned","Unverified","427,939,764"
"11/12/2012","2012","2012","D6","Separated","Unverified","305,801,855"
"11/19/2012","2012","2011","D6","Separated","Unverified","11,670,820"
"11/19/2012","2012","2012","D6","Assigned","Unverified","358,230,621"
"11/19/2012","2012","2012","D6","Separated","Unverified","132,566,996"
"11/26/2012","2012","2011","D6","Separated","Unverified","43,747,687"
"11/26/2012","2012","2012","D6","Assigned","Unverified","463,231,923"
"11/26/2012","2012","2012","D6","Separated","Unverified","373,184,164"
"12/3/2012","2012","2011","D6","Separated","Unverified","10,580,000"
"12/3/2012","2012","2012","D6","Assigned","Unverified","403,537,129"
"12/3/2012","2012","2012","D6","Separated","Unverified","271,107,118"
"12/10/2012","2012","2011","D6","Assigned","Unverified","42,000"
"12/10/2012","2012","2011","D6","Separated","Unverified","21,473,508"
"12/10/2012","2012","2012","D6","Assigned","Unverified","421,559,892"
"12/10/2012","2012","2012","D6","Separated","Unverified","258,540,173"
"12/17/2012","2012","2011","D6","Separated","Unverified","17,752,905"
"12/17/2012","2012","2012","D6","Assigned","Unverified","398,150,676"
"12/17/2012","2012","2012","D6","Separated","Unverified","576,520,036"
"12/24/2012","2012","2011","D6","Separated","Unverified","57,886,719"
"12/24/2012","2012","2012","D6","Assigned","Unverified","368,495,734"
"12/24/2012","2012","2012","D6","Separated","Unverified","281,275,110"
"12/31/2012","2012","2011","D6","Separated","Unverified","4,616,703"
"12/31/2012","2012","2012","D6","Assigned","Unverified","112,555,010"
"12/31/2012","2012","2012","D6","Separated","Unverified","70,492,517"
"12/31/2012","2013","2011","D6","Separated","Unverified","5,032,137"
"12/31/2012","2013","2012","D6","Assigned","Unverified","129,653,296"
"12/31/2012","2013","2012","D6","Separated","Unverified","197,259,127"
"12/31/2012","2013","2013","D6","Assigned","Unverified","130,424,985"
"12/31/2012","2013","2013","D6","Separated","Unverified","5,032,360"
"1/7/2013","2013","2011","D6","Separated","Unverified","5,117,262"
"1/7/2013","2013","2012","D6","Assigned","Unverified","61,902,304"
"1/7/2013","2013","2012","D6","Separated","Unverified","293,319,864"
"1/7/2013","2013","2013","D6","Assigned","Unverified","236,247,256"
"1/7/2013","2013","2013","D6","Separated","Unverified","3,361,343"
"1/14/2013","2013","2011","D6","Separated","Unverified","27,866,597"
"1/14/2013","2013","2012","D6","Assigned","Unverified","18,318,686"
"1/14/2013","2013","2012","D6","Separated","Unverified","320,948,206"
"1/14/2013","2013","2013","D6","Assigned","Unverified","329,355,635"
"1/14/2013","2013","2013","D6","Separated","Unverified","7,849,597"
"1/21/2013","2013","2011","D6","Separated","Unverified","5,198,333"
"1/21/2013","2013","2012","D6","Assigned","Unverified","8,621,991"
"1/21/2013","2013","2012","D6","Separated","Unverified","316,333,599"
"1/21/2013","2013","2013","D6","Assigned","Unverified","344,392,221"
"1/21/2013","2013","2013","D6","Separated","Unverified","19,264,425"
"1/28/2013","2013","2011","D6","Separated","Unverified","47,797,493"
"1/28/2013","2013","2012","D6","Assigned","Unverified","9,172,703"
"1/28/2013","2013","2012","D6","Separated","Unverified","375,503,848"
"1/28/2013","2013","2013","D6","Assigned","Unverified","352,810,860"
"1/28/2013","2013","2013","D6","Separated","Unverified","70,860,959"
"2/4/2013","2013","2011","D6","Separated","Unverified","46,350,305"
"2/4/2013","2013","2012","D6","Assigned","Unverified","3,172,702"
"2/4/2013","2013","2012","D6","Separated","Unverified","289,104,987"
"2/4/2013","2013","2013","D6","Assigned","Unverified","406,700,847"
"2/4/2013","2013","2013","D6","Separated","Unverified","91,268,783"
"2/11/2013","2013","2011","D6","Separated","Unverified","32,680,191"
"2/11/2013","2013","2012","D6","Assigned","Unverified","1,520,537"
"2/11/2013","2013","2012","D6","Separated","Unverified","207,144,795"
"2/11/2013","2013","2013","D6","Assigned","Unverified","394,905,435"
"2/11/2013","2013","2013","D6","Separated","Unverified","95,768,335"
"2/18/2013","2013","2011","D6","Separated","Unverified","149,643,551"
"2/18/2013","2013","2012","D6","Assigned","Unverified","708,378"
"2/18/2013","2013","2012","D6","Separated","Unverified","545,980,938"
"2/18/2013","2013","2013","D6","Assigned","Unverified","430,370,569"
"2/18/2013","2013","2013","D6","Separated","Unverified","93,344,981"
"2/25/2013","2013","2011","D6","Separated","Unverified","15,750,459"
"2/25/2013","2013","2012","D6","Assigned","Unverified","104,233"
"2/25/2013","2013","2012","D6","Separated","Unverified","131,936,738"
"2/25/2013","2013","2013","D6","Assigned","Unverified","450,942,099"
"2/25/2013","2013","2013","D6","Separated","Unverified","168,352,901"
"3/4/2013","2013","2012","D6","Assigned","Unverified","781,056"
"3/4/2013","2013","2012","D6","Separated","Unverified","25,244,902"
"3/4/2013","2013","2013","D6","Assigned","Unverified","421,306,955"
"3/4/2013","2013","2013","D6","Separated","Unverified","163,891,323"
"3/11/2013","2013","2012","D6","Assigned","Unverified","580,000"
"3/11/2013","2013","2012","D6","Separated","Unverified","25,870,741"
"3/11/2013","2013","2013","D6","Assigned","Unverified","433,711,231"
"3/11/2013","2013","2013","D6","Separated","Unverified","186,846,386"
"3/18/2013","2013","2012","D6","Assigned","Unverified","321,889"
"3/18/2013","2013","2012","D6","Separated","Unverified","33,082,480"
"3/18/2013","2013","2013","D6","Assigned","Unverified","451,550,481"
"3/18/2013","2013","2013","D6","Separated","Unverified","177,043,403"
"3/25/2013","2013","2012","D6","Assigned","Unverified","206,220"
"3/25/2013","2013","2012","D6","Separated","Unverified","22,776,704"
"3/25/2013","2013","2013","D6","Assigned","Unverified","443,640,130"
"3/25/2013","2013","2013","D6","Separated","Unverified","202,743,375"
"4/1/2013","2013","2012","D6","Assigned","Unverified","6,984"
"4/1/2013","2013","2012","D6","Separated","Unverified","10,573,371"
"4/1/2013","2013","2013","D6","Assigned","Unverified","430,277,436"
"4/1/2013","2013","2013","D6","Separated","Unverified","249,622,135"
"4/8/2013","2013","2012","D6","Assigned","Unverified","36,020"
"4/8/2013","2013","2012","D6","Separated","Unverified","9,203,805"
"4/8/2013","2013","2013","D6","Assigned","Unverified","425,928,076"
"4/8/2013","2013","2013","D6","Separated","Unverified","182,221,251"
"4/15/2013","2013","2012","D6","Assigned","Unverified","65,265"
"4/15/2013","2013","2012","D6","Separated","Unverified","25,344,689"
"4/15/2013","2013","2013","D6","Assigned","Unverified","429,180,070"
"4/15/2013","2013","2013","D6","Separated","Unverified","194,293,571"
"4/22/2013","2013","2012","D6","Assigned","Unverified","13,212"
"4/22/2013","2013","2012","D6","Separated","Unverified","50,186,344"
"4/22/2013","2013","2013","D6","Assigned","Unverified","439,571,765"
"4/22/2013","2013","2013","D6","Separated","Unverified","260,238,729"
"4/29/2013","2013","2012","D6","Assigned","Unverified","25,386"
"4/29/2013","2013","2012","D6","Separated","Unverified","63,004,752"
"4/29/2013","2013","2013","D6","Assigned","Unverified","434,311,492"
"4/29/2013","2013","2013","D6","Separated","Unverified","260,870,177"
"5/6/2013","2013","2012","D6","Assigned","Unverified","3,400"
"5/6/2013","2013","2012","D6","Separated","Unverified","33,023,338"
"5/6/2013","2013","2013","D6","Assigned","Unverified","493,602,649"
"5/6/2013","2013","2013","D6","Separated","Unverified","242,853,924"
"5/13/2013","2013","2012","D6","Separated","Unverified","7,037,243"
"5/13/2013","2013","2013","D6","Assigned","Unverified","448,539,012"
"5/13/2013","2013","2013","D6","Separated","Unverified","186,304,388"
"5/20/2013","2013","2012","D6","Assigned","Unverified","24,189"
"5/20/2013","2013","2012","D6","Separated","Unverified","3,091,595"
"5/20/2013","2013","2013","D6","Assigned","Unverified","467,958,172"
"5/20/2013","2013","2013","D6","Separated","Unverified","255,723,396"
"5/27/2013","2013","2012","D6","Assigned","Unverified","73,096"
"5/27/2013","2013","2012","D6","Separated","Unverified","22,013,513"
"5/27/2013","2013","2013","D6","Assigned","Unverified","438,060,432"
"5/27/2013","2013","2013","D6","Separated","Unverified","322,065,324"
"6/3/2013","2013","2012","D6","Separated","Unverified","19,923,504"
"6/3/2013","2013","2013","D6","Assigned","Unverified","455,548,466"
"6/3/2013","2013","2013","D6","Separated","Unverified","235,939,221"
"6/10/2013","2013","2012","D6","Assigned","Unverified","8,078"
"6/10/2013","2013","2012","D6","Separated","Unverified","5,507,643"
"6/10/2013","2013","2013","D6","Assigned","Unverified","458,683,889"
"6/10/2013","2013","2013","D6","Separated","Unverified","249,865,158"
"6/17/2013","2013","2012","D6","Separated","Unverified","5,790,989"
"6/17/2013","2013","2013","D6","Assigned","Unverified","479,424,520"
"6/17/2013","2013","2013","D6","Separated","Unverified","329,664,331"
"6/24/2013","2013","2012","D6","Separated","Unverified","86,791,773"
"6/24/2013","2013","2013","D6","Assigned","Unverified","522,218,455"
"6/24/2013","2013","2013","D6","Separated","Unverified","1,093,102,900"
"7/1/2013","2013","2012","D6","Separated","Unverified","13,822,386"
"7/1/2013","2013","2013","D6","Assigned","Unverified","386,521,252"
"7/1/2013","2013","2013","D6","Separated","Unverified","276,925,156"
"7/8/2013","2013","2012","D6","Separated","Unverified","5,480,771"
"7/8/2013","2013","2013","D6","Assigned","Unverified","489,978,606"
"7/8/2013","2013","2013","D6","Separated","Unverified","252,698,096"
"7/15/2013","2013","2012","D6","Separated","Unverified","6,973,504"
"7/15/2013","2013","2013","D6","Assigned","Unverified","441,788,903"
"7/15/2013","2013","2013","D6","Separated","Unverified","255,403,957"
"7/22/2013","2013","2012","D6","Separated","Unverified","28,373,885"
"7/22/2013","2013","2013","D6","Assigned","Unverified","423,921,252"
"7/22/2013","2013","2013","D6","Separated","Unverified","339,175,809"
"7/29/2013","2013","2012","D6","Separated","Unverified","32,322,449"
"7/29/2013","2013","2013","D6","Assigned","Unverified","450,075,122"
"7/29/2013","2013","2013","D6","Separated","Unverified","317,067,929"
"8/5/2013","2013","2012","D6","Assigned","Unverified","7,222,161"
"8/5/2013","2013","2012","D6","Separated","Unverified","2,594,375"
"8/5/2013","2013","2013","D6","Assigned","Unverified","456,589,988"
"8/5/2013","2013","2013","D6","Separated","Unverified","243,277,050"
"8/12/2013","2013","2012","D6","Separated","Unverified","6,283,588"
"8/12/2013","2013","2013","D6","Assigned","Unverified","455,761,007"
"8/12/2013","2013","2013","D6","Separated","Unverified","224,837,659"
"8/19/2013","2013","2012","D6","Separated","Unverified","11,399,692"
"8/19/2013","2013","2013","D6","Assigned","Unverified","428,539,613"
"8/19/2013","2013","2013","D6","Separated","Unverified","227,340,319"
"8/26/2013","2013","2012","D6","Separated","Unverified","18,523,803"
"8/26/2013","2013","2013","D6","Assigned","Unverified","483,775,977"
"8/26/2013","2013","2013","D6","Separated","Unverified","395,797,138"
"9/2/2013","2013","2012","D6","Separated","Unverified","5,351,575"
"9/2/2013","2013","2013","D6","Assigned","Unverified","416,974,583"
"9/2/2013","2013","2013","D6","Separated","Unverified","260,910,814"
"9/9/2013","2013","2012","D6","Assigned","Unverified","4,200"
"9/9/2013","2013","2012","D6","Separated","Unverified","28,308,000"
"9/9/2013","2013","2013","D6","Assigned","Unverified","441,701,928"
"9/9/2013","2013","2013","D6","Separated","Unverified","328,747,668"
"9/16/2013","2013","2012","D6","Separated","Unverified","4,297,500"
"9/16/2013","2013","2013","D6","Assigned","Unverified","439,114,432"
"9/16/2013","2013","2013","D6","Separated","Unverified","464,911,530"
"9/23/2013","2013","2012","D6","Separated","Unverified","60,730,636"
"9/23/2013","2013","2013","D6","Assigned","Unverified","431,060,456"
"9/23/2013","2013","2013","D6","Separated","Unverified","647,148,476"
"9/30/2013","2013","2012","D6","Separated","Unverified","9,500,267"
"9/30/2013","2013","2013","D6","Assigned","Unverified","436,926,853"
"9/30/2013","2013","2013","D6","Separated","Unverified","544,889,790"
"10/7/2013","2013","2012","D6","Separated","Unverified","9,419,443"
"10/7/2013","2013","2013","D6","Assigned","Unverified","431,319,027"
"10/7/2013","2013","2013","D6","Separated","Unverified","281,770,623"
"10/14/2013","2013","2012","D6","Separated","Unverified","3,022,184"
"10/14/2013","2013","2013","D6","Assigned","Unverified","427,064,915"
"10/14/2013","2013","2013","D6","Separated","Unverified","333,761,915"
"10/21/2013","2013","2012","D6","Separated","Unverified","1,633,520"
"10/21/2013","2013","2013","D6","Assigned","Unverified","435,843,273"
"10/21/2013","2013","2013","D6","Separated","Unverified","322,327,423"
"10/28/2013","2013","2012","D6","Separated","Unverified","8,142,737"
"10/28/2013","2013","2013","D6","Assigned","Unverified","443,952,706"
"10/28/2013","2013","2013","D6","Separated","Unverified","397,553,968"
"11/4/2013","2013","2012","D6","Separated","Unverified","3,381,000"
"11/4/2013","2013","2013","D6","Assigned","Unverified","455,665,773"
"11/4/2013","2013","2013","D6","Separated","Unverified","332,538,631"
"11/11/2013","2013","2012","D6","Separated","Unverified","1,159,732"
"11/11/2013","2013","2013","D6","Assigned","Unverified","453,429,080"
"11/11/2013","2013","2013","D6","Separated","Unverified","258,561,448"
"11/18/2013","2013","2012","D6","Separated","Unverified","1,044,100"
"11/18/2013","2013","2013","D6","Assigned","Unverified","454,442,945"
"11/18/2013","2013","2013","D6","Separated","Unverified","252,742,485"
"11/25/2013","2013","2012","D6","Separated","Unverified","6,150,000"
"11/25/2013","2013","2013","D6","Assigned","Unverified","441,225,366"
"11/25/2013","2013","2013","D6","Separated","Unverified","608,782,799"
"12/2/2013","2013","2012","D6","Separated","Unverified","8,389,660"
"12/2/2013","2013","2013","D6","Assigned","Unverified","469,371,143"
"12/2/2013","2013","2013","D6","Separated","Unverified","333,684,975"
"12/9/2013","2013","2012","D6","Separated","Unverified","22,386,000"
"12/9/2013","2013","2013","D6","Assigned","Unverified","451,855,039"
"12/9/2013","2013","2013","D6","Separated","Unverified","402,419,330"
"12/16/2013","2013","2012","D6","Separated","Unverified","33,328,000"
"12/16/2013","2013","2013","D6","Assigned","Unverified","459,580,941"
"12/16/2013","2013","2013","D6","Separated","Unverified","684,685,807"
"12/23/2013","2013","2012","D6","Separated","Unverified","1,000,000"
"12/23/2013","2013","2013","D6","Assigned","Unverified","406,324,008"
"12/23/2013","2013","2013","D6","Separated","Unverified","340,295,311"
"12/30/2013","2013","2012","D6","Separated","Unverified","5,021,867"
"12/30/2013","2013","2013","D6","Assigned","Unverified","259,248,035"
"12/30/2013","2013","2013","D6","Separated","Unverified","434,612,835"
"12/30/2013","2014","2012","D6","Separated","Unverified","2,019,600"
"12/30/2013","2014","2013","D6","Assigned","Unverified","94,960,112"
"12/30/2013","2014","2013","D6","Separated","Unverified","127,702,459"
"12/30/2013","2014","2014","D6","Assigned","Unverified","112,927,742"
"12/30/2013","2014","2014","D6","Separated","Unverified","5,286,374"
"1/6/2014","2014","2012","D6","Separated","Unverified","500,000"
"1/6/2014","2014","2013","D6","Assigned","Unverified","108,922,018"
"1/6/2014","2014","2013","D6","Separated","Unverified","214,827,440"
"1/6/2014","2014","2014","D6","Assigned","Unverified","294,639,912"
"1/6/2014","2014","2014","D6","Separated","Unverified","11,046,119"
"1/13/2014","2014","2012","D6","Separated","Unverified","41,921"
"1/13/2014","2014","2013","D6","Assigned","Unverified","30,069,806"
"1/13/2014","2014","2013","D6","Separated","Unverified","241,666,423"
"1/13/2014","2014","2014","D6","Assigned","Unverified","399,952,477"
"1/13/2014","2014","2014","D6","Separated","Unverified","29,155,350"
"1/20/2014","2014","2012","D6","Assigned","Unverified","85,000"
"1/20/2014","2014","2012","D6","Separated","Unverified","3,204,215"
"1/20/2014","2014","2013","D6","Assigned","Unverified","13,797,590"
"1/20/2014","2014","2013","D6","Separated","Unverified","166,741,931"
"1/20/2014","2014","2014","D6","Assigned","Unverified","432,584,403"
"1/20/2014","2014","2014","D6","Separated","Unverified","46,078,763"
"1/27/2014","2014","2012","D6","Assigned","Unverified","3,766,154"
"1/27/2014","2014","2012","D6","Separated","Unverified","3,572,019"
"1/27/2014","2014","2013","D6","Assigned","Unverified","11,576,415"
"1/27/2014","2014","2013","D6","Separated","Unverified","231,649,014"
"1/27/2014","2014","2014","D6","Assigned","Unverified","447,792,456"
"1/27/2014","2014","2014","D6","Separated","Unverified","87,884,165"
"2/3/2014","2014","2012","D6","Separated","Unverified","1,167,961"
"2/3/2014","2014","2013","D6","Assigned","Unverified","162,523"
"2/3/2014","2014","2013","D6","Separated","Unverified","80,869,086"
"2/3/2014","2014","2014","D6","Assigned","Unverified","408,400,452"
"2/3/2014","2014","2014","D6","Separated","Unverified","128,505,128"
"2/10/2014","2014","2012","D6","Separated","Unverified","1,500,000"
"2/10/2014","2014","2013","D6","Assigned","Unverified","8,116"
"2/10/2014","2014","2013","D6","Separated","Unverified","84,720,118"
"2/10/2014","2014","2014","D6","Assigned","Unverified","454,463,939"
"2/10/2014","2014","2014","D6","Separated","Unverified","203,216,844"
"2/17/2014","2014","2012","D6","Separated","Unverified","1,002,245"
"2/17/2014","2014","2013","D6","Assigned","Unverified","383,766"
"2/17/2014","2014","2013","D6","Separated","Unverified","39,665,471"
"2/17/2014","2014","2014","D6","Assigned","Unverified","445,815,598"
"2/17/2014","2014","2014","D6","Separated","Unverified","149,666,179"
"2/24/2014","2014","2012","D6","Separated","Unverified","4,542,956"
"2/24/2014","2014","2013","D6","Assigned","Unverified","116,740"
"2/24/2014","2014","2013","D6","Separated","Unverified","90,504,675"
"2/24/2014","2014","2014","D6","Assigned","Unverified","490,587,480"
"2/24/2014","2014","2014","D6","Separated","Unverified","208,575,813"
"3/3/2014","2014","2012","D6","Assigned","Unverified","114,789"
"3/3/2014","2014","2013","D6","Assigned","Unverified","1,580,612"
"3/3/2014","2014","2013","D6","Separated","Unverified","39,307,673"
"3/3/2014","2014","2014","D6","Assigned","Unverified","412,538,546"
"3/3/2014","2014","2014","D6","Separated","Unverified","251,871,437"
"3/10/2014","2014","2012","D6","Separated","Unverified","1,100,000"
"3/10/2014","2014","2013","D6","Separated","Unverified","59,387,991"
"3/10/2014","2014","2014","D6","Assigned","Unverified","446,946,145"
"3/10/2014","2014","2014","D6","Separated","Unverified","240,514,056"
"3/17/2014","2014","2013","D6","Assigned","Unverified","15,224"
"3/17/2014","2014","2013","D6","Separated","Unverified","69,461,759"
"3/17/2014","2014","2014","D6","Assigned","Unverified","470,635,923"
"3/17/2014","2014","2014","D6","Separated","Unverified","275,872,653"
"3/24/2014","2014","2012","D6","Separated","Unverified","28,900,000"
"3/24/2014","2014","2013","D6","Assigned","Unverified","52,848"
"3/24/2014","2014","2013","D6","Separated","Unverified","158,328,279"
"3/24/2014","2014","2014","D6","Assigned","Unverified","473,444,276"
"3/24/2014","2014","2014","D6","Separated","Unverified","266,012,648"
"3/31/2014","2014","2012","D6","Separated","Unverified","2,725,000"
"3/31/2014","2014","2013","D6","Assigned","Unverified","5,904"
"3/31/2014","2014","2013","D6","Separated","Unverified","62,357,053"
"3/31/2014","2014","2014","D6","Assigned","Unverified","483,009,368"
"3/31/2014","2014","2014","D6","Separated","Unverified","338,268,624"
"4/7/2014","2014","2012","D6","Assigned","Unverified","7,000"
"4/7/2014","2014","2012","D6","Separated","Unverified","7,945,805"
"4/7/2014","2014","2013","D6","Separated","Unverified","160,746,888"
"4/7/2014","2014","2014","D6","Assigned","Unverified","485,470,743"
"4/7/2014","2014","2014","D6","Separated","Unverified","229,563,918"
"4/14/2014","2014","2012","D6","Separated","Unverified","1,059,056"
"4/14/2014","2014","2013","D6","Assigned","Unverified","10,016,057"
"4/14/2014","2014","2013","D6","Separated","Unverified","27,503,246"
"4/14/2014","2014","2014","D6","Assigned","Unverified","429,543,759"
"4/14/2014","2014","2014","D6","Separated","Unverified","203,454,935"
"4/21/2014","2014","2013","D6","Separated","Unverified","38,073,324"
"4/21/2014","2014","2014","D6","Assigned","Unverified","488,443,650"
"4/21/2014","2014","2014","D6","Separated","Unverified","186,104,204"
"4/28/2014","2014","2012","D6","Separated","Unverified","22,079,754"
"4/28/2014","2014","2013","D6","Separated","Unverified","78,011,427"
"4/28/2014","2014","2014","D6","Assigned","Unverified","468,883,730"
"4/28/2014","2014","2014","D6","Separated","Unverified","293,288,847"
"5/5/2014","2014","2012","D6","Separated","Unverified","3,400,000"
"5/5/2014","2014","2013","D6","Separated","Unverified","31,685,198"
"5/5/2014","2014","2014","D6","Assigned","Unverified","495,272,925"
"5/5/2014","2014","2014","D6","Separated","Unverified","287,461,036"
"5/12/2014","2014","2012","D6","Separated","Unverified","2,500,000"
"5/12/2014","2014","2013","D6","Assigned","Unverified","15,300"
"5/12/2014","2014","2013","D6","Separated","Unverified","47,952,403"
"5/12/2014","2014","2014","D6","Assigned","Unverified","464,265,414"
"5/12/2014","2014","2014","D6","Separated","Unverified","269,958,789"
"5/19/2014","2014","2012","D6","Separated","Unverified","1,000,000"
"5/19/2014","2014","2013","D6","Separated","Unverified","92,150,632"
"5/19/2014","2014","2014","D6","Assigned","Unverified","458,568,488"
"5/19/2014","2014","2014","D6","Separated","Unverified","195,158,716"
"5/26/2014","2014","2012","D6","Separated","Unverified","36,184,706"
"5/26/2014","2014","2013","D6","Separated","Unverified","211,384,964"
"5/26/2014","2014","2014","D6","Assigned","Unverified","502,771,489"
"5/26/2014","2014","2014","D6","Separated","Unverified","315,379,771"
"6/2/2014","2014","2012","D6","Separated","Unverified","10,351,278"
"6/2/2014","2014","2013","D6","Separated","Unverified","37,424,964"
"6/2/2014","2014","2014","D6","Assigned","Unverified","447,621,429"
"6/2/2014","2014","2014","D6","Separated","Unverified","320,829,269"
"6/9/2014","2014","2012","D6","Separated","Unverified","13,300,000"
"6/9/2014","2014","2013","D6","Separated","Unverified","64,747,094"
"6/9/2014","2014","2014","D6","Assigned","Unverified","482,385,920"
"6/9/2014","2014","2014","D6","Separated","Unverified","328,397,076"
"6/16/2014","2014","2013","D6","Assigned","Unverified","1,082,921"
"6/16/2014","2014","2013","D6","Separated","Unverified","56,486,801"
"6/16/2014","2014","2014","D6","Assigned","Unverified","480,795,951"
"6/16/2014","2014","2014","D6","Separated","Unverified","393,745,831"
"6/23/2014","2014","2013","D6","Separated","Unverified","12,200,759"
"6/23/2014","2014","2014","D6","Assigned","Unverified","468,720,426"
"6/23/2014","2014","2014","D6","Separated","Unverified","455,527,191"
"6/30/2014","2014","2013","D6","Assigned","Unverified","145,004"
"6/30/2014","2014","2013","D6","Separated","Unverified","5,003,003"
"6/30/2014","2014","2014","D6","Assigned","Unverified","432,169,476"
"6/30/2014","2014","2014","D6","Separated","Unverified","490,577,676"
"7/7/2014","2014","2012","D6","Separated","Unverified","1,148,693"
"7/7/2014","2014","2013","D6","Assigned","Unverified","45,859"
"7/7/2014","2014","2013","D6","Separated","Unverified","16,516,719"
"7/7/2014","2014","2014","D6","Assigned","Unverified","465,259,701"
"7/7/2014","2014","2014","D6","Separated","Unverified","260,015,815"
"7/14/2014","2014","2013","D6","Assigned","Unverified","13,663"
"7/14/2014","2014","2013","D6","Separated","Unverified","3,723,805"
"7/14/2014","2014","2014","D6","Assigned","Unverified","470,832,312"
"7/14/2014","2014","2014","D6","Separated","Unverified","315,845,898"
"7/21/2014","2014","2012","D6","Separated","Unverified","4,437,713"
"7/21/2014","2014","2013","D6","Assigned","Unverified","62,600"
"7/21/2014","2014","2013","D6","Separated","Unverified","6,358,681"
"7/21/2014","2014","2014","D6","Assigned","Unverified","465,115,299"
"7/21/2014","2014","2014","D6","Separated","Unverified","259,377,702"
"7/28/2014","2014","2013","D6","Separated","Unverified","4,662,489"
"7/28/2014","2014","2014","D6","Assigned","Unverified","485,081,576"
"7/28/2014","2014","2014","D6","Separated","Unverified","300,627,066"
"8/4/2014","2014","2012","D6","Separated","Unverified","3,175,611"
"8/4/2014","2014","2013","D6","Separated","Unverified","58,376,290"
"8/4/2014","2014","2014","D6","Assigned","Unverified","473,058,781"
"8/4/2014","2014","2014","D6","Separated","Unverified","370,988,187"
"8/11/2014","2014","2013","D6","Separated","Unverified","114,708"
"8/11/2014","2014","2014","D6","Assigned","Unverified","456,462,671"
"8/11/2014","2014","2014","D6","Separated","Unverified","232,737,402"
"8/18/2014","2014","2013","D6","Separated","Unverified","1,779,366"
"8/18/2014","2014","2014","D6","Assigned","Unverified","476,473,683"
"8/18/2014","2014","2014","D6","Separated","Unverified","362,461,643"
"8/25/2014","2014","2012","D6","Separated","Unverified","145,806"
"8/25/2014","2014","2013","D6","Separated","Unverified","1,312,762"
"8/25/2014","2014","2014","D6","Assigned","Unverified","477,725,428"
"8/25/2014","2014","2014","D6","Separated","Unverified","300,473,729"
"9/1/2014","2014","2013","D6","Separated","Unverified","4,275,465"
"9/1/2014","2014","2014","D6","Assigned","Unverified","452,939,766"
"9/1/2014","2014","2014","D6","Separated","Unverified","227,005,281"
"9/8/2014","2014","2013","D6","Separated","Unverified","16,011,396"
"9/8/2014","2014","2014","D6","Assigned","Unverified","465,091,032"
"9/8/2014","2014","2014","D6","Separated","Unverified","316,627,490"
"9/15/2014","2014","2013","D6","Separated","Unverified","2,448,946"
"9/15/2014","2014","2014","D6","Assigned","Unverified","467,652,641"
"9/15/2014","2014","2014","D6","Separated","Unverified","402,316,568"
"9/22/2014","2014","2013","D6","Separated","Unverified","5,726,848"
"9/22/2014","2014","2014","D6","Assigned","Unverified","459,431,330"
"9/22/2014","2014","2014","D6","Separated","Unverified","420,242,676"
"9/29/2014","2014","2012","D6","Separated","Unverified","12,064"
"9/29/2014","2014","2013","D6","Separated","Unverified","3,695,638"
"9/29/2014","2014","2014","D6","Assigned","Unverified","442,880,586"
"9/29/2014","2014","2014","D6","Separated","Unverified","581,667,493"
"10/6/2014","2014","2012","D6","Separated","Unverified","400,000"
"10/6/2014","2014","2013","D6","Separated","Unverified","13,002,076"
"10/6/2014","2014","2014","D6","Assigned","Unverified","439,959,885"
"10/6/2014","2014","2014","D6","Separated","Unverified","334,909,859"
"10/13/2014","2014","2013","D6","Separated","Unverified","7,000,000"
"10/13/2014","2014","2014","D6","Assigned","Unverified","437,519,793"
"10/13/2014","2014","2014","D6","Separated","Unverified","294,278,262"
"10/20/2014","2014","2012","D6","Separated","Unverified","19,775,170"
"10/20/2014","2014","2013","D6","Separated","Unverified","91,123,755"
"10/20/2014","2014","2014","D6","Assigned","Unverified","452,152,651"
"10/20/2014","2014","2014","D6","Separated","Unverified","317,643,605"
"10/27/2014","2014","2012","D6","Assigned","Unverified","319,004"
"10/27/2014","2014","2013","D6","Separated","Unverified","20,614,868"
"10/27/2014","2014","2014","D6","Assigned","Unverified","467,968,933"
"10/27/2014","2014","2014","D6","Separated","Unverified","503,380,753"
"11/3/2014","2014","2012","D6","Separated","Unverified","3,820,324"
"11/3/2014","2014","2013","D6","Separated","Unverified","13,889,664"
"11/3/2014","2014","2014","D6","Assigned","Unverified","438,581,520"
"11/3/2014","2014","2014","D6","Separated","Unverified","290,837,687"
"11/10/2014","2014","2012","D6","Assigned","Unverified","15,328"
"11/10/2014","2014","2013","D6","Assigned","Unverified","55,918"
"11/10/2014","2014","2013","D6","Separated","Unverified","4,022,663"
"11/10/2014","2014","2014","D6","Assigned","Unverified","484,128,418"
"11/10/2014","2014","2014","D6","Separated","Unverified","311,976,891"
"11/17/2014","2014","2013","D6","Assigned","Unverified","175,979"
"11/17/2014","2014","2013","D6","Separated","Unverified","13,090,007"
"11/17/2014","2014","2014","D6","Assigned","Unverified","478,174,962"
"11/17/2014","2014","2014","D6","Separated","Unverified","498,605,241"
"11/24/2014","2014","2013","D6","Separated","Unverified","7,442,601"
"11/24/2014","2014","2014","D6","Assigned","Unverified","471,143,582"
"11/24/2014","2014","2014","D6","Separated","Unverified","270,129,215"
"12/1/2014","2014","2013","D6","Separated","Unverified","4,518,482"
"12/1/2014","2014","2014","D6","Assigned","Unverified","456,830,340"
"12/1/2014","2014","2014","D6","Separated","Unverified","304,426,880"
"12/8/2014","2014","2012","D6","Separated","Unverified","1,282,371"
"12/8/2014","2014","2013","D6","Assigned","Unverified","29,017"
"12/8/2014","2014","2013","D6","Separated","Unverified","2,866,678"
"12/8/2014","2014","2014","D6","Assigned","Unverified","554,931,954"
"12/8/2014","2014","2014","D6","Separated","Unverified","476,433,059"
"12/15/2014","2014","2013","D6","Separated","Unverified","9,689,221"
"12/15/2014","2014","2014","D6","Assigned","Unverified","500,737,568"
"12/15/2014","2014","2014","D6","Separated","Unverified","831,394,407"
"12/22/2014","2014","2013","D6","Separated","Unverified","114,990"
"12/22/2014","2014","2014","D6","Assigned","Unverified","452,730,505"
"12/22/2014","2014","2014","D6","Separated","Unverified","395,898,187"
"12/29/2014","2014","2013","D6","Assigned","Unverified","170,679"
"12/29/2014","2014","2013","D6","Separated","Unverified","1,950,000"
"12/29/2014","2014","2014","D6","Assigned","Unverified","315,814,916"
"12/29/2014","2014","2014","D6","Separated","Unverified","666,986,118"
"12/29/2014","2015","2013","D6","Assigned","Unverified","1,479,143"
"12/29/2014","2015","2014","D6","Assigned","Unverified","70,668,621"
"12/29/2014","2015","2014","D6","Separated","Unverified","68,515,441"
"12/29/2014","2015","2015","D6","Assigned","Q-RIN","261,070"
"12/29/2014","2015","2015","D6","Assigned","Unverified","82,504,332"
"12/29/2014","2015","2015","D6","Separated","Unverified","155,853"
"1/5/2015","2015","2013","D6","Assigned","Unverified","23,561"
"1/5/2015","2015","2013","D6","Separated","Unverified","1,003,674"
"1/5/2015","2015","2014","D6","Assigned","Q-RIN","284,688"
"1/5/2015","2015","2014","D6","Assigned","Unverified","124,047,030"
"1/5/2015","2015","2014","D6","Separated","Unverified","291,963,720"
"1/5/2015","2015","2015","D6","Assigned","Q-RIN","539,546"
"1/5/2015","2015","2015","D6","Assigned","Unverified","351,706,969"
"1/5/2015","2015","2015","D6","Separated","Unverified","7,227,399"
"1/12/2015","2015","2013","D6","Separated","Unverified","551,779"
"1/12/2015","2015","2014","D6","Assigned","Q-RIN","40,354"
"1/12/2015","2015","2014","D6","Assigned","Unverified","55,737,636"
"1/12/2015","2015","2014","D6","Separated","Unverified","412,100,829"
"1/12/2015","2015","2015","D6","Assigned","Q-RIN","602,846"
"1/12/2015","2015","2015","D6","Assigned","Unverified","410,407,186"
"1/12/2015","2015","2015","D6","Separated","Unverified","27,361,745"
"1/19/2015","2015","2013","D6","Separated","Unverified","2,120,940"
"1/19/2015","2015","2014","D6","Assigned","Q-RIN","381,364"
"1/19/2015","2015","2014","D6","Assigned","Unverified","17,346,469"
"1/19/2015","2015","2014","D6","Separated","Unverified","205,363,300"
"1/19/2015","2015","2015","D6","Assigned","Q-RIN","566,840"
"1/19/2015","2015","2015","D6","Assigned","Unverified","432,259,300"
"1/19/2015","2015","2015","D6","Separated","Unverified","31,167,339"
"1/26/2015","2015","2013","D6","Assigned","Unverified","72,091"
"1/26/2015","2015","2013","D6","Separated","Unverified","10,846,641"
"1/26/2015","2015","2014","D6","Assigned","Unverified","6,302,900"
"1/26/2015","2015","2014","D6","Separated","Unverified","353,538,236"
"1/26/2015","2015","2015","D6","Assigned","Q-RIN","681,075"
"1/26/2015","2015","2015","D6","Assigned","Unverified","463,676,897"
"1/26/2015","2015","2015","D6","Separated","Unverified","78,341,441"
"2/2/2015","2015","2013","D6","Separated","Unverified","125,600"
"2/2/2015","2015","2014","D6","Assigned","Unverified","793,583"
"2/2/2015","2015","2014","D6","Separated","Unverified","93,291,143"
"2/2/2015","2015","2015","D6","Assigned","Q-RIN","615,598"
"2/2/2015","2015","2015","D6","Assigned","Unverified","438,820,877"
"2/2/2015","2015","2015","D6","Separated","Unverified","125,045,836"
"2/9/2015","2015","2013","D6","Separated","Unverified","3,125,729"
"2/9/2015","2015","2014","D6","Assigned","Unverified","415,247"
"2/9/2015","2015","2014","D6","Separated","Unverified","125,888,630"
"2/9/2015","2015","2015","D6","Assigned","Q-RIN","446,075"
"2/9/2015","2015","2015","D6","Assigned","Unverified","477,817,887"
"2/9/2015","2015","2015","D6","Separated","Unverified","167,757,085"
"2/16/2015","2015","2013","D6","Separated","Unverified","65,767"
"2/16/2015","2015","2014","D6","Assigned","Unverified","209,734"
"2/16/2015","2015","2014","D6","Separated","Unverified","45,362,179"
"2/16/2015","2015","2015","D6","Assigned","Q-RIN","702,307"
"2/16/2015","2015","2015","D6","Assigned","Unverified","450,936,561"
"2/16/2015","2015","2015","D6","Separated","Unverified","139,946,986"
"2/23/2015","2015","2013","D6","Separated","Unverified","2,147,820"
"2/23/2015","2015","2014","D6","Assigned","Unverified","46,930"
"2/23/2015","2015","2014","D6","Separated","Unverified","110,475,007"
"2/23/2015","2015","2015","D6","Assigned","Q-RIN","550,638"
"2/23/2015","2015","2015","D6","Assigned","Unverified","533,848,857"
"2/23/2015","2015","2015","D6","Separated","Unverified","224,134,050"
"3/2/2015","2015","2013","D6","Separated","Unverified","49,000,000"
"3/2/2015","2015","2014","D6","Assigned","Unverified","100,202"
"3/2/2015","2015","2014","D6","Separated","Unverified","53,245,482"
"3/2/2015","2015","2015","D6","Assigned","Q-RIN","664,132"
"3/2/2015","2015","2015","D6","Assigned","Unverified","434,847,169"
"3/2/2015","2015","2015","D6","Separated","Unverified","246,209,614"
"3/9/2015","2015","2013","D6","Separated","Unverified","1,051,759"
"3/9/2015","2015","2014","D6","Assigned","Unverified","519,073"
"3/9/2015","2015","2014","D6","Separated","Unverified","59,059,420"
"3/9/2015","2015","2015","D6","Assigned","Q-RIN","661,047"
"3/9/2015","2015","2015","D6","Assigned","Unverified","468,600,211"
"3/9/2015","2015","2015","D6","Separated","Unverified","142,088,901"
"3/16/2015","2015","2012","D6","Separated","Unverified","182,087"
"3/16/2015","2015","2014","D6","Assigned","Unverified","2,884"
"3/16/2015","2015","2014","D6","Separated","Unverified","135,147,977"
"3/16/2015","2015","2015","D6","Assigned","Q-RIN","637,572"
"3/16/2015","2015","2015","D6","Assigned","Unverified","447,523,306"
"3/16/2015","2015","2015","D6","Separated","Unverified","407,047,314"
"3/23/2015","2015","2013","D6","Separated","Unverified","9,982,198"
"3/23/2015","2015","2014","D6","Assigned","Unverified","95,614"
"3/23/2015","2015","2014","D6","Separated","Unverified","141,660,506"
"3/23/2015","2015","2015","D6","Assigned","Q-RIN","1,539,800"
"3/23/2015","2015","2015","D6","Assigned","Unverified","510,282,903"
"3/23/2015","2015","2015","D6","Separated","Unverified","273,681,340"
"3/30/2015","2015","2013","D6","Separated","Unverified","1,000,000"
"3/30/2015","2015","2014","D6","Assigned","Unverified","31,638"
"3/30/2015","2015","2014","D6","Separated","Unverified","267,280,078"
"3/30/2015","2015","2015","D6","Assigned","Q-RIN","13,712,759"
"3/30/2015","2015","2015","D6","Assigned","Unverified","489,025,449"
"3/30/2015","2015","2015","D6","Separated","Unverified","327,159,486"
"4/6/2015","2015","2013","D6","Separated","Unverified","800,000"
"4/6/2015","2015","2014","D6","Assigned","Unverified","31,739"
"4/6/2015","2015","2014","D6","Separated","Unverified","2,467,983"
"4/6/2015","2015","2015","D6","Assigned","Q-RIN","6,192,477"
"4/6/2015","2015","2015","D6","Assigned","Unverified","484,395,077"
"4/6/2015","2015","2015","D6","Separated","Q-RIN","522,717"
"4/6/2015","2015","2015","D6","Separated","Unverified","186,341,887"
"4/13/2015","2015","2013","D6","Separated","Unverified","1,317,949"
"4/13/2015","2015","2014","D6","Assigned","Unverified","13,029"
"4/13/2015","2015","2014","D6","Separated","Unverified","7,424,986"
"4/13/2015","2015","2015","D6","Assigned","Q-RIN","4,038,387"
"4/13/2015","2015","2015","D6","Assigned","Unverified","444,156,948"
"4/13/2015","2015","2015","D6","Separated","Q-RIN","440,000"
"4/13/2015","2015","2015","D6","Separated","Unverified","228,997,441"
"4/20/2015","2015","2014","D6","Assigned","Unverified","775,198"
"4/20/2015","2015","2014","D6","Separated","Unverified","9,097,613"
"4/20/2015","2015","2015","D6","Assigned","Q-RIN","2,545,562"
"4/20/2015","2015","2015","D6","Assigned","Unverified","458,289,591"
"4/20/2015","2015","2015","D6","Separated","Unverified","212,248,231"
"4/27/2015","2015","2013","D6","Separated","Unverified","317,949"
"4/27/2015","2015","2014","D6","Separated","Unverified","73,144,256"
"4/27/2015","2015","2015","D6","Assigned","Q-RIN","4,181,396"
"4/27/2015","2015","2015","D6","Assigned","Unverified","480,324,656"
"4/27/2015","2015","2015","D6","Separated","Unverified","358,332,156"
"5/4/2015","2015","2013","D6","Separated","Unverified","1,196"
"5/4/2015","2015","2014","D6","Assigned","Unverified","5,208,934"
"5/4/2015","2015","2014","D6","Separated","Unverified","39,448,297"
"5/4/2015","2015","2015","D6","Assigned","Q-RIN","18,726,115"
"5/4/2015","2015","2015","D6","Assigned","Unverified","431,168,533"
"5/4/2015","2015","2015","D6","Separated","Unverified","219,638,294"
"5/11/2015","2015","2013","D6","Separated","Unverified","3,000,000"
"5/11/2015","2015","2014","D6","Assigned","Unverified","1,140,240"
"5/11/2015","2015","2014","D6","Separated","Unverified","11,083,223"
"5/11/2015","2015","2015","D6","Assigned","Q-RIN","12,229,671"
"5/11/2015","2015","2015","D6","Assigned","Unverified","458,468,416"
"5/11/2015","2015","2015","D6","Separated","Unverified","275,005,771"
"5/18/2015","2015","2013","D6","Assigned","Unverified","2,930"
"5/18/2015","2015","2014","D6","Assigned","Unverified","23,450"
"5/18/2015","2015","2014","D6","Separated","Unverified","56,450,828"
"5/18/2015","2015","2015","D6","Assigned","Q-RIN","10,426,154"
"5/18/2015","2015","2015","D6","Assigned","Unverified","492,973,362"
"5/18/2015","2015","2015","D6","Separated","Unverified","243,750,476"
"5/25/2015","2015","2013","D6","Separated","Unverified","9,067"
"5/25/2015","2015","2014","D6","Assigned","Unverified","74,227"
"5/25/2015","2015","2014","D6","Separated","Unverified","8,884,049"
"5/25/2015","2015","2015","D6","Assigned","Q-RIN","12,896,217"
"5/25/2015","2015","2015","D6","Assigned","Unverified","496,352,093"
"5/25/2015","2015","2015","D6","Separated","Unverified","260,538,563"
"6/1/2015","2015","2013","D6","Assigned","Unverified","124,021"
"6/1/2015","2015","2013","D6","Separated","Unverified","1,872"
"6/1/2015","2015","2014","D6","Assigned","Q-RIN","95,681"
"6/1/2015","2015","2014","D6","Assigned","Unverified","72,817"
"6/1/2015","2015","2014","D6","Separated","Unverified","29,238,148"
"6/1/2015","2015","2015","D6","Assigned","Q-RIN","11,498,813"
"6/1/2015","2015","2015","D6","Assigned","Unverified","431,955,353"
"6/1/2015","2015","2015","D6","Separated","Q-RIN","5,000,000"
"6/1/2015","2015","2015","D6","Separated","Unverified","259,378,525"
"6/8/2015","2015","2012","D6","Assigned","Unverified","21,706"
"6/8/2015","2015","2013","D6","Assigned","Unverified","293,673"
"6/8/2015","2015","2013","D6","Separated","Unverified","8,173,453"
"6/8/2015","2015","2014","D6","Assigned","Unverified","670,522"
"6/8/2015","2015","2014","D6","Separated","Unverified","9,315,309"
"6/8/2015","2015","2015","D6","Assigned","Q-RIN","16,775,774"
"6/8/2015","2015","2015","D6","Assigned","Unverified","460,408,131"
"6/8/2015","2015","2015","D6","Separated","Unverified","301,355,354"
"6/15/2015","2015","2013","D6","Separated","Unverified","6,142,395"
"6/15/2015","2015","2014","D6","Separated","Unverified","16,523,752"
"6/15/2015","2015","2015","D6","Assigned","Q-RIN","21,638,769"
"6/15/2015","2015","2015","D6","Assigned","Unverified","474,409,626"
"6/15/2015","2015","2015","D6","Separated","Q-RIN","1,818,870"
"6/15/2015","2015","2015","D6","Separated","Unverified","449,490,905"
"6/22/2015","2015","2013","D6","Separated","Unverified","1,633,453"
"6/22/2015","2015","2014","D6","Assigned","Unverified","11,714"
"6/22/2015","2015","2014","D6","Separated","Unverified","76,283,363"
"6/22/2015","2015","2015","D6","Assigned","Q-RIN","20,439,210"
"6/22/2015","2015","2015","D6","Assigned","Unverified","452,760,250"
"6/22/2015","2015","2015","D6","Separated","Q-RIN","2,164,727"
"6/22/2015","2015","2015","D6","Separated","Unverified","402,112,827"
"6/29/2015","2015","2013","D6","Separated","Unverified","50,079,576"
"6/29/2015","2015","2014","D6","Separated","Unverified","163,682,153"
"6/29/2015","2015","2015","D6","Assigned","Q-RIN","46,725,626"
"6/29/2015","2015","2015","D6","Assigned","Unverified","439,824,660"
"6/29/2015","2015","2015","D6","Separated","Q-RIN","15,000,000"
"6/29/2015","2015","2015","D6","Separated","Unverified","548,756,360"
"7/6/2015","2015","2012","D6","Assigned","Unverified","461"
"7/6/2015","2015","2012","D6","Separated","Unverified","3,315,312"
"7/6/2015","2015","2013","D6","Separated","Unverified","1,300,000"
"7/6/2015","2015","2014","D6","Separated","Unverified","9,252,472"
"7/6/2015","2015","2015","D6","Assigned","Q-RIN","29,105,566"
"7/6/2015","2015","2015","D6","Assigned","Unverified","464,792,527"
"7/6/2015","2015","2015","D6","Separated","Q-RIN","1,413,559"
"7/6/2015","2015","2015","D6","Separated","Unverified","299,885,828"
"7/13/2015","2015","2014","D6","Assigned","Unverified","124,162"
"7/13/2015","2015","2014","D6","Separated","Unverified","8,876,385"
"7/13/2015","2015","2015","D6","Assigned","Q-RIN","31,074,159"
"7/13/2015","2015","2015","D6","Assigned","Unverified","451,827,961"
"7/13/2015","2015","2015","D6","Separated","Q-RIN","5,609,917"
"7/13/2015","2015","2015","D6","Separated","Unverified","273,388,095"
"7/20/2015","2015","2014","D6","Separated","Unverified","72,821,695"
"7/20/2015","2015","2015","D6","Assigned","Q-RIN","30,315,667"
"7/20/2015","2015","2015","D6","Assigned","Unverified","449,870,764"
"7/20/2015","2015","2015","D6","Separated","Q-RIN","4,303,947"
"7/20/2015","2015","2015","D6","Separated","Unverified","276,389,424"
"7/27/2015","2015","2013","D6","Separated","Unverified","9,488,035"
"7/27/2015","2015","2014","D6","Separated","Unverified","127,742,477"
"7/27/2015","2015","2015","D6","Assigned","Q-RIN","25,537,599"
"7/27/2015","2015","2015","D6","Assigned","Unverified","476,104,488"
"7/27/2015","2015","2015","D6","Separated","Q-RIN","2,200,000"
"7/27/2015","2015","2015","D6","Separated","Unverified","358,300,954"
"8/3/2015","2015","2014","D6","Separated","Unverified","9,387,721"
"8/3/2015","2015","2015","D6","Assigned","Q-RIN","44,756,828"
"8/3/2015","2015","2015","D6","Assigned","Unverified","409,660,999"
"8/3/2015","2015","2015","D6","Separated","Q-RIN","200,637"
"8/3/2015","2015","2015","D6","Separated","Unverified","297,376,948"
"8/10/2015","2015","2014","D6","Separated","Unverified","19,464,742"
"8/10/2015","2015","2015","D6","Assigned","Q-RIN","41,059,098"
"8/10/2015","2015","2015","D6","Assigned","Unverified","461,218,141"
"8/10/2015","2015","2015","D6","Separated","Q-RIN","5,602,969"
"8/10/2015","2015","2015","D6","Separated","Unverified","226,163,653"
"8/17/2015","2015","2013","D6","Separated","Unverified","20,834,190"
"8/17/2015","2015","2014","D6","Separated","Unverified","13,648,798"
"8/17/2015","2015","2015","D6","Assigned","Q-RIN","43,730,988"
"8/17/2015","2015","2015","D6","Assigned","Unverified","458,555,677"
"8/17/2015","2015","2015","D6","Separated","Q-RIN","5,040,034"
"8/17/2015","2015","2015","D6","Separated","Unverified","247,670,067"
"8/24/2015","2015","2013","D6","Separated","Unverified","725,000"
"8/24/2015","2015","2014","D6","Separated","Unverified","4,394,865"
"8/24/2015","2015","2015","D6","Assigned","Q-RIN","44,932,874"
"8/24/2015","2015","2015","D6","Assigned","Unverified","388,788,041"
"8/24/2015","2015","2015","D6","Separated","Q-RIN","5,225,790"
"8/24/2015","2015","2015","D6","Separated","Unverified","314,630,914"
"8/31/2015","2015","2013","D6","Separated","Unverified","2,000,000"
"8/31/2015","2015","2014","D6","Assigned","Unverified","3,072"
"8/31/2015","2015","2014","D6","Separated","Unverified","1,555,046"
"8/31/2015","2015","2015","D6","Assigned","Q-RIN","47,330,840"
"8/31/2015","2015","2015","D6","Assigned","Unverified","455,829,857"
"8/31/2015","2015","2015","D6","Separated","Unverified","382,359,871"
"9/7/2015","2015","2014","D6","Separated","Unverified","540,611"
"9/7/2015","2015","2015","D6","Assigned","Q-RIN","41,392,238"
"9/7/2015","2015","2015","D6","Assigned","Unverified","411,761,395"
"9/7/2015","2015","2015","D6","Separated","Q-RIN","9,339"
"9/7/2015","2015","2015","D6","Separated","Unverified","278,201,609"
"9/14/2015","2015","2013","D6","Separated","Unverified","1,000,000"
"9/14/2015","2015","2014","D6","Assigned","Unverified","180,707"
"9/14/2015","2015","2014","D6","Separated","Unverified","28,385,962"
"9/14/2015","2015","2015","D6","Assigned","Q-RIN","46,405,018"
"9/14/2015","2015","2015","D6","Assigned","Unverified","413,113,639"
"9/14/2015","2015","2015","D6","Separated","Q-RIN","3,803,843"
"9/14/2015","2015","2015","D6","Separated","Unverified","331,243,431"
"9/21/2015","2015","2013","D6","Separated","Unverified","15,701"
"9/21/2015","2015","2014","D6","Assigned","Unverified","3,072"
"9/21/2015","2015","2014","D6","Separated","Unverified","28,427,710"
"9/21/2015","2015","2015","D6","Assigned","Q-RIN","36,996,348"
"9/21/2015","2015","2015","D6","Assigned","Unverified","415,169,870"
"9/21/2015","2015","2015","D6","Separated","Q-RIN","3,220,724"
"9/21/2015","2015","2015","D6","Separated","Unverified","375,802,264"
"9/28/2015","2015","2013","D6","Separated","Unverified","3,697,038"
"9/28/2015","2015","2014","D6","Separated","Unverified","142,265,376"
"9/28/2015","2015","2015","D6","Assigned","Q-RIN","38,018,380"
"9/28/2015","2015","2015","D6","Assigned","Unverified","441,183,308"
"9/28/2015","2015","2015","D6","Separated","Q-RIN","5,707,968"
"9/28/2015","2015","2015","D6","Separated","Unverified","549,115,417"
"10/5/2015","2015","2014","D6","Separated","Unverified","45,914,116"
"10/5/2015","2015","2015","D6","Assigned","Q-RIN","45,189,250"
"10/5/2015","2015","2015","D6","Assigned","Unverified","418,953,586"
"10/5/2015","2015","2015","D6","Separated","Q-RIN","8,929,070"
"10/5/2015","2015","2015","D6","Separated","Unverified","361,774,344"
"10/12/2015","2015","2014","D6","Separated","Unverified","196,332"
"10/12/2015","2015","2015","D6","Assigned","Q-RIN","39,671,533"
"10/12/2015","2015","2015","D6","Assigned","Unverified","405,979,451"
"10/12/2015","2015","2015","D6","Separated","Q-RIN","1,053,951"
"10/12/2015","2015","2015","D6","Separated","Unverified","247,024,518"
"10/19/2015","2015","2014","D6","Separated","Unverified","2,371,186"
"10/19/2015","2015","2015","D6","Assigned","Q-RIN","34,693,442"
"10/19/2015","2015","2015","D6","Assigned","Unverified","409,136,818"
"10/19/2015","2015","2015","D6","Separated","Q-RIN","15,469,242"
"10/19/2015","2015","2015","D6","Separated","Unverified","297,590,772"
"10/26/2015","2015","2012","D6","Separated","Unverified","912,182"
"10/26/2015","2015","2014","D6","Separated","Unverified","16,079,479"
"10/26/2015","2015","2015","D6","Assigned","Q-RIN","41,024,403"
"10/26/2015","2015","2015","D6","Assigned","Unverified","456,898,403"
"10/26/2015","2015","2015","D6","Separated","Q-RIN","1,514,432"
"10/26/2015","2015","2015","D6","Separated","Unverified","285,007,903"
"11/2/2015","2015","2013","D6","Separated","Unverified","16,245"
"11/2/2015","2015","2014","D6","Separated","Unverified","11,000,600"
"11/2/2015","2015","2015","D6","Assigned","Q-RIN","41,326,667"
"11/2/2015","2015","2015","D6","Assigned","Unverified","424,423,643"
"11/2/2015","2015","2015","D6","Separated","Q-RIN","28,601"
"11/2/2015","2015","2015","D6","Separated","Unverified","278,353,740"
"11/9/2015","2015","2014","D6","Separated","Unverified","4,560,638"
"11/9/2015","2015","2015","D6","Assigned","Q-RIN","35,146,741"
"11/9/2015","2015","2015","D6","Assigned","Unverified","461,877,774"
"11/9/2015","2015","2015","D6","Separated","Q-RIN","32,035"
"11/9/2015","2015","2015","D6","Separated","Unverified","292,007,892"
"11/16/2015","2015","2013","D6","Separated","Unverified","5,199,391"
"11/16/2015","2015","2014","D6","Separated","Unverified","41,100,052"
"11/16/2015","2015","2015","D6","Assigned","Q-RIN","35,356,643"
"11/16/2015","2015","2015","D6","Assigned","Unverified","434,711,981"
"11/16/2015","2015","2015","D6","Separated","Q-RIN","5,297,460"
"11/16/2015","2015","2015","D6","Separated","Unverified","296,814,239"
"11/23/2015","2015","2012","D6","Separated","Unverified","134,121"
"11/23/2015","2015","2013","D6","Separated","Unverified","4,553,911"
"11/23/2015","2015","2014","D6","Separated","Unverified","2,559,227"
"11/23/2015","2015","2015","D6","Assigned","Q-RIN","34,335,424"
"11/23/2015","2015","2015","D6","Assigned","Unverified","395,072,585"
"11/23/2015","2015","2015","D6","Separated","Q-RIN","5,000,049"
"11/23/2015","2015","2015","D6","Separated","Unverified","379,651,777"
"11/30/2015","2015","2013","D6","Separated","Unverified","8,500,000"
"11/30/2015","2015","2014","D6","Separated","Unverified","178,820,774"
"11/30/2015","2015","2015","D6","Assigned","Q-RIN","38,697,236"
"11/30/2015","2015","2015","D6","Assigned","Unverified","484,688,188"
"11/30/2015","2015","2015","D6","Separated","Q-RIN","6,315,000"
"11/30/2015","2015","2015","D6","Separated","Unverified","398,797,770"
"12/7/2015","2015","2013","D6","Separated","Unverified","58,600"
"12/7/2015","2015","2014","D6","Separated","Unverified","1,711,519"
"12/7/2015","2015","2015","D6","Assigned","Q-RIN","35,295,104"
"12/7/2015","2015","2015","D6","Assigned","Unverified","460,581,645"
"12/7/2015","2015","2015","D6","Separated","Unverified","400,635,763"
"12/14/2015","2015","2013","D6","Separated","Unverified","1,559,000"
"12/14/2015","2015","2014","D6","Separated","Unverified","18,987,586"
"12/14/2015","2015","2015","D6","Assigned","Q-RIN","38,163,764"
"12/14/2015","2015","2015","D6","Assigned","Unverified","470,587,233"
"12/14/2015","2015","2015","D6","Separated","Q-RIN","13,534,409"
"12/14/2015","2015","2015","D6","Separated","Unverified","624,777,502"
"12/21/2015","2015","2013","D6","Separated","Unverified","1,500,000"
"12/21/2015","2015","2014","D6","Separated","Unverified","3,605,266"
"12/21/2015","2015","2015","D6","Assigned","Q-RIN","35,151,701"
"12/21/2015","2015","2015","D6","Assigned","Unverified","408,606,257"
"12/21/2015","2015","2015","D6","Separated","Unverified","381,182,035"
"12/28/2015","2015","2013","D6","Separated","Unverified","3,999,999"
"12/28/2015","2015","2014","D6","Separated","Unverified","26,048,630"
"12/28/2015","2015","2015","D6","Assigned","Q-RIN","60,321,515"
"12/28/2015","2015","2015","D6","Assigned","Unverified","379,433,956"
"12/28/2015","2015","2015","D6","Separated","Q-RIN","28,945,210"
"12/28/2015","2015","2015","D6","Separated","Unverified","742,295,623"
"12/28/2015","2016","2015","D6","Assigned","Unverified","34,954,020"
"12/28/2015","2016","2015","D6","Separated","Q-RIN","5,171,673"
"12/28/2015","2016","2015","D6","Separated","Unverified","26,782,399"
"12/28/2015","2016","2016","D6","Assigned","Q-RIN","1,783,703"
"12/28/2015","2016","2016","D6","Assigned","Unverified","43,015,664"
"12/28/2015","2016","2016","D6","Separated","Unverified","2,154,919"
"1/4/2016","2016","2013","D6","Separated","Unverified","500,000"
"1/4/2016","2016","2014","D6","Separated","Unverified","14,642,923"
"1/4/2016","2016","2015","D6","Assigned","Q-RIN","5,729,130"
"1/4/2016","2016","2015","D6","Assigned","Unverified","112,501,667"
"1/4/2016","2016","2015","D6","Separated","Q-RIN","117,531"
"1/4/2016","2016","2015","D6","Separated","Unverified","223,783,893"
"1/4/2016","2016","2016","D6","Assigned","Q-RIN","32,224,387"
"1/4/2016","2016","2016","D6","Assigned","Unverified","299,232,713"
"1/4/2016","2016","2016","D6","Separated","Unverified","13,368,608"
"1/11/2016","2016","2013","D6","Separated","Unverified","2,500,000"
"1/11/2016","2016","2014","D6","Separated","Unverified","2,422,294"
"1/11/2016","2016","2015","D6","Assigned","Q-RIN","1,202,205"
"1/11/2016","2016","2015","D6","Assigned","Unverified","76,669,730"
"1/11/2016","2016","2015","D6","Separated","Q-RIN","150,000"
"1/11/2016","2016","2015","D6","Separated","Unverified","178,458,965"
"1/11/2016","2016","2016","D6","Assigned","Q-RIN","43,577,662"
"1/11/2016","2016","2016","D6","Assigned","Unverified","363,145,475"
"1/11/2016","2016","2016","D6","Separated","Unverified","50,456,102"
"1/18/2016","2016","2014","D6","Separated","Unverified","12,582,698"
"1/18/2016","2016","2015","D6","Assigned","Q-RIN","54,232"
"1/18/2016","2016","2015","D6","Assigned","Unverified","27,818,491"
"1/18/2016","2016","2015","D6","Separated","Q-RIN","80,216"
"1/18/2016","2016","2015","D6","Separated","Unverified","178,957,609"
"1/18/2016","2016","2016","D6","Assigned","Q-RIN","36,933,693"
"1/18/2016","2016","2016","D6","Assigned","Unverified","394,984,251"
"1/18/2016","2016","2016","D6","Separated","Unverified","81,995,878"
"1/25/2016","2016","2013","D6","Separated","Unverified","4,323"
"1/25/2016","2016","2014","D6","Separated","Unverified","70,734,475"
"1/25/2016","2016","2015","D6","Assigned","Q-RIN","1,686,238"
"1/25/2016","2016","2015","D6","Assigned","Unverified","17,335,683"
"1/25/2016","2016","2015","D6","Separated","Q-RIN","6,058,286"
"1/25/2016","2016","2015","D6","Separated","Unverified","203,147,261"
"1/25/2016","2016","2016","D6","Assigned","Q-RIN","39,771,818"
"1/25/2016","2016","2016","D6","Assigned","Unverified","440,654,566"
"1/25/2016","2016","2016","D6","Separated","Q-RIN","7,717"
"1/25/2016","2016","2016","D6","Separated","Unverified","109,034,211"
"2/1/2016","2016","2013","D6","Separated","Unverified","2,886,484"
"2/1/2016","2016","2014","D6","Separated","Unverified","3,867,446"
"2/1/2016","2016","2015","D6","Assigned","Unverified","5,996,818"
"2/1/2016","2016","2015","D6","Separated","Q-RIN","5,002,884"
"2/1/2016","2016","2015","D6","Separated","Unverified","129,098,560"
"2/1/2016","2016","2016","D6","Assigned","Q-RIN","31,108,620"
"2/1/2016","2016","2016","D6","Assigned","Unverified","395,288,673"
"2/1/2016","2016","2016","D6","Separated","Unverified","118,169,796"
"2/8/2016","2016","2012","D6","Separated","Unverified","930"
"2/8/2016","2016","2013","D6","Separated","Unverified","7,248,178"
"2/8/2016","2016","2014","D6","Separated","Unverified","82,841,766"
"2/8/2016","2016","2015","D6","Assigned","Unverified","368,915"
"2/8/2016","2016","2015","D6","Separated","Unverified","72,795,436"
"2/8/2016","2016","2016","D6","Assigned","Q-RIN","38,673,184"
"2/8/2016","2016","2016","D6","Assigned","Unverified","420,083,608"
"2/8/2016","2016","2016","D6","Separated","Unverified","157,003,089"
"2/15/2016","2016","2012","D6","Separated","Unverified","48,807,743"
"2/15/2016","2016","2013","D6","Separated","Unverified","356,525,326"
"2/15/2016","2016","2014","D6","Separated","Unverified","1,810,796"
"2/15/2016","2016","2015","D6","Assigned","Q-RIN","57,600"
"2/15/2016","2016","2015","D6","Assigned","Unverified","234,773"
"2/15/2016","2016","2015","D6","Separated","Unverified","154,760,770"
"2/15/2016","2016","2016","D6","Assigned","Q-RIN","40,741,868"
"2/15/2016","2016","2016","D6","Assigned","Unverified","450,958,714"
"2/15/2016","2016","2016","D6","Separated","Q-RIN","28,837"
"2/15/2016","2016","2016","D6","Separated","Unverified","151,002,490"
"2/22/2016","2016","2012","D6","Separated","Unverified","6,734"
"2/22/2016","2016","2013","D6","Separated","Unverified","1,052,878"
"2/22/2016","2016","2014","D6","Separated","Unverified","6,333,353"
"2/22/2016","2016","2015","D6","Assigned","Unverified","44,552"
"2/22/2016","2016","2015","D6","Separated","Unverified","149,695,021"
"2/22/2016","2016","2016","D6","Assigned","Q-RIN","41,293,703"
"2/22/2016","2016","2016","D6","Assigned","Unverified","421,428,738"
"2/22/2016","2016","2016","D6","Separated","Unverified","163,756,552"
"2/29/2016","2016","2012","D6","Separated","Unverified","875,227"
"2/29/2016","2016","2013","D6","Separated","Unverified","1,020,460"
"2/29/2016","2016","2014","D6","Separated","Unverified","11,598,750"
"2/29/2016","2016","2015","D6","Assigned","Unverified","3,300"
"2/29/2016","2016","2015","D6","Separated","Unverified","98,189,768"
"2/29/2016","2016","2016","D6","Assigned","Q-RIN","37,645,797"
"2/29/2016","2016","2016","D6","Assigned","Unverified","501,323,137"
"2/29/2016","2016","2016","D6","Separated","Q-RIN","16,038"
"2/29/2016","2016","2016","D6","Separated","Unverified","239,121,228"
"3/7/2016","2016","2014","D6","Separated","Unverified","3,444,924"
"3/7/2016","2016","2015","D6","Assigned","Unverified","40,886"
"3/7/2016","2016","2015","D6","Separated","Q-RIN","21,748"
"3/7/2016","2016","2015","D6","Separated","Unverified","58,609,738"
"3/7/2016","2016","2016","D6","Assigned","Q-RIN","38,402,511"
"3/7/2016","2016","2016","D6","Assigned","Unverified","425,204,352"
"3/7/2016","2016","2016","D6","Separated","Q-RIN","349,320"
"3/7/2016","2016","2016","D6","Separated","Unverified","222,373,743"
"3/14/2016","2016","2013","D6","Separated","Unverified","52,609"
"3/14/2016","2016","2014","D6","Assigned","Unverified","368,214"
"3/14/2016","2016","2014","D6","Separated","Unverified","8,335,095"
"3/14/2016","2016","2015","D6","Assigned","Q-RIN","8,163,505"
"3/14/2016","2016","2015","D6","Assigned","Unverified","105,109"
"3/14/2016","2016","2015","D6","Separated","Q-RIN","16,562"
"3/14/2016","2016","2015","D6","Separated","Unverified","88,967,683"
"3/14/2016","2016","2016","D6","Assigned","Q-RIN","36,148,867"
"3/14/2016","2016","2016","D6","Assigned","Unverified","448,810,794"
"3/14/2016","2016","2016","D6","Separated","Unverified","333,009,219"
"3/21/2016","2016","2013","D6","Assigned","Unverified","417,694"
"3/21/2016","2016","2014","D6","Assigned","Unverified","3,540,635"
"3/21/2016","2016","2014","D6","Separated","Unverified","2,104,378"
"3/21/2016","2016","2015","D6","Separated","Q-RIN","5,375,258"
"3/21/2016","2016","2015","D6","Separated","Unverified","76,671,118"
"3/21/2016","2016","2016","D6","Assigned","Q-RIN","33,574,273"
"3/21/2016","2016","2016","D6","Assigned","Unverified","391,154,659"
"3/21/2016","2016","2016","D6","Separated","Q-RIN","1,699,841"
"3/21/2016","2016","2016","D6","Separated","Unverified","190,902,602"
"3/28/2016","2016","2013","D6","Separated","Unverified","3,117"
"3/28/2016","2016","2014","D6","Separated","Unverified","16,054,853"
"3/28/2016","2016","2015","D6","Separated","Q-RIN","13,956,739"
"3/28/2016","2016","2015","D6","Separated","Unverified","175,435,530"
"3/28/2016","2016","2016","D6","Assigned","Q-RIN","38,271,111"
"3/28/2016","2016","2016","D6","Assigned","Unverified","481,384,040"
"3/28/2016","2016","2016","D6","Separated","Q-RIN","24,557"
"3/28/2016","2016","2016","D6","Separated","Unverified","425,242,329"
"4/4/2016","2016","2013","D6","Separated","Unverified","506,335"
"4/4/2016","2016","2014","D6","Separated","Unverified","57,627,294"
"4/4/2016","2016","2015","D6","Assigned","Unverified","250,000"
"4/4/2016","2016","2015","D6","Separated","Q-RIN","500,000"
"4/4/2016","2016","2015","D6","Separated","Unverified","45,075,158"
"4/4/2016","2016","2016","D6","Assigned","Q-RIN","46,473,246"
"4/4/2016","2016","2016","D6","Assigned","Unverified","385,936,250"
"4/4/2016","2016","2016","D6","Separated","Q-RIN","126,189"
"4/4/2016","2016","2016","D6","Separated","Unverified","239,274,048"
"4/11/2016","2016","2014","D6","Assigned","Q-RIN","87,088"
"4/11/2016","2016","2014","D6","Assigned","Unverified","85,753"
"4/11/2016","2016","2014","D6","Separated","Unverified","6,731"
"4/11/2016","2016","2015","D6","Assigned","Unverified","8,105"
"4/11/2016","2016","2015","D6","Separated","Unverified","59,117,745"
"4/11/2016","2016","2016","D6","Assigned","Q-RIN","45,109,361"
"4/11/2016","2016","2016","D6","Assigned","Unverified","449,592,354"
"4/11/2016","2016","2016","D6","Separated","Q-RIN","10,671,750"
"4/11/2016","2016","2016","D6","Separated","Unverified","339,793,631"
"4/18/2016","2016","2013","D6","Separated","Unverified","5,953"
"4/18/2016","2016","2014","D6","Assigned","Unverified","86,601"
"4/18/2016","2016","2014","D6","Separated","Unverified","2,800,515"
"4/18/2016","2016","2015","D6","Separated","Unverified","20,465,820"
"4/18/2016","2016","2016","D6","Assigned","Q-RIN","38,351,671"
"4/18/2016","2016","2016","D6","Assigned","Unverified","441,722,639"
"4/18/2016","2016","2016","D6","Separated","Q-RIN","761,273"
"4/18/2016","2016","2016","D6","Separated","Unverified","235,133,236"
"4/25/2016","2016","2013","D6","Separated","Unverified","1,056,915"
"4/25/2016","2016","2014","D6","Assigned","Unverified","498,941"
"4/25/2016","2016","2014","D6","Separated","Unverified","35,664,437"
"4/25/2016","2016","2015","D6","Assigned","Q-RIN","1,324"
"4/25/2016","2016","2015","D6","Assigned","Unverified","837,453"
"4/25/2016","2016","2015","D6","Separated","Unverified","45,858,908"
"4/25/2016","2016","2016","D6","Assigned","Q-RIN","42,621,204"
"4/25/2016","2016","2016","D6","Assigned","Unverified","438,595,463"
"4/25/2016","2016","2016","D6","Separated","Q-RIN","2,170,202"
"4/25/2016","2016","2016","D6","Separated","Unverified","310,763,804"
"5/2/2016","2016","2014","D6","Assigned","Q-RIN","10,513"
"5/2/2016","2016","2014","D6","Assigned","Unverified","621,471"
"5/2/2016","2016","2014","D6","Separated","Unverified","2,044,822"
"5/2/2016","2016","2015","D6","Assigned","Unverified","1,280"
"5/2/2016","2016","2015","D6","Separated","Unverified","35,736,728"
"5/2/2016","2016","2016","D6","Assigned","Q-RIN","36,850,263"
"5/2/2016","2016","2016","D6","Assigned","Unverified","444,497,653"
"5/2/2016","2016","2016","D6","Separated","Q-RIN","695,277"
"5/2/2016","2016","2016","D6","Separated","Unverified","238,036,745"
"5/9/2016","2016","2013","D6","Separated","Unverified","53,911"
"5/9/2016","2016","2014","D6","Assigned","Unverified","1,061,090"
"5/9/2016","2016","2014","D6","Separated","Unverified","20,302,100"
"5/9/2016","2016","2015","D6","Assigned","Unverified","139,456"
"5/9/2016","2016","2015","D6","Separated","Q-RIN","1,000,000"
"5/9/2016","2016","2015","D6","Separated","Unverified","43,117,275"
"5/9/2016","2016","2016","D6","Assigned","Q-RIN","47,108,609"
"5/9/2016","2016","2016","D6","Assigned","Unverified","449,037,400"
"5/9/2016","2016","2016","D6","Separated","Q-RIN","1,015,790"
"5/9/2016","2016","2016","D6","Separated","Unverified","255,482,586"
"5/16/2016","2016","2013","D6","Separated","Unverified","8,198,457"
"5/16/2016","2016","2014","D6","Assigned","Unverified","446,285"
"5/16/2016","2016","2014","D6","Separated","Unverified","13,735,579"
"5/16/2016","2016","2015","D6","Assigned","Unverified","7,270"
"5/16/2016","2016","2015","D6","Separated","Unverified","63,413,112"
"5/16/2016","2016","2016","D6","Assigned","Q-RIN","39,677,699"
"5/16/2016","2016","2016","D6","Assigned","Unverified","464,310,190"
"5/16/2016","2016","2016","D6","Separated","Q-RIN","409,338"
"5/16/2016","2016","2016","D6","Separated","Unverified","272,255,254"
"5/23/2016","2016","2014","D6","Assigned","Unverified","101,331"
"5/23/2016","2016","2014","D6","Separated","Unverified","7,501,276"
"5/23/2016","2016","2015","D6","Assigned","Unverified","255,236"
"5/23/2016","2016","2015","D6","Separated","Unverified","9,974,953"
"5/23/2016","2016","2016","D6","Assigned","Q-RIN","42,633,936"
"5/23/2016","2016","2016","D6","Assigned","Unverified","443,002,302"
"5/23/2016","2016","2016","D6","Separated","Unverified","231,374,986"
"5/30/2016","2016","2013","D6","Separated","Unverified","461,342"
"5/30/2016","2016","2014","D6","Separated","Unverified","24,822,284"
"5/30/2016","2016","2015","D6","Assigned","Unverified","144,724"
"5/30/2016","2016","2015","D6","Separated","Unverified","34,682,186"
"5/30/2016","2016","2016","D6","Assigned","Q-RIN","43,808,597"
"5/30/2016","2016","2016","D6","Assigned","Unverified","448,287,943"
"5/30/2016","2016","2016","D6","Separated","Q-RIN","8,506,093"
"5/30/2016","2016","2016","D6","Separated","Unverified","319,592,221"
"6/6/2016","2016","2014","D6","Separated","Unverified","74,766,376"
"6/6/2016","2016","2015","D6","Assigned","Unverified","57,999"
"6/6/2016","2016","2015","D6","Separated","Q-RIN","30,000"
"6/6/2016","2016","2015","D6","Separated","Unverified","25,870,131"
"6/6/2016","2016","2016","D6","Assigned","Q-RIN","44,088,202"
"6/6/2016","2016","2016","D6","Assigned","Unverified","450,971,248"
"6/6/2016","2016","2016","D6","Separated","Q-RIN","561,187"
"6/6/2016","2016","2016","D6","Separated","Unverified","257,435,086"
"6/13/2016","2016","2014","D6","Separated","Unverified","54,668,722"
"6/13/2016","2016","2015","D6","Assigned","Unverified","29,203"
"6/13/2016","2016","2015","D6","Separated","Unverified","26,746,989"
"6/13/2016","2016","2016","D6","Assigned","Q-RIN","41,689,988"
"6/13/2016","2016","2016","D6","Assigned","Unverified","471,456,940"
"6/13/2016","2016","2016","D6","Separated","Q-RIN","5,595,119"
"6/13/2016","2016","2016","D6","Separated","Unverified","360,841,001"
"6/20/2016","2016","2013","D6","Assigned","Unverified","640,774"
"6/20/2016","2016","2013","D6","Separated","Unverified","7,726,416"
"6/20/2016","2016","2014","D6","Separated","Unverified","10,878,079"
"6/20/2016","2016","2015","D6","Separated","Unverified","42,723,482"
"6/20/2016","2016","2016","D6","Assigned","Q-RIN","46,066,955"
"6/20/2016","2016","2016","D6","Assigned","Unverified","473,828,099"
"6/20/2016","2016","2016","D6","Separated","Q-RIN","2,514,824"
"6/20/2016","2016","2016","D6","Separated","Unverified","396,903,756"
"6/27/2016","2016","2013","D6","Separated","Unverified","376"
"6/27/2016","2016","2014","D6","Separated","Unverified","38,178,607"
"6/27/2016","2016","2015","D6","Separated","Q-RIN","1,000,000"
"6/27/2016","2016","2015","D6","Separated","Unverified","112,969,901"
"6/27/2016","2016","2016","D6","Assigned","Q-RIN","62,093,491"
"11/24/2025","2025","2025","D6","Separated","Q-RIN","16,384,809"
"11/24/2025","2025","2025","D6","Separated","Unverified","230,293,288"
"12/1/2025","2025","2024","D6","Assigned","Unverified","13,296"
"12/1/2025","2025","2024","D6","Separated","Unverified","49,437,751"
"12/1/2025","2025","2025","D6","Assigned","Q-RIN","19,173,792"
"12/1/2025","2025","2025","D6","Assigned","Unverified","517,245,016"
"12/1/2025","2025","2025","D6","Separated","Q-RIN","6,302,260"
"12/1/2025","2025","2025","D6","Separated","Unverified","798,972,206"
"12/8/2025","2025","2024","D6","Separated","Unverified","47,588,231"
"12/8/2025","2025","2025","D6","Assigned","Q-RIN","19,848,298"
"12/8/2025","2025","2025","D6","Assigned","Unverified","526,526,653"
"12/8/2025","2025","2025","D6","Separated","Q-RIN","9,081,588"
"12/8/2025","2025","2025","D6","Separated","Unverified","870,281,942"
"12/15/2025","2025","2024","D6","Separated","Unverified","73,695,767"
"12/15/2025","2025","2025","D6","Assigned","Q-RIN","12,254,977"
"12/15/2025","2025","2025","D6","Assigned","Unverified","526,522,588"
"12/15/2025","2025","2025","D6","Separated","Q-RIN","6,393,497"
"12/15/2025","2025","2025","D6","Separated","Unverified","965,231,439"
"12/22/2025","2025","2024","D6","Separated","Unverified","15,222,714"
"12/22/2025","2025","2025","D6","Assigned","Q-RIN","15,879,519"
"12/22/2025","2025","2025","D6","Assigned","Unverified","432,192,625"
"12/22/2025","2025","2025","D6","Separated","Q-RIN","6,802,830"
"12/22/2025","2025","2025","D6","Separated","Unverified","456,942,328"
"12/29/2025","2025","2024","D6","Separated","Unverified","56,545,229"
"12/29/2025","2025","2025","D6","Assigned","Q-RIN","17,889,706"
"12/29/2025","2025","2025","D6","Assigned","Unverified","320,122,247"
"12/29/2025","2025","2025","D6","Separated","Q-RIN","23,155,319"
"12/29/2025","2025","2025","D6","Separated","Unverified","588,107,275"
"12/29/2025","2026","2024","D6","Separated","Unverified","27,750,000"
"12/29/2025","2026","2025","D6","Assigned","Q-RIN","2,026,875"
"12/29/2025","2026","2025","D6","Assigned","Unverified","93,241,636"
"12/29/2025","2026","2025","D6","Separated","Q-RIN","615,817"
"12/29/2025","2026","2025","D6","Separated","Unverified","177,236,178"
"12/29/2025","2026","2026","D6","Assigned","Q-RIN","8,920,719"
"12/29/2025","2026","2026","D6","Assigned","Unverified","97,250,780"
"12/29/2025","2026","2026","D6","Separated","Q-RIN","146,628"
"12/29/2025","2026","2026","D6","Separated","Unverified","235,023"
"1/5/2026","2026","2024","D6","Assigned","Unverified","193,072"
"1/5/2026","2026","2024","D6","Separated","Unverified","40,375,783"
"1/5/2026","2026","2025","D6","Assigned","Q-RIN","11,527,769"
"1/5/2026","2026","2025","D6","Assigned","Unverified","208,357,508"
"1/5/2026","2026","2025","D6","Separated","Q-RIN","8,282,506"
"1/5/2026","2026","2025","D6","Separated","Unverified","485,729,968"
"1/5/2026","2026","2026","D6","Assigned","Q-RIN","12,193,600"
"1/5/2026","2026","2026","D6","Assigned","Unverified","328,577,526"
"1/5/2026","2026","2026","D6","Separated","Q-RIN","1,818,412"
"1/5/2026","2026","2026","D6","Separated","Unverified","12,704,561"
"1/12/2026","2026","2024","D6","Assigned","Unverified","28,775"
"1/12/2026","2026","2024","D6","Separated","Unverified","67,542,650"
"1/12/2026","2026","2025","D6","Assigned","Q-RIN","3,441,975"
"1/12/2026","2026","2025","D6","Assigned","Unverified","128,896,754"
"1/12/2026","2026","2025","D6","Separated","Q-RIN","2,642,604"
"1/12/2026","2026","2025","D6","Separated","Unverified","320,770,733"
"1/12/2026","2026","2026","D6","Assigned","Q-RIN","15,922,976"
"1/12/2026","2026","2026","D6","Assigned","Unverified","356,984,920"
"1/12/2026","2026","2026","D6","Separated","Q-RIN","3,696,199"
"1/12/2026","2026","2026","D6","Separated","Unverified","56,791,163"
"1/19/2026","2026","2023","D6","Separated","Unverified","16,800"
"1/19/2026","2026","2024","D6","Separated","Unverified","3,772,284"
"1/19/2026","2026","2025","D6","Assigned","Q-RIN","7,832,458"
"1/19/2026","2026","2025","D6","Assigned","Unverified","54,994,235"
"1/19/2026","2026","2025","D6","Separated","Q-RIN","6,165,688"
"1/19/2026","2026","2025","D6","Separated","Unverified","405,286,369"
"1/19/2026","2026","2026","D6","Assigned","Q-RIN","14,539,837"
"1/19/2026","2026","2026","D6","Assigned","Unverified","370,888,739"
"1/19/2026","2026","2026","D6","Separated","Q-RIN","5,945,979"
"1/19/2026","2026","2026","D6","Separated","Unverified","62,368,191"
"1/26/2026","2026","2024","D6","Assigned","Unverified","2,402"
"1/26/2026","2026","2024","D6","Separated","Unverified","2,184,196"
"1/26/2026","2026","2025","D6","Assigned","Q-RIN","97,302"
"1/26/2026","2026","2025","D6","Assigned","Unverified","15,593,666"
"1/26/2026","2026","2025","D6","Separated","Q-RIN","949,595"
"1/26/2026","2026","2025","D6","Separated","Unverified","190,410,009"
"1/26/2026","2026","2026","D6","Assigned","Q-RIN","16,619,460"
"1/26/2026","2026","2026","D6","Assigned","Unverified","441,645,340"
"1/26/2026","2026","2026","D6","Separated","Q-RIN","2,083,330"
"1/26/2026","2026","2026","D6","Separated","Unverified","40,571,310"
"2/2/2026","2026","2024","D6","Separated","Unverified","102,578,267"
"2/2/2026","2026","2025","D6","Assigned","Q-RIN","8,260"
"2/2/2026","2026","2025","D6","Assigned","Unverified","2,719,316"
"2/2/2026","2026","2025","D6","Separated","Q-RIN","1,808,534"
"2/2/2026","2026","2025","D6","Separated","Unverified","275,243,378"
"2/2/2026","2026","2026","D6","Assigned","Q-RIN","13,620,414"
"2/2/2026","2026","2026","D6","Assigned","Unverified","491,185,011"
"2/2/2026","2026","2026","D6","Separated","Q-RIN","4,220,444"
"2/2/2026","2026","2026","D6","Separated","Unverified","96,538,031"
"2/9/2026","2026","2024","D6","Separated","Unverified","40,818,862"
"2/9/2026","2026","2025","D6","Assigned","Unverified","1,038,741"
"2/9/2026","2026","2025","D6","Separated","Q-RIN","698,525"
"2/9/2026","2026","2025","D6","Separated","Unverified","315,714,622"
"2/9/2026","2026","2026","D6","Assigned","Q-RIN","16,486,578"
"2/9/2026","2026","2026","D6","Assigned","Unverified","548,319,213"
"2/9/2026","2026","2026","D6","Separated","Q-RIN","5,810,153"
"2/9/2026","2026","2026","D6","Separated","Unverified","124,868,634"
"2/16/2026","2026","2024","D6","Separated","Unverified","5,987,804"
"2/16/2026","2026","2025","D6","Assigned","Q-RIN","23,935"
"2/16/2026","2026","2025","D6","Assigned","Unverified","670,067"
"2/16/2026","2026","2025","D6","Separated","Q-RIN","701,082"
"2/16/2026","2026","2025","D6","Separated","Unverified","321,421,366"
"2/16/2026","2026","2026","D6","Assigned","Q-RIN","14,526,909"
"2/16/2026","2026","2026","D6","Assigned","Unverified","536,270,805"
"2/16/2026","2026","2026","D6","Separated","Q-RIN","4,994,450"
"2/16/2026","2026","2026","D6","Separated","Unverified","129,125,337"
"2/23/2026","2026","2024","D6","Separated","Unverified","16,539,817"
"2/23/2026","2026","2025","D6","Assigned","Unverified","150,324"
"2/23/2026","2026","2025","D6","Separated","Q-RIN","1,106,028"
"2/23/2026","2026","2025","D6","Separated","Unverified","309,225,250"
"2/23/2026","2026","2026","D6","Assigned","Q-RIN","16,487,256"
"2/23/2026","2026","2026","D6","Assigned","Unverified","531,012,357"
"2/23/2026","2026","2026","D6","Separated","Q-RIN","9,216,618"
"2/23/2026","2026","2026","D6","Separated","Unverified","259,943,211"
"3/2/2026","2026","2024","D6","Separated","Unverified","37,318,859"
"3/2/2026","2026","2025","D6","Assigned","Unverified","692,478"
"3/2/2026","2026","2025","D6","Separated","Q-RIN","420,374"
"3/2/2026","2026","2025","D6","Separated","Unverified","365,634,422"
"3/2/2026","2026","2026","D6","Assigned","Q-RIN","14,207,469"
"3/2/2026","2026","2026","D6","Assigned","Unverified","510,951,780"
"3/2/2026","2026","2026","D6","Separated","Q-RIN","14,859,873"
"3/2/2026","2026","2026","D6","Separated","Unverified","174,531,183"
"3/9/2026","2026","2024","D6","Separated","Unverified","21,500,000"
"3/9/2026","2026","2025","D6","Assigned","Unverified","83,587"
"3/9/2026","2026","2025","D6","Separated","Q-RIN","2,867,142"
"3/9/2026","2026","2025","D6","Separated","Unverified","675,116,422"
"3/9/2026","2026","2026","D6","Assigned","Q-RIN","14,588,790"
"3/9/2026","2026","2026","D6","Assigned","Unverified","514,757,564"
"3/9/2026","2026","2026","D6","Separated","Q-RIN","5,908,149"
"3/9/2026","2026","2026","D6","Separated","Unverified","384,233,555"
"3/16/2026","2026","2024","D6","Separated","Unverified","45,999,250"
"3/16/2026","2026","2025","D6","Assigned","Unverified","370,251"
"3/16/2026","2026","2025","D6","Separated","Q-RIN","4,758,047"
"3/16/2026","2026","2025","D6","Separated","Unverified","307,108,017"
"3/16/2026","2026","2026","D6","Assigned","Q-RIN","14,411,927"
"3/16/2026","2026","2026","D6","Assigned","Unverified","504,354,720"
"3/16/2026","2026","2026","D6","Separated","Q-RIN","10,854,374"
"3/16/2026","2026","2026","D6","Separated","Unverified","270,975,494"
"3/23/2026","2026","2024","D6","Separated","Unverified","87,010"
"3/23/2026","2026","2025","D6","Assigned","Unverified","45,953"
"3/23/2026","2026","2025","D6","Separated","Q-RIN","171,101"
"3/23/2026","2026","2025","D6","Separated","Unverified","126,304,377"
"3/23/2026","2026","2026","D6","Assigned","Q-RIN","17,103,695"
"3/23/2026","2026","2026","D6","Assigned","Unverified","487,653,670"
"3/23/2026","2026","2026","D6","Separated","Q-RIN","7,256,485"
"3/23/2026","2026","2026","D6","Separated","Unverified","344,753,637"
"3/30/2026","2026","2024","D6","Separated","Unverified","174,960"
"3/30/2026","2026","2025","D6","Assigned","Unverified","24,119"
"3/30/2026","2026","2025","D6","Separated","Q-RIN","944,372"
"3/30/2026","2026","2025","D6","Separated","Unverified","51,496,110"
"3/30/2026","2026","2026","D6","Assigned","Q-RIN","22,243,953"
"3/30/2026","2026","2026","D6","Assigned","Unverified","506,762,452"
"3/30/2026","2026","2026","D6","Separated","Q-RIN","13,632,680"
"3/30/2026","2026","2026","D6","Separated","Unverified","387,378,216"
"4/6/2026","2026","2024","D6","Separated","Unverified","26,600,000"
"4/6/2026","2026","2025","D6","Assigned","Unverified","391,351"
"4/6/2026","2026","2025","D6","Separated","Q-RIN","5,137,410"
"4/6/2026","2026","2025","D6","Separated","Unverified","91,627,257"
"4/6/2026","2026","2026","D6","Assigned","Q-RIN","21,194,503"
"4/6/2026","2026","2026","D6","Assigned","Unverified","550,339,587"
"4/6/2026","2026","2026","D6","Separated","Q-RIN","5,901,301"
"4/6/2026","2026","2026","D6","Separated","Unverified","358,403,882"
"4/13/2026","2026","2024","D6","Separated","Unverified","10,000,000"
"4/13/2026","2026","2025","D6","Assigned","Unverified","12,604"
"4/13/2026","2026","2025","D6","Separated","Q-RIN","12,687"
"4/13/2026","2026","2025","D6","Separated","Unverified","14,991,471"
"4/13/2026","2026","2026","D6","Assigned","Q-RIN","20,615,932"
"4/13/2026","2026","2026","D6","Assigned","Unverified","485,811,356"
"4/13/2026","2026","2026","D6","Separated","Q-RIN","8,731,935"
"4/13/2026","2026","2026","D6","Separated","Unverified","237,103,725"
"4/20/2026","2026","2024","D6","Assigned","Unverified","2,100"
"4/20/2026","2026","2024","D6","Separated","Unverified","6,650,000"
"4/20/2026","2026","2025","D6","Assigned","Unverified","239,635"
"4/20/2026","2026","2025","D6","Separated","Q-RIN","617,737"
"4/20/2026","2026","2025","D6","Separated","Unverified","72,475,704"
"4/20/2026","2026","2026","D6","Assigned","Q-RIN","25,757,758"
"4/20/2026","2026","2026","D6","Assigned","Unverified","501,870,231"
"4/20/2026","2026","2026","D6","Separated","Q-RIN","9,179,526"
"4/20/2026","2026","2026","D6","Separated","Unverified","261,060,361"
"4/27/2026","2026","2024","D6","Separated","Unverified","5,000,000"
"4/27/2026","2026","2025","D6","Assigned","Unverified","324,927"
"4/27/2026","2026","2025","D6","Separated","Q-RIN","5,657,488"
"4/27/2026","2026","2025","D6","Separated","Unverified","147,188,012"
"4/27/2026","2026","2026","D6","Assigned","Q-RIN","19,410,125"
"4/27/2026","2026","2026","D6","Assigned","Unverified","490,223,476"
"4/27/2026","2026","2026","D6","Separated","Q-RIN","22,647,803"
"4/27/2026","2026","2026","D6","Separated","Unverified","504,159,888"
"5/4/2026","2026","2024","D6","Separated","Unverified","30,000,000"
"5/4/2026","2026","2025","D6","Assigned","Q-RIN","162"
"5/4/2026","2026","2025","D6","Assigned","Unverified","6,033"
"5/4/2026","2026","2025","D6","Separated","Q-RIN","262,064"
"5/4/2026","2026","2025","D6","Separated","Unverified","137,523,252"
"5/4/2026","2026","2026","D6","Assigned","Q-RIN","44,929,844"
"5/4/2026","2026","2026","D6","Assigned","Unverified","528,139,218"
"5/4/2026","2026","2026","D6","Separated","Q-RIN","13,503,818"
"5/4/2026","2026","2026","D6","Separated","Unverified","185,655,146"
"5/11/2026","2026","2024","D6","Separated","Unverified","3,000,000"
"5/11/2026","2026","2025","D6","Assigned","Unverified","8,141"
"5/11/2026","2026","2025","D6","Separated","Q-RIN","1,666,382"
"5/11/2026","2026","2025","D6","Separated","Unverified","285,944,959"
"5/11/2026","2026","2026","D6","Assigned","Q-RIN","35,655,108"
"5/11/2026","2026","2026","D6","Assigned","Unverified","504,720,548"
"5/11/2026","2026","2026","D6","Separated","Q-RIN","17,964,377"
"5/11/2026","2026","2026","D6","Separated","Unverified","262,311,853"
"5/18/2026","2026","2024","D6","Separated","Unverified","13,500,000"
"5/18/2026","2026","2025","D6","Assigned","Unverified","28,667"
"5/18/2026","2026","2025","D6","Separated","Q-RIN","783,681"
"5/18/2026","2026","2025","D6","Separated","Unverified","67,214,610"
"5/18/2026","2026","2026","D6","Assigned","Q-RIN","27,317,545"
"5/18/2026","2026","2026","D6","Assigned","Unverified","540,242,777"
"5/18/2026","2026","2026","D6","Separated","Q-RIN","10,841,597"
"5/18/2026","2026","2026","D6","Separated","Unverified","183,405,619"
"5/25/2026","2026","2025","D6","Separated","Q-RIN","248,068"
"5/25/2026","2026","2025","D6","Separated","Unverified","55,695,059"
"5/25/2026","2026","2026","D6","Assigned","Q-RIN","25,564,180"
"5/25/2026","2026","2026","D6","Assigned","Unverified","520,676,531"
"5/25/2026","2026","2026","D6","Separated","Q-RIN","11,609,632"
"5/25/2026","2026","2026","D6","Separated","Unverified","313,922,938"
"6/1/2026","2026","2024","D6","Separated","Unverified","19,000,000"
"6/1/2026","2026","2025","D6","Separated","Q-RIN","1,010,057"
"6/1/2026","2026","2025","D6","Separated","Unverified","22,673,358"
"6/1/2026","2026","2026","D6","Assigned","Q-RIN","20,357,384"
"6/1/2026","2026","2026","D6","Assigned","Unverified","491,283,426"
"6/1/2026","2026","2026","D6","Separated","Q-RIN","22,261,909"
"6/1/2026","2026","2026","D6","Separated","Unverified","231,041,565"
"6/8/2026","2026","2024","D6","Separated","Unverified","34,979,785"
"6/8/2026","2026","2025","D6","Separated","Unverified","23,704,582"
"6/8/2026","2026","2026","D6","Assigned","Q-RIN","19,575,484"
"6/8/2026","2026","2026","D6","Assigned","Unverified","518,161,525"
"6/8/2026","2026","2026","D6","Separated","Q-RIN","17,054,900"
"6/8/2026","2026","2026","D6","Separated","Unverified","326,229,921"
"6/15/2026","2026","2024","D6","Separated","Unverified","10,000,000"
"6/15/2026","2026","2025","D6","Separated","Q-RIN","94,878"
"6/15/2026","2026","2025","D6","Separated","Unverified","32,708,520"
"6/15/2026","2026","2026","D6","Assigned","Q-RIN","20,784,928"
"6/15/2026","2026","2026","D6","Assigned","Unverified","563,861,138"
"6/15/2026","2026","2026","D6","Separated","Q-RIN","8,452,539"
"6/15/2026","2026","2026","D6","Separated","Unverified","362,087,432"
"6/22/2026","2026","2024","D6","Separated","Unverified","8,850,000"
"6/22/2026","2026","2025","D6","Assigned","Unverified","359,678"
"6/22/2026","2026","2025","D6","Separated","Q-RIN","1,007,286"
"6/22/2026","2026","2025","D6","Separated","Unverified","53,670,574"
"6/22/2026","2026","2026","D6","Assigned","Q-RIN","28,884,992"
"6/22/2026","2026","2026","D6","Assigned","Unverified","550,104,733"
"6/22/2026","2026","2026","D6","Separated","Q-RIN","14,451,386"
"6/22/2026","2026","2026","D6","Separated","Unverified","447,882,545"
"9/14/2020","2020","2019","D6","Separated","Unverified","45,967,979"
"9/14/2020","2020","2020","D6","Assigned","Q-RIN","16,995,294"
"9/14/2020","2020","2020","D6","Assigned","Unverified","463,685,574"
"9/14/2020","2020","2020","D6","Separated","Unverified","458,281,904"
"9/21/2020","2020","2019","D6","Separated","Q-RIN","2,018,286"
"9/21/2020","2020","2019","D6","Separated","Unverified","66,691,533"
"9/21/2020","2020","2020","D6","Assigned","Q-RIN","15,110,526"
"9/21/2020","2020","2020","D6","Assigned","Unverified","397,831,290"
"9/21/2020","2020","2020","D6","Separated","Q-RIN","7,990"
"9/21/2020","2020","2020","D6","Separated","Unverified","277,775,008"
"9/28/2020","2020","2019","D6","Separated","Q-RIN","7,612"
"9/28/2020","2020","2019","D6","Separated","Unverified","159,759,752"
"9/28/2020","2020","2020","D6","Assigned","Q-RIN","17,219,460"
"9/28/2020","2020","2020","D6","Assigned","Unverified","432,767,217"
"9/28/2020","2020","2020","D6","Separated","Unverified","295,281,378"
"10/5/2020","2020","2019","D6","Separated","Q-RIN","1,000,000"
"10/5/2020","2020","2019","D6","Separated","Unverified","36,655,894"
"10/5/2020","2020","2020","D6","Assigned","Q-RIN","14,701,997"
"10/5/2020","2020","2020","D6","Assigned","Unverified","438,786,511"
"10/5/2020","2020","2020","D6","Separated","Unverified","322,022,702"
"10/12/2020","2020","2019","D6","Separated","Q-RIN","1,000,000"
"10/12/2020","2020","2019","D6","Separated","Unverified","23,807,049"
"10/12/2020","2020","2020","D6","Assigned","Q-RIN","16,431,777"
"10/12/2020","2020","2020","D6","Assigned","Unverified","429,683,375"
"10/12/2020","2020","2020","D6","Separated","Unverified","323,694,717"
"10/19/2020","2020","2019","D6","Separated","Unverified","11,522,018"
"10/19/2020","2020","2020","D6","Assigned","Q-RIN","15,179,354"
"10/19/2020","2020","2020","D6","Assigned","Unverified","436,873,184"
"10/19/2020","2020","2020","D6","Separated","Unverified","347,700,411"
"10/26/2020","2020","2019","D6","Separated","Q-RIN","232,381"
"10/26/2020","2020","2019","D6","Separated","Unverified","4,993,834"
"10/26/2020","2020","2020","D6","Assigned","Q-RIN","19,113,916"
"10/26/2020","2020","2020","D6","Assigned","Unverified","458,537,338"
"10/26/2020","2020","2020","D6","Separated","Unverified","388,825,883"
"11/2/2020","2020","2019","D6","Separated","Unverified","24,518,708"
"11/2/2020","2020","2020","D6","Assigned","Q-RIN","12,424,976"
"11/2/2020","2020","2020","D6","Assigned","Unverified","445,591,791"
"11/2/2020","2020","2020","D6","Separated","Unverified","280,217,823"
"11/9/2020","2020","2019","D6","Separated","Q-RIN","51,290"
"11/9/2020","2020","2019","D6","Separated","Unverified","49,107,810"
"11/9/2020","2020","2020","D6","Assigned","Q-RIN","15,108,494"
"11/9/2020","2020","2020","D6","Assigned","Unverified","472,971,635"
"11/9/2020","2020","2020","D6","Separated","Unverified","375,054,185"
"11/16/2020","2020","2019","D6","Separated","Unverified","58,961,866"
"11/16/2020","2020","2020","D6","Assigned","Q-RIN","14,570,185"
"11/16/2020","2020","2020","D6","Assigned","Unverified","461,753,312"
"11/16/2020","2020","2020","D6","Separated","Unverified","389,376,287"
"11/23/2020","2020","2019","D6","Separated","Unverified","2,625,062"
"11/23/2020","2020","2020","D6","Assigned","Q-RIN","14,643,041"
"11/23/2020","2020","2020","D6","Assigned","Unverified","408,925,076"
"11/23/2020","2020","2020","D6","Separated","Unverified","202,364,726"
"11/30/2020","2020","2019","D6","Separated","Q-RIN","6,219,518"
"11/30/2020","2020","2019","D6","Separated","Unverified","56,781,056"
"11/30/2020","2020","2020","D6","Assigned","Q-RIN","13,665,707"
"11/30/2020","2020","2020","D6","Assigned","Unverified","471,830,553"
"11/30/2020","2020","2020","D6","Separated","Unverified","270,990,520"
"12/7/2020","2020","2019","D6","Separated","Q-RIN","5,169"
"12/7/2020","2020","2019","D6","Separated","Unverified","74,273,111"
"12/7/2020","2020","2020","D6","Assigned","Q-RIN","14,452,852"
"12/7/2020","2020","2020","D6","Assigned","Unverified","434,383,393"
"12/7/2020","2020","2020","D6","Separated","Unverified","338,505,313"
"12/14/2020","2020","2019","D6","Separated","Unverified","45,464,044"
"12/14/2020","2020","2020","D6","Assigned","Q-RIN","15,789,213"
"12/14/2020","2020","2020","D6","Assigned","Unverified","441,656,788"
"12/14/2020","2020","2020","D6","Separated","Q-RIN","500,000"
"12/14/2020","2020","2020","D6","Separated","Unverified","503,828,083"
"12/21/2020","2020","2019","D6","Separated","Q-RIN","7,626"
"12/21/2020","2020","2019","D6","Separated","Unverified","3,287,007"
"12/21/2020","2020","2020","D6","Assigned","Q-RIN","12,922,600"
"12/21/2020","2020","2020","D6","Assigned","Unverified","370,316,176"
"12/21/2020","2020","2020","D6","Separated","Unverified","290,764,972"
"12/28/2020","2020","2019","D6","Assigned","Q-RIN","136,086"
"12/28/2020","2020","2019","D6","Separated","Unverified","13,508,007"
"12/28/2020","2020","2020","D6","Assigned","Q-RIN","11,208,846"
"12/28/2020","2020","2020","D6","Assigned","Unverified","326,644,470"
"12/28/2020","2020","2020","D6","Separated","Unverified","303,004,153"
"12/28/2020","2021","2020","D6","Assigned","Unverified","44,518,254"
"12/28/2020","2021","2020","D6","Separated","Unverified","14,832,736"
"12/28/2020","2021","2021","D6","Assigned","Q-RIN","1,175,426"
"12/28/2020","2021","2021","D6","Assigned","Unverified","34,944,140"
"12/28/2020","2021","2021","D6","Separated","Unverified","118,512"
"1/4/2021","2021","2019","D6","Separated","Q-RIN","247,633"
"1/4/2021","2021","2019","D6","Separated","Unverified","118,602,667"
"1/4/2021","2021","2020","D6","Assigned","Q-RIN","1,235,781"
"1/4/2021","2021","2020","D6","Assigned","Unverified","148,596,861"
"1/4/2021","2021","2020","D6","Separated","Unverified","420,036,188"
"1/4/2021","2021","2021","D6","Assigned","Q-RIN","11,966,890"
"1/4/2021","2021","2021","D6","Assigned","Unverified","284,276,149"
"1/4/2021","2021","2021","D6","Separated","Unverified","6,150,522"
"1/11/2021","2021","2019","D6","Separated","Unverified","127,604,540"
"1/11/2021","2021","2020","D6","Assigned","Q-RIN","483,752"
"1/11/2021","2021","2020","D6","Assigned","Unverified","79,175,190"
"1/11/2021","2021","2020","D6","Separated","Q-RIN","6,028,154"
"1/11/2021","2021","2020","D6","Separated","Unverified","334,301,890"
"1/11/2021","2021","2021","D6","Assigned","Q-RIN","14,077,911"
"1/11/2021","2021","2021","D6","Assigned","Unverified","317,674,468"
"1/11/2021","2021","2021","D6","Separated","Unverified","13,488,711"
"1/18/2021","2021","2019","D6","Separated","Unverified","43,751,649"
"1/18/2021","2021","2020","D6","Assigned","Q-RIN","662,227"
"1/18/2021","2021","2020","D6","Assigned","Unverified","61,723,641"
"1/18/2021","2021","2020","D6","Separated","Q-RIN","81,353"
"1/18/2021","2021","2020","D6","Separated","Unverified","359,632,540"
"1/18/2021","2021","2021","D6","Assigned","Q-RIN","16,081,946"
"1/18/2021","2021","2021","D6","Assigned","Unverified","334,344,535"
"1/18/2021","2021","2021","D6","Separated","Unverified","38,819,946"
"1/25/2021","2021","2019","D6","Separated","Q-RIN","6,500,000"
"1/25/2021","2021","2019","D6","Separated","Unverified","98,687,947"
"1/25/2021","2021","2020","D6","Assigned","Q-RIN","67,448"
"1/25/2021","2021","2020","D6","Assigned","Unverified","32,784,470"
"1/25/2021","2021","2020","D6","Separated","Q-RIN","73,802"
"1/25/2021","2021","2020","D6","Separated","Unverified","372,312,412"
"1/25/2021","2021","2021","D6","Assigned","Q-RIN","15,907,980"
"1/25/2021","2021","2021","D6","Assigned","Unverified","379,004,245"
"1/25/2021","2021","2021","D6","Separated","Unverified","50,080,566"
"2/1/2021","2021","2019","D6","Separated","Unverified","107,956,447"
"2/1/2021","2021","2020","D6","Assigned","Unverified","8,141,853"
"2/1/2021","2021","2020","D6","Separated","Q-RIN","630,000"
"2/1/2021","2021","2020","D6","Separated","Unverified","119,604,348"
"2/1/2021","2021","2021","D6","Assigned","Q-RIN","4,931,938"
"2/1/2021","2021","2021","D6","Assigned","Unverified","382,785,811"
"2/1/2021","2021","2021","D6","Separated","Unverified","119,989,064"
"2/8/2021","2021","2019","D6","Separated","Unverified","38,294,107"
"2/8/2021","2021","2020","D6","Assigned","Q-RIN","216"
"2/8/2021","2021","2020","D6","Assigned","Unverified","1,543,478"
"2/8/2021","2021","2020","D6","Separated","Unverified","185,621,444"
"2/8/2021","2021","2021","D6","Assigned","Q-RIN","3,573,248"
"2/8/2021","2021","2021","D6","Assigned","Unverified","415,421,652"
"2/8/2021","2021","2021","D6","Separated","Unverified","90,736,087"
"2/15/2021","2021","2019","D6","Separated","Q-RIN","3,000,000"
"2/15/2021","2021","2019","D6","Separated","Unverified","11,500,000"
"2/15/2021","2021","2020","D6","Assigned","Unverified","151,264"
"2/15/2021","2021","2020","D6","Separated","Unverified","183,706,872"
"2/15/2021","2021","2021","D6","Assigned","Q-RIN","602,337"
"2/15/2021","2021","2021","D6","Assigned","Unverified","389,945,244"
"2/15/2021","2021","2021","D6","Separated","Unverified","120,040,144"
"2/22/2021","2021","2019","D6","Separated","Unverified","33,450,416"
"2/22/2021","2021","2020","D6","Assigned","Q-RIN","9,370"
"2/22/2021","2021","2020","D6","Assigned","Unverified","2,287,394"
"2/22/2021","2021","2020","D6","Separated","Q-RIN","9,045"
"2/22/2021","2021","2020","D6","Separated","Unverified","178,103,402"
"2/22/2021","2021","2021","D6","Assigned","Q-RIN","716,810"
"2/22/2021","2021","2021","D6","Assigned","Unverified","473,064,822"
"2/22/2021","2021","2021","D6","Separated","Unverified","186,360,362"
"3/1/2021","2021","2019","D6","Separated","Q-RIN","34,425"
"3/1/2021","2021","2019","D6","Separated","Unverified","13,814,571"
"3/1/2021","2021","2020","D6","Assigned","Unverified","39,213"
"3/1/2021","2021","2020","D6","Separated","Q-RIN","64,030"
"3/1/2021","2021","2020","D6","Separated","Unverified","105,493,100"
"3/1/2021","2021","2021","D6","Assigned","Q-RIN","305,184"
"3/1/2021","2021","2021","D6","Assigned","Unverified","441,955,119"
"3/1/2021","2021","2021","D6","Separated","Unverified","181,338,593"
"3/8/2021","2021","2019","D6","Separated","Q-RIN","3,000,000"
"3/8/2021","2021","2019","D6","Separated","Unverified","4,063,544"
"3/8/2021","2021","2020","D6","Separated","Unverified","86,376,005"
"3/8/2021","2021","2021","D6","Assigned","Q-RIN","451,723"
"3/8/2021","2021","2021","D6","Assigned","Unverified","466,906,306"
"3/8/2021","2021","2021","D6","Separated","Unverified","189,921,549"
"3/15/2021","2021","2019","D6","Separated","Q-RIN","3,000,000"
"3/15/2021","2021","2019","D6","Separated","Unverified","5,766,699"
"3/15/2021","2021","2020","D6","Assigned","Unverified","304,980"
"3/15/2021","2021","2020","D6","Separated","Q-RIN","28,425"
"3/15/2021","2021","2020","D6","Separated","Unverified","133,991,985"
"3/15/2021","2021","2021","D6","Assigned","Q-RIN","719,648"
"3/15/2021","2021","2021","D6","Assigned","Unverified","472,514,543"
"3/15/2021","2021","2021","D6","Separated","Unverified","359,385,658"
"3/22/2021","2021","2019","D6","Assigned","Unverified","58"
"3/22/2021","2021","2019","D6","Separated","Q-RIN","4,000,000"
"3/22/2021","2021","2019","D6","Separated","Unverified","126,085,445"
"3/22/2021","2021","2020","D6","Assigned","Q-RIN","333"
"3/22/2021","2021","2020","D6","Assigned","Unverified","3,199,969"
"3/22/2021","2021","2020","D6","Separated","Q-RIN","22,283"
"3/22/2021","2021","2020","D6","Separated","Unverified","61,328,964"
"3/22/2021","2021","2021","D6","Assigned","Q-RIN","521,837"
"3/22/2021","2021","2021","D6","Assigned","Unverified","459,808,968"
"3/22/2021","2021","2021","D6","Separated","Q-RIN","87,253"
"3/22/2021","2021","2021","D6","Separated","Unverified","230,829,115"
"3/29/2021","2021","2019","D6","Separated","Q-RIN","1,304,453"
"3/29/2021","2021","2019","D6","Separated","Unverified","771,229"
"3/29/2021","2021","2020","D6","Separated","Q-RIN","178,110"
"3/29/2021","2021","2020","D6","Separated","Unverified","29,714,822"
"3/29/2021","2021","2021","D6","Assigned","Q-RIN","406,458"
"3/29/2021","2021","2021","D6","Assigned","Unverified","459,647,326"
"3/29/2021","2021","2021","D6","Separated","Q-RIN","8,000"
"3/29/2021","2021","2021","D6","Separated","Unverified","296,632,869"
"4/5/2021","2021","2018","D6","Separated","Unverified","229,808"
"4/5/2021","2021","2019","D6","Separated","Unverified","335,090"
"4/5/2021","2021","2020","D6","Separated","Q-RIN","8,025"
"4/5/2021","2021","2020","D6","Separated","Unverified","40,949,306"
"4/5/2021","2021","2021","D6","Assigned","Q-RIN","392,106"
"4/5/2021","2021","2021","D6","Assigned","Unverified","464,510,286"
"4/5/2021","2021","2021","D6","Separated","Unverified","208,809,302"
"4/12/2021","2021","2020","D6","Assigned","Unverified","783,514"
"4/12/2021","2021","2020","D6","Separated","Unverified","19,044,363"
"4/12/2021","2021","2021","D6","Assigned","Q-RIN","334,258"
"4/12/2021","2021","2021","D6","Assigned","Unverified","476,190,964"
"4/12/2021","2021","2021","D6","Separated","Unverified","312,241,810"
"4/19/2021","2021","2020","D6","Separated","Unverified","23,128,414"
"4/19/2021","2021","2021","D6","Assigned","Q-RIN","482,998"
"4/19/2021","2021","2021","D6","Assigned","Unverified","490,613,107"
"4/19/2021","2021","2021","D6","Separated","Unverified","236,202,616"
"4/26/2021","2021","2019","D6","Separated","Q-RIN","3,250"
"4/26/2021","2021","2019","D6","Separated","Unverified","134,355"
"4/26/2021","2021","2020","D6","Assigned","Unverified","3,074,337"
"4/26/2021","2021","2020","D6","Separated","Unverified","15,403,633"
"4/26/2021","2021","2021","D6","Assigned","Q-RIN","37,697"
"4/26/2021","2021","2021","D6","Assigned","Unverified","498,024,128"
"4/26/2021","2021","2021","D6","Separated","Unverified","393,515,676"
"5/3/2021","2021","2019","D6","Separated","Q-RIN","3,250"
"5/3/2021","2021","2019","D6","Separated","Unverified","71,682"
"5/3/2021","2021","2020","D6","Assigned","Unverified","144,010"
"5/3/2021","2021","2020","D6","Separated","Unverified","38,659,309"
"5/3/2021","2021","2021","D6","Assigned","Unverified","476,759,460"
"5/3/2021","2021","2021","D6","Separated","Unverified","265,326,684"
"5/10/2021","2021","2019","D6","Separated","Q-RIN","210,000"
"5/10/2021","2021","2020","D6","Assigned","Unverified","99,002"
"5/10/2021","2021","2020","D6","Separated","Unverified","20,625,575"
"5/10/2021","2021","2021","D6","Assigned","Unverified","492,987,078"
"5/10/2021","2021","2021","D6","Separated","Unverified","278,872,203"
"5/17/2021","2021","2019","D6","Separated","Unverified","4,077,787"
"5/17/2021","2021","2020","D6","Separated","Unverified","4,055,363"
"5/17/2021","2021","2021","D6","Assigned","Unverified","510,687,882"
"5/17/2021","2021","2021","D6","Separated","Unverified","338,162,111"
"5/24/2021","2021","2019","D6","Separated","Unverified","142,314"
"5/24/2021","2021","2020","D6","Assigned","Unverified","585,784"
"5/24/2021","2021","2020","D6","Separated","Unverified","13,104,988"
"5/24/2021","2021","2021","D6","Assigned","Unverified","503,354,353"
"5/24/2021","2021","2021","D6","Separated","Unverified","355,474,667"
"5/31/2021","2021","2020","D6","Separated","Unverified","58,737,637"
"5/31/2021","2021","2021","D6","Assigned","Unverified","496,159,599"
"5/31/2021","2021","2021","D6","Separated","Unverified","278,508,208"
"6/7/2021","2021","2020","D6","Separated","Unverified","35,375,788"
"6/7/2021","2021","2021","D6","Assigned","Unverified","535,151,747"
"6/7/2021","2021","2021","D6","Separated","Unverified","412,565,723"
"6/14/2021","2021","2020","D6","Assigned","Unverified","722,763"
"6/14/2021","2021","2020","D6","Separated","Unverified","35,582,424"
"6/14/2021","2021","2021","D6","Assigned","Unverified","530,869,304"
"6/14/2021","2021","2021","D6","Separated","Unverified","478,578,161"
"6/21/2021","2021","2020","D6","Assigned","Unverified","7,297"
"6/21/2021","2021","2020","D6","Separated","Unverified","44,327,645"
"6/21/2021","2021","2021","D6","Assigned","Unverified","532,592,985"
"6/21/2021","2021","2021","D6","Separated","Unverified","323,093,825"
"6/28/2021","2021","2019","D6","Separated","Unverified","183,902"
"6/28/2021","2021","2020","D6","Assigned","Unverified","7,852"
"6/28/2021","2021","2020","D6","Separated","Q-RIN","8,462"
"6/28/2021","2021","2020","D6","Separated","Unverified","28,184,244"
"6/28/2021","2021","2021","D6","Assigned","Unverified","559,295,668"
"6/28/2021","2021","2021","D6","Separated","Unverified","406,019,372"
"7/5/2021","2021","2020","D6","Assigned","Unverified","219,697"
"7/5/2021","2021","2020","D6","Separated","Unverified","503,165"
"7/5/2021","2021","2021","D6","Assigned","Unverified","532,873,201"
"7/5/2021","2021","2021","D6","Separated","Unverified","308,876,730"
"7/12/2021","2021","2019","D6","Separated","Unverified","115,803"
"7/12/2021","2021","2020","D6","Assigned","Unverified","629,313"
"7/12/2021","2021","2020","D6","Separated","Unverified","17,000,000"
"7/12/2021","2021","2021","D6","Assigned","Unverified","530,449,759"
"7/12/2021","2021","2021","D6","Separated","Unverified","385,813,770"
"7/19/2021","2021","2020","D6","Separated","Unverified","5,010,586"
"7/19/2021","2021","2021","D6","Assigned","Unverified","554,005,294"
"7/19/2021","2021","2021","D6","Separated","Unverified","306,380,390"
"7/26/2021","2021","2019","D6","Separated","Unverified","1,217,386"
"7/26/2021","2021","2020","D6","Separated","Unverified","2,843,135"
"7/26/2021","2021","2021","D6","Assigned","Unverified","570,686,461"
"7/26/2021","2021","2021","D6","Separated","Unverified","401,030,215"
"8/2/2021","2021","2020","D6","Assigned","Unverified","7,913"
"8/2/2021","2021","2020","D6","Separated","Q-RIN","9,919"
"8/2/2021","2021","2020","D6","Separated","Unverified","5,680,716"
"8/2/2021","2021","2021","D6","Assigned","Unverified","544,096,837"
"8/2/2021","2021","2021","D6","Separated","Unverified","264,139,621"
"8/9/2021","2021","2020","D6","Separated","Unverified","6,473,469"
"8/9/2021","2021","2021","D6","Assigned","Unverified","518,046,983"
"8/9/2021","2021","2021","D6","Separated","Unverified","186,556,843"
"8/16/2021","2021","2020","D6","Assigned","Unverified","1,681,989"
"8/16/2021","2021","2020","D6","Separated","Unverified","3,182,886"
"8/16/2021","2021","2021","D6","Assigned","Unverified","501,770,507"
"8/16/2021","2021","2021","D6","Separated","Unverified","186,442,866"
"8/23/2021","2021","2021","D6","Assigned","Unverified","501,123,542"
"8/23/2021","2021","2021","D6","Separated","Unverified","226,025,664"
"8/30/2021","2021","2020","D6","Separated","Unverified","16,755,125"
"8/30/2021","2021","2021","D6","Assigned","Unverified","520,886,605"
"8/30/2021","2021","2021","D6","Separated","Unverified","355,907,475"
"9/6/2021","2021","2020","D6","Separated","Q-RIN","249,528"
"9/6/2021","2021","2020","D6","Separated","Unverified","13,750,472"
"9/6/2021","2021","2021","D6","Assigned","Unverified","497,627,495"
"9/6/2021","2021","2021","D6","Separated","Unverified","239,862,370"
"9/13/2021","2021","2020","D6","Separated","Unverified","3,664,612"
"9/13/2021","2021","2021","D6","Assigned","Unverified","519,235,420"
"9/13/2021","2021","2021","D6","Separated","Unverified","362,426,286"
"9/20/2021","2021","2019","D6","Separated","Q-RIN","870"
"9/20/2021","2021","2019","D6","Separated","Unverified","6,725"
"9/20/2021","2021","2020","D6","Separated","Unverified","20,910,042"
"9/20/2021","2021","2021","D6","Assigned","Unverified","514,822,630"
"9/20/2021","2021","2021","D6","Separated","Unverified","378,619,022"
"9/27/2021","2021","2020","D6","Separated","Q-RIN","249,528"
"9/27/2021","2021","2020","D6","Separated","Unverified","19,258,519"
"9/27/2021","2021","2021","D6","Assigned","Unverified","523,494,424"
"9/27/2021","2021","2021","D6","Separated","Unverified","633,712,321"
"10/4/2021","2021","2020","D6","Assigned","Unverified","999"
"10/4/2021","2021","2020","D6","Separated","Unverified","10,163,467"
"10/4/2021","2021","2021","D6","Assigned","Unverified","497,636,191"
"10/4/2021","2021","2021","D6","Separated","Unverified","410,476,518"
"10/11/2021","2021","2020","D6","Separated","Unverified","9,206,615"
"10/11/2021","2021","2021","D6","Assigned","Unverified","520,346,309"
"10/11/2021","2021","2021","D6","Separated","Unverified","587,342,172"
"10/18/2021","2021","2019","D6","Separated","Unverified","581,000"
"10/18/2021","2021","2020","D6","Separated","Unverified","12,000,000"
"10/18/2021","2021","2021","D6","Assigned","Unverified","539,782,691"
"10/18/2021","2021","2021","D6","Separated","Unverified","412,508,354"
"10/25/2021","2021","2018","D6","Separated","Unverified","114,904"
"10/25/2021","2021","2019","D6","Separated","Unverified","125,000,000"
"10/25/2021","2021","2020","D6","Separated","Q-RIN","7,170"
"10/25/2021","2021","2020","D6","Separated","Unverified","172,023,335"
"10/25/2021","2021","2021","D6","Assigned","Unverified","558,284,928"
"10/25/2021","2021","2021","D6","Separated","Unverified","400,089,116"
"11/1/2021","2021","2019","D6","Separated","Q-RIN","2,274,432"
"11/1/2021","2021","2019","D6","Separated","Unverified","140,294,065"
"11/1/2021","2021","2020","D6","Separated","Q-RIN","249,528"
"11/1/2021","2021","2020","D6","Separated","Unverified","14,609,304"
"11/1/2021","2021","2021","D6","Assigned","Unverified","467,575,894"
"11/1/2021","2021","2021","D6","Separated","Unverified","391,697,451"
"11/8/2021","2021","2020","D6","Assigned","Unverified","16,201"
"11/8/2021","2021","2020","D6","Separated","Unverified","23,977,713"
"11/8/2021","2021","2021","D6","Assigned","Unverified","529,457,713"
"11/8/2021","2021","2021","D6","Separated","Unverified","313,885,299"
"11/15/2021","2021","2020","D6","Separated","Q-RIN","31,726"
"11/15/2021","2021","2020","D6","Separated","Unverified","2,069,264"
"11/15/2021","2021","2021","D6","Assigned","Unverified","548,974,663"
"11/15/2021","2021","2021","D6","Separated","Unverified","549,562,404"
"11/22/2021","2021","2020","D6","Separated","Unverified","607,566"
"11/22/2021","2021","2021","D6","Assigned","Unverified","455,812,293"
"11/22/2021","2021","2021","D6","Separated","Unverified","277,621,705"
"11/29/2021","2021","2020","D6","Separated","Unverified","14,081,000"
"11/29/2021","2021","2021","D6","Assigned","Unverified","583,959,859"
"11/29/2021","2021","2021","D6","Separated","Unverified","600,216,155"
"12/6/2021","2021","2020","D6","Assigned","Unverified","145,247"
"12/6/2021","2021","2020","D6","Separated","Unverified","6,074,525"
"12/6/2021","2021","2021","D6","Assigned","Q-RIN","7,876"
"12/6/2021","2021","2021","D6","Assigned","Unverified","541,055,908"
"12/6/2021","2021","2021","D6","Separated","Unverified","571,761,575"
"12/13/2021","2021","2020","D6","Assigned","Unverified","223,538"
"12/13/2021","2021","2020","D6","Separated","Unverified","10,507,861"
"12/13/2021","2021","2021","D6","Assigned","Unverified","508,379,184"
"12/13/2021","2021","2021","D6","Separated","Unverified","829,954,570"
"12/20/2021","2021","2019","D6","Separated","Unverified","5,500,000"
"12/20/2021","2021","2020","D6","Separated","Unverified","11,258,198"
"12/20/2021","2021","2021","D6","Assigned","Unverified","507,374,534"
"12/20/2021","2021","2021","D6","Separated","Unverified","850,354,647"
"12/27/2021","2021","2019","D6","Separated","Unverified","2,053,783"
"12/27/2021","2021","2020","D6","Assigned","Unverified","479,780"
"12/27/2021","2021","2020","D6","Separated","Q-RIN","75,969"
"12/27/2021","2021","2020","D6","Separated","Unverified","4,519,271"
"12/27/2021","2021","2021","D6","Assigned","Unverified","463,738,253"
"12/27/2021","2021","2021","D6","Separated","Unverified","564,697,586"
"12/27/2021","2022","2021","D6","Assigned","Unverified","19,263,764"
"12/27/2021","2022","2021","D6","Separated","Unverified","9,299,208"
"12/27/2021","2022","2022","D6","Assigned","Unverified","25,872,209"
"12/27/2021","2022","2022","D6","Separated","Unverified","7,857"
"1/3/2022","2022","2019","D6","Separated","Unverified","25,797"
"1/3/2022","2022","2020","D6","Separated","Unverified","5,524,481"
"1/3/2022","2022","2021","D6","Assigned","Unverified","159,816,269"
"1/3/2022","2022","2021","D6","Separated","Unverified","512,577,068"
"1/3/2022","2022","2022","D6","Assigned","Unverified","299,045,002"
"1/3/2022","2022","2022","D6","Separated","Unverified","5,565,009"
"1/10/2022","2022","2020","D6","Separated","Unverified","19,001,348"
"1/10/2022","2022","2021","D6","Assigned","Unverified","94,129,411"
"1/10/2022","2022","2021","D6","Separated","Q-RIN","1,000,000"
"1/10/2022","2022","2021","D6","Separated","Unverified","603,604,792"
"1/10/2022","2022","2022","D6","Assigned","Unverified","360,315,289"
"1/10/2022","2022","2022","D6","Separated","Unverified","20,621,336"
"1/17/2022","2022","2019","D6","Separated","Unverified","9,124,806"
"1/17/2022","2022","2020","D6","Separated","Unverified","1,574,373"
"1/17/2022","2022","2021","D6","Assigned","Unverified","29,284,274"
"1/17/2022","2022","2021","D6","Separated","Unverified","427,811,305"
"1/17/2022","2022","2022","D6","Assigned","Unverified","424,431,635"
"1/17/2022","2022","2022","D6","Separated","Unverified","33,330,201"
"1/24/2022","2022","2019","D6","Assigned","Q-RIN","51,807"
"1/24/2022","2022","2020","D6","Assigned","Unverified","10,889"
"1/24/2022","2022","2020","D6","Separated","Unverified","10,631,837"
"1/24/2022","2022","2021","D6","Assigned","Unverified","9,932,443"
"1/24/2022","2022","2021","D6","Separated","Q-RIN","1,000,000"
"1/24/2022","2022","2021","D6","Separated","Unverified","355,850,130"
"1/24/2022","2022","2022","D6","Assigned","Unverified","498,985,029"
"1/24/2022","2022","2022","D6","Separated","Unverified","50,940,552"
"1/31/2022","2022","2020","D6","Separated","Unverified","500,000"
"1/31/2022","2022","2021","D6","Assigned","Unverified","5,465,957"
"1/31/2022","2022","2021","D6","Separated","Unverified","178,468,087"
"1/31/2022","2022","2022","D6","Assigned","Unverified","490,527,845"
"1/31/2022","2022","2022","D6","Separated","Unverified","126,579,830"
"2/7/2022","2022","2021","D6","Assigned","Unverified","943,850"
"2/7/2022","2022","2021","D6","Separated","Q-RIN","7,812"
"2/7/2022","2022","2021","D6","Separated","Unverified","108,019,826"
"2/7/2022","2022","2022","D6","Assigned","Unverified","515,465,897"
"2/7/2022","2022","2022","D6","Separated","Unverified","123,601,834"
"2/14/2022","2022","2020","D6","Separated","Unverified","29,110,000"
"2/14/2022","2022","2021","D6","Assigned","Unverified","506,461"
"2/14/2022","2022","2021","D6","Separated","Unverified","155,412,340"
"2/14/2022","2022","2022","D6","Assigned","Unverified","506,457,156"
"2/14/2022","2022","2022","D6","Separated","Unverified","161,113,675"
"2/21/2022","2022","2020","D6","Separated","Unverified","20,500,000"
"2/21/2022","2022","2021","D6","Assigned","Unverified","722,247"
"2/21/2022","2022","2021","D6","Separated","Unverified","140,106,756"
"2/21/2022","2022","2022","D6","Assigned","Unverified","499,561,459"
"2/21/2022","2022","2022","D6","Separated","Unverified","159,077,708"
"2/28/2022","2022","2020","D6","Assigned","Unverified","999"
"2/28/2022","2022","2020","D6","Separated","Unverified","8,332,256"
"2/28/2022","2022","2021","D6","Assigned","Unverified","1,329,870"
"2/28/2022","2022","2021","D6","Separated","Unverified","186,393,974"
"2/28/2022","2022","2022","D6","Assigned","Unverified","566,964,284"
"2/28/2022","2022","2022","D6","Separated","Unverified","264,052,594"
"3/7/2022","2022","2019","D6","Separated","Unverified","16,067,787"
"3/7/2022","2022","2020","D6","Separated","Unverified","33,067,787"
"3/7/2022","2022","2021","D6","Assigned","Unverified","80,466"
"3/7/2022","2022","2021","D6","Separated","Unverified","122,708,092"
"3/7/2022","2022","2022","D6","Assigned","Unverified","506,064,155"
"3/7/2022","2022","2022","D6","Separated","Unverified","184,483,850"
"3/14/2022","2022","2020","D6","Separated","Unverified","17,830,000"
"3/14/2022","2022","2021","D6","Assigned","Unverified","1,901,634"
"3/14/2022","2022","2021","D6","Separated","Unverified","139,446,580"
"3/14/2022","2022","2022","D6","Assigned","Unverified","527,398,429"
"3/14/2022","2022","2022","D6","Separated","Unverified","294,479,428"
"3/21/2022","2022","2019","D6","Separated","Q-RIN","210,000"
"3/21/2022","2022","2020","D6","Separated","Unverified","125,791,245"
"3/21/2022","2022","2021","D6","Assigned","Unverified","99,878"
"3/21/2022","2022","2021","D6","Separated","Unverified","117,656,008"
"3/21/2022","2022","2022","D6","Assigned","Unverified","533,414,714"
"3/21/2022","2022","2022","D6","Separated","Unverified","322,651,208"
"3/28/2022","2022","2020","D6","Separated","Unverified","103,574,373"
"3/28/2022","2022","2021","D6","Assigned","Unverified","1,116,765"
"3/28/2022","2022","2021","D6","Separated","Q-RIN","1,000,000"
"3/28/2022","2022","2021","D6","Separated","Unverified","163,858,912"
"3/28/2022","2022","2022","D6","Assigned","Unverified","521,493,014"
"3/28/2022","2022","2022","D6","Separated","Unverified","313,907,288"
"4/4/2022","2022","2020","D6","Separated","Q-RIN","237,265"
"4/4/2022","2022","2020","D6","Separated","Unverified","12,762,735"
"4/4/2022","2022","2021","D6","Assigned","Unverified","998,907"
"4/4/2022","2022","2021","D6","Separated","Q-RIN","8,018"
"4/4/2022","2022","2021","D6","Separated","Unverified","96,666,496"
"4/4/2022","2022","2022","D6","Assigned","Unverified","523,557,742"
"4/4/2022","2022","2022","D6","Separated","Unverified","399,092,523"
"4/11/2022","2022","2021","D6","Assigned","Unverified","28,471"
"4/11/2022","2022","2021","D6","Separated","Unverified","115,734,769"
"4/11/2022","2022","2022","D6","Assigned","Unverified","484,544,489"
"4/11/2022","2022","2022","D6","Separated","Unverified","329,052,776"
"4/18/2022","2022","2021","D6","Assigned","Unverified","7,889"
"4/18/2022","2022","2021","D6","Separated","Unverified","62,910,080"
"4/18/2022","2022","2022","D6","Assigned","Unverified","519,797,132"
"4/18/2022","2022","2022","D6","Separated","Unverified","404,911,406"
"4/25/2022","2022","2020","D6","Separated","Unverified","17,650,000"
"4/25/2022","2022","2021","D6","Assigned","Unverified","144,914"
"4/25/2022","2022","2021","D6","Separated","Unverified","116,458,526"
"4/25/2022","2022","2022","D6","Assigned","Unverified","534,130,556"
"4/25/2022","2022","2022","D6","Separated","Unverified","344,972,600"
"5/2/2022","2022","2020","D6","Separated","Unverified","299"
"5/2/2022","2022","2021","D6","Assigned","Unverified","7,824"
"5/2/2022","2022","2021","D6","Separated","Unverified","29,996,703"
"5/2/2022","2022","2022","D6","Assigned","Unverified","503,692,432"
"5/2/2022","2022","2022","D6","Separated","Unverified","252,996,665"
"5/9/2022","2022","2020","D6","Separated","Unverified","2,991,435"
"5/9/2022","2022","2021","D6","Separated","Unverified","48,665,261"
"5/9/2022","2022","2022","D6","Assigned","Unverified","538,202,241"
"5/9/2022","2022","2022","D6","Separated","Unverified","292,242,242"
"5/16/2022","2022","2021","D6","Assigned","Unverified","1,250,009"
"5/16/2022","2022","2021","D6","Separated","Unverified","26,014,828"
"5/16/2022","2022","2022","D6","Assigned","Unverified","518,723,630"
"5/16/2022","2022","2022","D6","Separated","Unverified","515,800,936"
"5/23/2022","2022","2020","D6","Separated","Unverified","1,119,700"
"5/23/2022","2022","2021","D6","Assigned","Unverified","7,621"
"5/23/2022","2022","2021","D6","Separated","Unverified","32,464,817"
"5/23/2022","2022","2022","D6","Assigned","Unverified","563,885,014"
"5/23/2022","2022","2022","D6","Separated","Unverified","289,023,846"
"5/30/2022","2022","2021","D6","Separated","Unverified","67,099,176"
"5/30/2022","2022","2022","D6","Assigned","Unverified","508,924,098"
"5/30/2022","2022","2022","D6","Separated","Unverified","296,843,591"
"6/6/2022","2022","2020","D6","Separated","Unverified","75,432"
"6/6/2022","2022","2021","D6","Separated","Q-RIN","70,000"
"6/6/2022","2022","2021","D6","Separated","Unverified","51,631,714"
"6/6/2022","2022","2022","D6","Assigned","Unverified","558,668,206"
"6/6/2022","2022","2022","D6","Separated","Unverified","266,987,191"
"6/13/2022","2022","2020","D6","Separated","Unverified","2,596,150"
"6/13/2022","2022","2021","D6","Assigned","Unverified","14,547"
"6/13/2022","2022","2021","D6","Separated","Q-RIN","70,000"
"6/13/2022","2022","2021","D6","Separated","Unverified","52,247,715"
"6/13/2022","2022","2022","D6","Assigned","Unverified","550,310,976"
"6/13/2022","2022","2022","D6","Separated","Unverified","477,089,694"
"6/20/2022","2022","2020","D6","Separated","Unverified","48,610"
"6/20/2022","2022","2021","D6","Separated","Unverified","81,216,676"
"6/20/2022","2022","2022","D6","Assigned","Unverified","565,036,993"
"6/20/2022","2022","2022","D6","Separated","Unverified","595,268,491"
"6/27/2022","2022","2020","D6","Separated","Unverified","4,622,306"
"6/27/2022","2022","2021","D6","Assigned","Unverified","473,202"
"6/27/2022","2022","2021","D6","Separated","Unverified","90,398,085"
"6/27/2022","2022","2022","D6","Assigned","Unverified","540,745,635"
"6/27/2022","2022","2022","D6","Separated","Unverified","448,957,900"
"7/4/2022","2022","2021","D6","Separated","Unverified","17,123,511"
"7/4/2022","2022","2022","D6","Assigned","Unverified","475,118,895"
"7/4/2022","2022","2022","D6","Separated","Unverified","337,146,894"
"7/11/2022","2022","2021","D6","Assigned","Unverified","829,942"
"7/11/2022","2022","2021","D6","Separated","Unverified","28,115,846"
"7/11/2022","2022","2022","D6","Assigned","Unverified","589,388,811"
"7/11/2022","2022","2022","D6","Separated","Unverified","477,598,158"
"7/18/2022","2022","2020","D6","Separated","Unverified","714,000"
"7/18/2022","2022","2021","D6","Assigned","Unverified","15,770"
"7/18/2022","2022","2021","D6","Separated","Unverified","100,866,996"
"7/18/2022","2022","2022","D6","Assigned","Unverified","527,613,114"
"7/18/2022","2022","2022","D6","Separated","Unverified","383,487,575"
"7/25/2022","2022","2021","D6","Assigned","Unverified","7,451"
"7/25/2022","2022","2021","D6","Separated","Unverified","47,386,138"
"7/25/2022","2022","2022","D6","Assigned","Unverified","570,295,826"
"7/25/2022","2022","2022","D6","Separated","Unverified","342,976,856"
"8/1/2022","2022","2019","D6","Separated","Unverified","7,323"
"8/1/2022","2022","2020","D6","Separated","Unverified","35,095,979"
"8/1/2022","2022","2021","D6","Assigned","Unverified","13"
"8/1/2022","2022","2021","D6","Separated","Unverified","45,341,218"
"8/1/2022","2022","2022","D6","Assigned","Unverified","489,232,424"
"8/1/2022","2022","2022","D6","Separated","Unverified","292,637,392"
"8/8/2022","2022","2020","D6","Separated","Unverified","106,354"
"8/8/2022","2022","2021","D6","Assigned","Unverified","332,456"
"8/8/2022","2022","2021","D6","Separated","Unverified","20,819,127"
"8/8/2022","2022","2022","D6","Assigned","Unverified","553,946,779"
"8/8/2022","2022","2022","D6","Separated","Unverified","290,599,012"
"8/15/2022","2022","2019","D6","Separated","Unverified","105,157"
"8/15/2022","2022","2020","D6","Separated","Unverified","2,785,103"
"8/15/2022","2022","2021","D6","Assigned","Unverified","7,615"
"8/15/2022","2022","2021","D6","Separated","Unverified","19,367,695"
"8/15/2022","2022","2022","D6","Assigned","Unverified","530,650,356"
"8/15/2022","2022","2022","D6","Separated","Unverified","274,972,411"
"8/22/2022","2022","2020","D6","Separated","Unverified","903,544"
"8/22/2022","2022","2021","D6","Assigned","Unverified","57,602"
"8/22/2022","2022","2021","D6","Separated","Unverified","17,783,024"
"8/22/2022","2022","2022","D6","Assigned","Unverified","510,575,967"
"8/22/2022","2022","2022","D6","Separated","Unverified","316,463,845"
"8/29/2022","2022","2020","D6","Separated","Unverified","538,652"
"8/29/2022","2022","2021","D6","Separated","Q-RIN","50"
"8/29/2022","2022","2021","D6","Separated","Unverified","22,000,769"
"8/29/2022","2022","2022","D6","Assigned","Unverified","557,428,746"
"8/29/2022","2022","2022","D6","Separated","Unverified","217,362,319"
"9/5/2022","2022","2019","D6","Separated","Unverified","500,000"
"9/5/2022","2022","2020","D6","Separated","Unverified","6,896,000"
"9/5/2022","2022","2021","D6","Assigned","Unverified","7,639"
"9/5/2022","2022","2021","D6","Separated","Unverified","59,458,549"
"9/5/2022","2022","2022","D6","Assigned","Unverified","508,493,512"
"9/5/2022","2022","2022","D6","Separated","Unverified","225,679,456"
"9/12/2022","2022","2019","D6","Separated","Unverified","105,157"
"9/12/2022","2022","2020","D6","Separated","Unverified","471,245"
"9/12/2022","2022","2021","D6","Assigned","Unverified","1,202"
"9/12/2022","2022","2021","D6","Separated","Unverified","31,014,073"
"9/12/2022","2022","2022","D6","Assigned","Unverified","534,437,952"
"9/12/2022","2022","2022","D6","Separated","Unverified","361,111,559"
"9/19/2022","2022","2019","D6","Assigned","Unverified","168,000"
"9/19/2022","2022","2019","D6","Separated","Unverified","86,030"
"9/19/2022","2022","2020","D6","Separated","Unverified","11,003,400"
"9/19/2022","2022","2021","D6","Separated","Unverified","3,099,088"
"9/19/2022","2022","2022","D6","Assigned","Unverified","487,402,114"
"9/19/2022","2022","2022","D6","Separated","Unverified","467,795,946"
"9/26/2022","2022","2019","D6","Separated","Unverified","500,000"
"9/26/2022","2022","2020","D6","Separated","Unverified","23,204,893"
"9/26/2022","2022","2021","D6","Assigned","Unverified","5,008,176"
"9/26/2022","2022","2021","D6","Separated","Unverified","17,071,363"
"9/26/2022","2022","2022","D6","Assigned","Unverified","519,704,045"
"9/26/2022","2022","2022","D6","Separated","Unverified","518,765,141"
"10/3/2022","2022","2020","D6","Separated","Unverified","27,364,452"
"10/3/2022","2022","2021","D6","Assigned","Unverified","201,002"
"10/3/2022","2022","2021","D6","Separated","Unverified","8,000,111"
"10/3/2022","2022","2022","D6","Assigned","Unverified","489,182,104"
"10/3/2022","2022","2022","D6","Separated","Unverified","341,221,001"
"10/10/2022","2022","2020","D6","Separated","Unverified","14,649,700"
"10/10/2022","2022","2021","D6","Assigned","Unverified","42,000"
"10/10/2022","2022","2021","D6","Separated","Unverified","4,418,962"
"10/10/2022","2022","2022","D6","Assigned","Unverified","520,286,435"
"10/10/2022","2022","2022","D6","Separated","Unverified","577,331,256"
"10/17/2022","2022","2019","D6","Separated","Unverified","7,323"
"10/17/2022","2022","2020","D6","Separated","Q-RIN","23,033"
"10/17/2022","2022","2020","D6","Separated","Unverified","32,619,480"
"10/17/2022","2022","2021","D6","Assigned","Unverified","1"
"10/17/2022","2022","2021","D6","Separated","Unverified","243,667,616"
"10/17/2022","2022","2022","D6","Assigned","Unverified","529,073,431"
"10/17/2022","2022","2022","D6","Separated","Unverified","382,885,932"
"10/24/2022","2022","2019","D6","Separated","Unverified","70,942"
"10/24/2022","2022","2020","D6","Separated","Unverified","260,699,935"
"10/24/2022","2022","2021","D6","Separated","Unverified","11,565,711"
"10/24/2022","2022","2022","D6","Assigned","Unverified","526,568,867"
"10/24/2022","2022","2022","D6","Separated","Unverified","297,781,739"
"10/31/2022","2022","2020","D6","Separated","Unverified","21,280,926"
"10/31/2022","2022","2021","D6","Separated","Q-RIN","8,969"
"10/31/2022","2022","2021","D6","Separated","Unverified","24,755,071"
"10/31/2022","2022","2022","D6","Assigned","Unverified","537,017,638"
"10/31/2022","2022","2022","D6","Separated","Unverified","375,033,368"
"11/7/2022","2022","2019","D6","Separated","Unverified","441,814"
"11/7/2022","2022","2020","D6","Separated","Unverified","61,949,629"
"11/7/2022","2022","2021","D6","Separated","Unverified","439,154"
"11/7/2022","2022","2022","D6","Assigned","Unverified","534,068,597"
"11/7/2022","2022","2022","D6","Separated","Unverified","328,105,102"
"11/14/2022","2022","2019","D6","Separated","Unverified","73,994,950"
"11/14/2022","2022","2020","D6","Separated","Q-RIN","8,255"
"11/14/2022","2022","2020","D6","Separated","Unverified","329,509,225"
"11/14/2022","2022","2021","D6","Separated","Unverified","21,363,520"
"11/14/2022","2022","2022","D6","Assigned","Unverified","518,274,610"
"11/14/2022","2022","2022","D6","Separated","Unverified","447,522,388"
"11/21/2022","2022","2019","D6","Separated","Unverified","246,057"
"11/21/2022","2022","2020","D6","Separated","Unverified","120,082,166"
"11/21/2022","2022","2021","D6","Assigned","Unverified","2,246,379"
"11/21/2022","2022","2021","D6","Separated","Unverified","30,255,115"
"11/21/2022","2022","2022","D6","Assigned","Unverified","490,279,187"
"11/21/2022","2022","2022","D6","Separated","Unverified","320,328,991"
"11/28/2022","2022","2019","D6","Separated","Unverified","12,056,978"
"11/28/2022","2022","2020","D6","Separated","Unverified","639,491"
"11/28/2022","2022","2021","D6","Separated","Unverified","20,025,087"
"11/28/2022","2022","2022","D6","Assigned","Unverified","595,511,637"
"11/28/2022","2022","2022","D6","Separated","Unverified","294,943,368"
"12/5/2022","2022","2021","D6","Separated","Unverified","26,562,283"
"12/5/2022","2022","2022","D6","Assigned","Unverified","522,514,933"
"12/5/2022","2022","2022","D6","Separated","Unverified","427,651,018"
"12/12/2022","2022","2021","D6","Separated","Unverified","27,392,611"
"12/12/2022","2022","2022","D6","Assigned","Unverified","538,365,520"
"12/12/2022","2022","2022","D6","Separated","Unverified","698,876,572"
"12/19/2022","2022","2021","D6","Separated","Unverified","19,650,000"
"12/19/2022","2022","2022","D6","Assigned","Unverified","439,136,772"
"12/19/2022","2022","2022","D6","Separated","Unverified","571,956,415"
"12/26/2022","2022","2018","D6","Separated","Unverified","7,744"
"12/26/2022","2022","2020","D6","Separated","Unverified","130,118"
"12/26/2022","2022","2021","D6","Separated","Unverified","3,725,305"
"12/26/2022","2022","2022","D6","Assigned","Unverified","494,068,838"
"12/26/2022","2022","2022","D6","Separated","Unverified","385,664,195"
"12/26/2022","2023","2022","D6","Assigned","Unverified","9,705,311"
"12/26/2022","2023","2022","D6","Separated","Unverified","5,274,398"
"12/26/2022","2023","2023","D6","Assigned","Unverified","13,386,621"
"12/26/2022","2023","2023","D6","Separated","Unverified","591,182"
"1/2/2023","2023","2021","D6","Separated","Q-RIN","8,969"
"1/2/2023","2023","2021","D6","Separated","Unverified","3,024,121"
"1/2/2023","2023","2022","D6","Assigned","Unverified","222,165,686"
"1/2/2023","2023","2022","D6","Separated","Unverified","213,034,971"
"1/2/2023","2023","2023","D6","Assigned","Unverified","255,346,470"
"1/2/2023","2023","2023","D6","Separated","Unverified","19,551,021"
"1/9/2023","2023","2018","D6","Separated","Unverified","15,534"
"1/9/2023","2023","2021","D6","Assigned","Unverified","64,967"
"1/9/2023","2023","2021","D6","Separated","Unverified","1,474,960"
"1/9/2023","2023","2022","D6","Assigned","Unverified","111,280,627"
"1/9/2023","2023","2022","D6","Separated","Unverified","218,680,472"
"1/9/2023","2023","2023","D6","Assigned","Unverified","436,527,449"
"1/9/2023","2023","2023","D6","Separated","Unverified","55,969,207"
"1/16/2023","2023","2021","D6","Separated","Unverified","6,312,345"
"1/16/2023","2023","2022","D6","Assigned","Unverified","69,524,748"
"1/16/2023","2023","2022","D6","Separated","Unverified","301,118,106"
"1/16/2023","2023","2023","D6","Assigned","Unverified","396,054,479"
"1/16/2023","2023","2023","D6","Separated","Unverified","53,498,691"
"1/23/2023","2023","2020","D6","Separated","Unverified","140,023"
"1/23/2023","2023","2021","D6","Separated","Unverified","6,529,719"
"1/23/2023","2023","2022","D6","Assigned","Unverified","20,473,848"
"1/23/2023","2023","2022","D6","Separated","Unverified","287,496,829"
"1/23/2023","2023","2023","D6","Assigned","Unverified","479,624,660"
"1/23/2023","2023","2023","D6","Separated","Unverified","64,676,089"
"1/30/2023","2023","2020","D6","Separated","Unverified","144,665"
"1/30/2023","2023","2021","D6","Separated","Unverified","3,658,702"
"1/30/2023","2023","2022","D6","Assigned","Unverified","16,831,876"
"1/30/2023","2023","2022","D6","Separated","Unverified","258,640,491"
"1/30/2023","2023","2023","D6","Assigned","Unverified","486,777,557"
"1/30/2023","2023","2023","D6","Separated","Unverified","99,740,413"
"2/6/2023","2023","2021","D6","Separated","Unverified","18,833,768"
"2/6/2023","2023","2022","D6","Assigned","Unverified","17,303,784"
"2/6/2023","2023","2022","D6","Separated","Unverified","150,247,021"
"2/6/2023","2023","2023","D6","Assigned","Unverified","528,678,775"
"2/6/2023","2023","2023","D6","Separated","Unverified","87,720,649"
"2/13/2023","2023","2020","D6","Separated","Unverified","401,984"
"2/13/2023","2023","2021","D6","Separated","Unverified","44,921,264"
"2/13/2023","2023","2022","D6","Assigned","Unverified","3,605,827"
"2/13/2023","2023","2022","D6","Separated","Unverified","196,405,142"
"2/13/2023","2023","2023","D6","Assigned","Unverified","498,491,762"
"2/13/2023","2023","2023","D6","Separated","Unverified","126,308,551"
"2/20/2023","2023","2020","D6","Assigned","Unverified","8,125"
"2/20/2023","2023","2021","D6","Assigned","Unverified","15,179"
"2/20/2023","2023","2021","D6","Separated","Unverified","27,165,505"
"2/20/2023","2023","2022","D6","Assigned","Unverified","1,695,840"
"2/20/2023","2023","2022","D6","Separated","Unverified","172,390,987"
"2/20/2023","2023","2023","D6","Assigned","Unverified","499,099,492"
"2/20/2023","2023","2023","D6","Separated","Unverified","143,565,755"
"2/27/2023","2023","2021","D6","Separated","Unverified","11,202,165"
"2/27/2023","2023","2022","D6","Assigned","Unverified","1,313,555"
"2/27/2023","2023","2022","D6","Separated","Unverified","244,736,679"
"2/27/2023","2023","2023","D6","Assigned","Unverified","511,744,319"
"2/27/2023","2023","2023","D6","Separated","Unverified","198,084,982"
"3/6/2023","2023","2021","D6","Separated","Unverified","14,360,242"
"3/6/2023","2023","2022","D6","Assigned","Unverified","278,195"
"3/6/2023","2023","2022","D6","Separated","Unverified","235,607,233"
"3/6/2023","2023","2023","D6","Assigned","Unverified","538,648,110"
"3/6/2023","2023","2023","D6","Separated","Unverified","243,084,641"
"3/13/2023","2023","2018","D6","Separated","Unverified","9,155"
"3/13/2023","2023","2020","D6","Separated","Unverified","10,085,230"
"3/13/2023","2023","2021","D6","Separated","Unverified","135,094,106"
"3/13/2023","2023","2022","D6","Assigned","Unverified","15,088,083"
"3/13/2023","2023","2022","D6","Separated","Unverified","173,765,389"
"3/13/2023","2023","2023","D6","Assigned","Unverified","489,224,267"
"3/13/2023","2023","2023","D6","Separated","Unverified","325,778,708"
"3/20/2023","2023","2020","D6","Separated","Q-RIN","491,602"
"3/20/2023","2023","2020","D6","Separated","Unverified","67,286,321"
"3/20/2023","2023","2021","D6","Assigned","Unverified","7,681"
"3/20/2023","2023","2021","D6","Separated","Unverified","488,972,298"
"3/20/2023","2023","2022","D6","Assigned","Unverified","36,100"
"3/20/2023","2023","2022","D6","Separated","Unverified","241,717,978"
"3/20/2023","2023","2023","D6","Assigned","Unverified","515,418,730"
"3/20/2023","2023","2023","D6","Separated","Unverified","493,238,298"
"3/27/2023","2023","2020","D6","Separated","Unverified","8,580,016"
"3/27/2023","2023","2021","D6","Separated","Unverified","22,840,244"
"3/27/2023","2023","2022","D6","Assigned","Unverified","350,192"
"3/27/2023","2023","2022","D6","Separated","Unverified","148,868,047"
"3/27/2023","2023","2023","D6","Assigned","Unverified","509,234,524"
"3/27/2023","2023","2023","D6","Separated","Unverified","294,028,726"
"4/3/2023","2023","2021","D6","Separated","Unverified","7,129,446"
"4/3/2023","2023","2022","D6","Assigned","Unverified","2,063,841"
"4/3/2023","2023","2022","D6","Separated","Unverified","136,411,534"
"4/3/2023","2023","2023","D6","Assigned","Unverified","491,523,295"
"4/3/2023","2023","2023","D6","Separated","Unverified","190,548,608"
"4/10/2023","2023","2021","D6","Separated","Unverified","9,000,000"
"4/10/2023","2023","2022","D6","Assigned","Unverified","473,274"
"4/10/2023","2023","2022","D6","Separated","Unverified","144,848,467"
"4/10/2023","2023","2023","D6","Assigned","Unverified","543,096,399"
"4/10/2023","2023","2023","D6","Separated","Unverified","282,257,941"
"4/17/2023","2023","2021","D6","Assigned","Unverified","227,920"
"4/17/2023","2023","2021","D6","Separated","Unverified","4,607,249"
"4/17/2023","2023","2022","D6","Assigned","Unverified","2,180,080"
"4/17/2023","2023","2022","D6","Separated","Unverified","206,947,733"
"4/17/2023","2023","2023","D6","Assigned","Unverified","536,311,153"
"4/17/2023","2023","2023","D6","Separated","Unverified","273,459,588"
"4/24/2023","2023","2021","D6","Separated","Unverified","346,598"
"4/24/2023","2023","2022","D6","Assigned","Unverified","649,978"
"4/24/2023","2023","2022","D6","Separated","Unverified","118,033,295"
"4/24/2023","2023","2023","D6","Assigned","Unverified","531,004,185"
"4/24/2023","2023","2023","D6","Separated","Unverified","269,090,170"
"5/1/2023","2023","2021","D6","Separated","Unverified","360"
"5/1/2023","2023","2022","D6","Assigned","Unverified","16,013"
"5/1/2023","2023","2022","D6","Separated","Unverified","84,000,660"
"5/1/2023","2023","2023","D6","Assigned","Unverified","491,385,255"
"5/1/2023","2023","2023","D6","Separated","Unverified","286,458,156"
"5/8/2023","2023","2021","D6","Separated","Unverified","7,492"
"5/8/2023","2023","2022","D6","Separated","Unverified","200,594,564"
"5/8/2023","2023","2023","D6","Assigned","Unverified","492,624,013"
"5/8/2023","2023","2023","D6","Separated","Unverified","279,539,607"
"5/15/2023","2023","2021","D6","Assigned","Unverified","144,000"
"5/15/2023","2023","2021","D6","Separated","Unverified","537,177"
"5/15/2023","2023","2022","D6","Assigned","Unverified","352,631"
"5/15/2023","2023","2022","D6","Separated","Unverified","47,941,920"
"5/15/2023","2023","2023","D6","Assigned","Unverified","519,226,252"
"5/15/2023","2023","2023","D6","Separated","Unverified","380,182,371"
"5/22/2023","2023","2021","D6","Separated","Unverified","1,748,126"
"5/22/2023","2023","2022","D6","Assigned","Unverified","375,070"
"5/22/2023","2023","2022","D6","Separated","Unverified","68,612,388"
"5/22/2023","2023","2023","D6","Assigned","Unverified","520,213,965"
"5/22/2023","2023","2023","D6","Separated","Unverified","435,187,025"
"5/29/2023","2023","2021","D6","Assigned","Unverified","850,202"
"5/29/2023","2023","2022","D6","Assigned","Unverified","438,418"
"5/29/2023","2023","2022","D6","Separated","Unverified","81,400,973"
"5/29/2023","2023","2023","D6","Assigned","Unverified","516,539,632"
"5/29/2023","2023","2023","D6","Separated","Unverified","218,910,079"
"6/5/2023","2023","2022","D6","Assigned","Unverified","42,000"
"6/5/2023","2023","2022","D6","Separated","Unverified","87,105,587"
"6/5/2023","2023","2023","D6","Assigned","Unverified","559,491,291"
"6/5/2023","2023","2023","D6","Separated","Unverified","528,026,011"
"6/12/2023","2023","2022","D6","Assigned","Unverified","910,123"
"6/12/2023","2023","2022","D6","Separated","Unverified","84,788,608"
"6/12/2023","2023","2023","D6","Assigned","Unverified","526,264,216"
"6/12/2023","2023","2023","D6","Separated","Unverified","530,903,092"
"6/19/2023","2023","2022","D6","Assigned","Unverified","178,051"
"6/19/2023","2023","2022","D6","Separated","Unverified","44,316,337"
"6/19/2023","2023","2023","D6","Assigned","Unverified","545,973,538"
"6/19/2023","2023","2023","D6","Separated","Unverified","642,131,552"
"6/26/2023","2023","2021","D6","Separated","Unverified","7,070,110"
"6/26/2023","2023","2022","D6","Assigned","Unverified","163,780"
"6/26/2023","2023","2022","D6","Separated","Unverified","96,441,034"
"6/26/2023","2023","2023","D6","Assigned","Unverified","565,253,883"
"6/26/2023","2023","2023","D6","Separated","Unverified","502,650,468"
"7/3/2023","2023","2021","D6","Separated","Unverified","5,000"
"7/3/2023","2023","2022","D6","Assigned","Unverified","8,490"
"7/3/2023","2023","2022","D6","Separated","Unverified","140,507,416"
"7/3/2023","2023","2023","D6","Assigned","Unverified","478,248,746"
"7/3/2023","2023","2023","D6","Separated","Unverified","443,618,789"
"7/10/2023","2023","2021","D6","Separated","Unverified","623,883"
"7/10/2023","2023","2022","D6","Separated","Unverified","90,378,712"
"7/10/2023","2023","2023","D6","Assigned","Unverified","575,431,766"
"7/10/2023","2023","2023","D6","Separated","Unverified","403,396,437"
"7/17/2023","2023","2021","D6","Assigned","Unverified","1,975"
"7/17/2023","2023","2021","D6","Separated","Unverified","642,252"
"7/17/2023","2023","2022","D6","Assigned","Unverified","1,631,874"
"7/17/2023","2023","2022","D6","Separated","Unverified","86,445,925"
"7/17/2023","2023","2023","D6","Assigned","Unverified","546,596,474"
"7/17/2023","2023","2023","D6","Separated","Unverified","369,714,256"
"7/24/2023","2023","2021","D6","Assigned","Unverified","7,412"
"7/24/2023","2023","2021","D6","Separated","Unverified","82,765"
"7/24/2023","2023","2022","D6","Assigned","Unverified","31,170"
"7/24/2023","2023","2022","D6","Separated","Unverified","87,341,407"
"7/24/2023","2023","2023","D6","Assigned","Unverified","529,374,593"
"7/24/2023","2023","2023","D6","Separated","Unverified","469,799,714"
"7/31/2023","2023","2021","D6","Separated","Unverified","19,831,761"
"7/31/2023","2023","2022","D6","Assigned","Unverified","4,846"
"7/31/2023","2023","2022","D6","Separated","Unverified","41,712,431"
"7/31/2023","2023","2023","D6","Assigned","Unverified","538,997,618"
"7/31/2023","2023","2023","D6","Separated","Unverified","331,747,627"
"8/7/2023","2023","2021","D6","Separated","Unverified","5,000"
"8/7/2023","2023","2022","D6","Separated","Unverified","58,071,947"
"8/7/2023","2023","2023","D6","Assigned","Unverified","550,005,270"
"8/7/2023","2023","2023","D6","Separated","Unverified","326,680,756"
"8/14/2023","2023","2022","D6","Assigned","Unverified","33,542"
"8/14/2023","2023","2022","D6","Separated","Unverified","61,878,903"
"8/14/2023","2023","2023","D6","Assigned","Unverified","517,683,593"
"8/14/2023","2023","2023","D6","Separated","Unverified","472,356,366"
"8/21/2023","2023","2021","D6","Separated","Unverified","4,976,924"
"8/21/2023","2023","2022","D6","Assigned","Unverified","888"
"8/21/2023","2023","2022","D6","Separated","Unverified","7,582,940"
"8/21/2023","2023","2023","D6","Assigned","Unverified","524,151,471"
"8/21/2023","2023","2023","D6","Separated","Unverified","354,938,602"
"8/28/2023","2023","2021","D6","Assigned","Unverified","15,311"
"8/28/2023","2023","2022","D6","Assigned","Unverified","3,610,320"
"8/28/2023","2023","2022","D6","Separated","Unverified","32,984,974"
"8/28/2023","2023","2023","D6","Assigned","Unverified","527,266,418"
"8/28/2023","2023","2023","D6","Separated","Unverified","293,992,661"
"9/4/2023","2023","2021","D6","Separated","Unverified","5,274,056"
"9/4/2023","2023","2022","D6","Assigned","Unverified","50,160"
"9/4/2023","2023","2022","D6","Separated","Unverified","2,226,871"
"9/4/2023","2023","2023","D6","Assigned","Unverified","526,402,708"
"9/4/2023","2023","2023","D6","Separated","Unverified","223,669,000"
"9/11/2023","2023","2022","D6","Assigned","Unverified","21,000"
"9/11/2023","2023","2022","D6","Separated","Unverified","195,909,242"
"9/11/2023","2023","2023","D6","Assigned","Unverified","552,544,178"
"9/11/2023","2023","2023","D6","Separated","Unverified","448,809,457"
"9/18/2023","2023","2022","D6","Separated","Unverified","16,557,763"
"9/18/2023","2023","2023","D6","Assigned","Unverified","547,193,826"
"9/18/2023","2023","2023","D6","Separated","Q-RIN","3,224,990"
"9/18/2023","2023","2023","D6","Separated","Unverified","372,462,253"
"9/25/2023","2023","2021","D6","Separated","Unverified","1,448,366"
"9/25/2023","2023","2022","D6","Assigned","Unverified","15,481"
"9/25/2023","2023","2022","D6","Separated","Unverified","13,506,527"
"9/25/2023","2023","2023","D6","Assigned","Unverified","541,363,316"
"9/25/2023","2023","2023","D6","Separated","Unverified","335,285,492"
"10/2/2023","2023","2021","D6","Separated","Unverified","236,904"
"10/2/2023","2023","2022","D6","Separated","Unverified","20,501,710"
"10/2/2023","2023","2023","D6","Assigned","Unverified","522,752,469"
"10/2/2023","2023","2023","D6","Separated","Unverified","427,098,087"
"10/9/2023","2023","2021","D6","Separated","Unverified","1,281,000"
"10/9/2023","2023","2022","D6","Separated","Unverified","50,167,484"
"10/9/2023","2023","2023","D6","Assigned","Unverified","517,488,647"
"10/9/2023","2023","2023","D6","Separated","Unverified","297,591,562"
"10/16/2023","2023","2021","D6","Separated","Unverified","274,899"
"10/16/2023","2023","2022","D6","Separated","Unverified","17,841,067"
"10/16/2023","2023","2023","D6","Assigned","Unverified","552,963,973"
"10/16/2023","2023","2023","D6","Separated","Unverified","672,232,753"
"10/23/2023","2023","2021","D6","Separated","Unverified","4,759,234"
"10/23/2023","2023","2022","D6","Separated","Unverified","15,902,112"
"10/23/2023","2023","2023","D6","Assigned","Unverified","519,700,822"
"10/23/2023","2023","2023","D6","Separated","Q-RIN","124,990"
"10/23/2023","2023","2023","D6","Separated","Unverified","671,925,297"
"10/30/2023","2023","2021","D6","Separated","Unverified","328,905"
"10/30/2023","2023","2022","D6","Separated","Unverified","33,962,519"
"10/30/2023","2023","2023","D6","Assigned","Unverified","565,252,834"
"10/30/2023","2023","2023","D6","Separated","Unverified","343,205,399"
"11/6/2023","2023","2021","D6","Assigned","Unverified","725,400"
"11/6/2023","2023","2021","D6","Separated","Unverified","137,071"
"11/6/2023","2023","2022","D6","Separated","Unverified","125,961,272"
"11/6/2023","2023","2023","D6","Assigned","Unverified","546,116,714"
"11/6/2023","2023","2023","D6","Separated","Unverified","465,793,163"
"11/13/2023","2023","2021","D6","Separated","Unverified","59,091,354"
"11/13/2023","2023","2022","D6","Separated","Unverified","268,724,481"
"11/13/2023","2023","2023","D6","Assigned","Unverified","529,024,202"
"11/13/2023","2023","2023","D6","Separated","Unverified","474,676,457"
"11/20/2023","2023","2021","D6","Assigned","Unverified","1,436,774"
"11/20/2023","2023","2021","D6","Separated","Q-RIN","8,068"
"11/20/2023","2023","2021","D6","Separated","Unverified","1,085,944"
"11/20/2023","2023","2022","D6","Separated","Unverified","33,141,302"
"11/20/2023","2023","2023","D6","Assigned","Unverified","482,834,050"
"11/20/2023","2023","2023","D6","Separated","Unverified","355,116,887"
"11/27/2023","2023","2021","D6","Separated","Q-RIN","8,068"
"11/27/2023","2023","2021","D6","Separated","Unverified","3,051,875"
"11/27/2023","2023","2022","D6","Assigned","Unverified","162,003"
"11/27/2023","2023","2022","D6","Separated","Unverified","151,201,986"
"11/27/2023","2023","2023","D6","Assigned","Unverified","576,387,512"
"11/27/2023","2023","2023","D6","Separated","Unverified","382,470,756"
"12/4/2023","2023","2021","D6","Assigned","Unverified","487,344"
"12/4/2023","2023","2022","D6","Assigned","Unverified","4,724,593"
"12/4/2023","2023","2022","D6","Separated","Unverified","4,171"
"12/4/2023","2023","2023","D6","Assigned","Unverified","573,619,048"
"12/4/2023","2023","2023","D6","Separated","Unverified","782,203,037"
"12/11/2023","2023","2022","D6","Assigned","Unverified","506,029"
"12/11/2023","2023","2022","D6","Separated","Unverified","3,773,613"
"12/11/2023","2023","2023","D6","Assigned","Unverified","521,012,423"
"12/11/2023","2023","2023","D6","Separated","Unverified","923,499,178"
"12/18/2023","2023","2022","D6","Assigned","Unverified","73,291"
"12/18/2023","2023","2022","D6","Separated","Unverified","168,404"
"12/18/2023","2023","2023","D6","Assigned","Unverified","566,734,142"
"12/18/2023","2023","2023","D6","Separated","Unverified","932,779,075"
"12/25/2023","2023","2022","D6","Assigned","Unverified","8,000"
"12/25/2023","2023","2022","D6","Separated","Unverified","15,004,166"
"12/25/2023","2023","2023","D6","Assigned","Unverified","546,785,889"
"12/25/2023","2023","2023","D6","Separated","Unverified","299,780,233"
"1/1/2024","2024","2022","D6","Separated","Unverified","3,564,336"
"1/1/2024","2024","2023","D6","Assigned","Unverified","208,402,898"
"1/1/2024","2024","2023","D6","Separated","Q-RIN","3,210,599"
"1/1/2024","2024","2023","D6","Separated","Unverified","468,312,309"
"1/1/2024","2024","2024","D6","Assigned","Unverified","260,460,808"
"1/1/2024","2024","2024","D6","Separated","Unverified","17,498,522"
"1/8/2024","2024","2023","D6","Assigned","Unverified","118,962,799"
"1/8/2024","2024","2023","D6","Separated","Unverified","346,980,063"
"1/8/2024","2024","2024","D6","Assigned","Unverified","376,751,904"
"1/8/2024","2024","2024","D6","Separated","Unverified","35,455,246"
"1/15/2024","2024","2022","D6","Separated","Unverified","5,129,872"
"1/15/2024","2024","2023","D6","Assigned","Unverified","53,838,319"
"1/15/2024","2024","2023","D6","Separated","Unverified","301,105,705"
"1/15/2024","2024","2024","D6","Assigned","Unverified","400,143,345"
"1/15/2024","2024","2024","D6","Separated","Unverified","29,264,309"
"1/22/2024","2024","2022","D6","Assigned","Unverified","1,295"
"1/22/2024","2024","2022","D6","Separated","Unverified","4,447,439"
"1/22/2024","2024","2023","D6","Assigned","Unverified","40,454,740"
"1/22/2024","2024","2023","D6","Separated","Unverified","542,245,841"
"1/22/2024","2024","2024","D6","Assigned","Unverified","484,305,766"
"1/22/2024","2024","2024","D6","Separated","Unverified","72,655,134"
"1/29/2024","2024","2022","D6","Separated","Unverified","39,845"
"1/29/2024","2024","2023","D6","Assigned","Unverified","11,983,816"
"1/29/2024","2024","2023","D6","Separated","Unverified","293,695,838"
"1/29/2024","2024","2024","D6","Assigned","Unverified","496,135,031"
"1/29/2024","2024","2024","D6","Separated","Unverified","93,351,263"
"2/5/2024","2024","2022","D6","Assigned","Unverified","26,237"
"2/5/2024","2024","2022","D6","Separated","Unverified","5,690,677"
"2/5/2024","2024","2023","D6","Assigned","Unverified","13,670,286"
"2/5/2024","2024","2023","D6","Separated","Unverified","260,931,073"
"2/5/2024","2024","2024","D6","Assigned","Unverified","561,818,371"
"2/5/2024","2024","2024","D6","Separated","Unverified","109,635,759"
"2/12/2024","2024","2022","D6","Separated","Unverified","419,669"
"2/12/2024","2024","2023","D6","Assigned","Unverified","248,630"
"2/12/2024","2024","2023","D6","Separated","Unverified","171,488,761"
"2/12/2024","2024","2024","D6","Assigned","Unverified","506,890,509"
"2/12/2024","2024","2024","D6","Separated","Unverified","158,171,828"
"2/19/2024","2024","2022","D6","Assigned","Unverified","224,855"
"2/19/2024","2024","2022","D6","Separated","Unverified","623,780"
"2/19/2024","2024","2023","D6","Assigned","Unverified","725,260"
"2/19/2024","2024","2023","D6","Separated","Unverified","221,550,912"
"2/19/2024","2024","2024","D6","Assigned","Unverified","576,504,774"
"2/19/2024","2024","2024","D6","Separated","Unverified","308,774,878"
"2/26/2024","2024","2022","D6","Assigned","Unverified","24,855"
"2/26/2024","2024","2022","D6","Separated","Unverified","5,684,401"
"2/26/2024","2024","2023","D6","Assigned","Unverified","3,880,186"
"2/26/2024","2024","2023","D6","Separated","Unverified","407,811,130"
"2/26/2024","2024","2024","D6","Assigned","Unverified","530,284,873"
"2/26/2024","2024","2024","D6","Separated","Unverified","214,213,949"
"3/4/2024","2024","2022","D6","Separated","Unverified","501,271"
"3/4/2024","2024","2023","D6","Separated","Unverified","209,439,468"
"3/4/2024","2024","2024","D6","Assigned","Unverified","538,197,166"
"3/4/2024","2024","2024","D6","Separated","Unverified","213,628,287"
"3/11/2024","2024","2022","D6","Assigned","Unverified","1,420,758"
"3/11/2024","2024","2022","D6","Separated","Unverified","2,884,339"
"3/11/2024","2024","2023","D6","Assigned","Unverified","906,860"
"3/11/2024","2024","2023","D6","Separated","Unverified","286,410,728"
"3/11/2024","2024","2024","D6","Assigned","Unverified","524,403,770"
"3/11/2024","2024","2024","D6","Separated","Unverified","345,358,808"
"3/18/2024","2024","2022","D6","Assigned","Unverified","4,595"
"3/18/2024","2024","2022","D6","Separated","Unverified","407,587"
"3/18/2024","2024","2023","D6","Assigned","Unverified","65,254"
"3/18/2024","2024","2023","D6","Separated","Unverified","354,378,381"
"3/18/2024","2024","2024","D6","Assigned","Unverified","543,671,434"
"3/18/2024","2024","2024","D6","Separated","Unverified","258,441,529"
"3/25/2024","2024","2022","D6","Assigned","Unverified","29,199"
"3/25/2024","2024","2022","D6","Separated","Unverified","2,298,121"
"3/25/2024","2024","2023","D6","Assigned","Unverified","2,536,513"
"3/25/2024","2024","2023","D6","Separated","Unverified","443,840,930"
"3/25/2024","2024","2024","D6","Assigned","Unverified","571,177,848"
"3/25/2024","2024","2024","D6","Separated","Unverified","234,954,712"
"4/1/2024","2024","2023","D6","Assigned","Unverified","190,525"
"4/1/2024","2024","2023","D6","Separated","Unverified","4,055,793"
"4/1/2024","2024","2024","D6","Assigned","Unverified","511,909,809"
"4/1/2024","2024","2024","D6","Separated","Unverified","351,470,130"
"4/8/2024","2024","2023","D6","Assigned","Unverified","180,491"
"4/8/2024","2024","2023","D6","Separated","Unverified","7,717,872"
"4/8/2024","2024","2024","D6","Assigned","Unverified","540,098,972"
"4/8/2024","2024","2024","D6","Separated","Unverified","270,595,356"
"4/15/2024","2024","2023","D6","Assigned","Unverified","7,650"
"4/15/2024","2024","2023","D6","Separated","Unverified","68,047,195"
"4/15/2024","2024","2024","D6","Assigned","Unverified","540,842,755"
"4/15/2024","2024","2024","D6","Separated","Q-RIN","2,293,790"
"4/15/2024","2024","2024","D6","Separated","Unverified","313,265,123"
"4/22/2024","2024","2023","D6","Assigned","Unverified","2,043,679"
"4/22/2024","2024","2023","D6","Separated","Unverified","4,964,395"
"4/22/2024","2024","2024","D6","Assigned","Unverified","481,387,411"
"4/22/2024","2024","2024","D6","Separated","Unverified","345,531,810"
"4/29/2024","2024","2023","D6","Assigned","Unverified","384,941"
"4/29/2024","2024","2023","D6","Separated","Unverified","4,275,371"
"4/29/2024","2024","2024","D6","Assigned","Unverified","555,283,266"
"4/29/2024","2024","2024","D6","Separated","Unverified","399,074,945"
"5/6/2024","2024","2022","D6","Separated","Unverified","29,199"
"5/6/2024","2024","2023","D6","Assigned","Unverified","739,642"
"5/6/2024","2024","2023","D6","Separated","Unverified","24,003"
"5/6/2024","2024","2024","D6","Assigned","Unverified","530,480,390"
"5/6/2024","2024","2024","D6","Separated","Unverified","271,169,572"
"5/13/2024","2024","2023","D6","Assigned","Unverified","7,622"
"5/13/2024","2024","2023","D6","Separated","Unverified","12,508,104"
"5/13/2024","2024","2024","D6","Assigned","Unverified","515,293,650"
"5/13/2024","2024","2024","D6","Separated","Unverified","241,992,295"
"5/20/2024","2024","2023","D6","Separated","Unverified","8,830,305"
"5/20/2024","2024","2024","D6","Assigned","Unverified","542,868,914"
"5/20/2024","2024","2024","D6","Separated","Unverified","379,451,663"
"5/27/2024","2024","2023","D6","Assigned","Unverified","599,713"
"5/27/2024","2024","2023","D6","Separated","Unverified","10,995,322"
"5/27/2024","2024","2024","D6","Assigned","Unverified","532,653,865"
"5/27/2024","2024","2024","D6","Separated","Unverified","258,766,366"
"6/3/2024","2024","2023","D6","Assigned","Unverified","3,676,612"
"6/3/2024","2024","2023","D6","Separated","Unverified","35,562,875"
"6/3/2024","2024","2024","D6","Assigned","Q-RIN","3,597,114"
"6/3/2024","2024","2024","D6","Assigned","Unverified","559,651,731"
"6/3/2024","2024","2024","D6","Separated","Unverified","480,009,420"
"6/10/2024","2024","2023","D6","Assigned","Unverified","39,746"
"6/10/2024","2024","2023","D6","Separated","Unverified","2,229,399"
"6/10/2024","2024","2024","D6","Assigned","Unverified","554,343,176"
"6/10/2024","2024","2024","D6","Separated","Q-RIN","1,798,557"
"6/10/2024","2024","2024","D6","Separated","Unverified","366,152,008"
"6/17/2024","2024","2023","D6","Assigned","Unverified","163,722"
"6/17/2024","2024","2023","D6","Separated","Unverified","2,001,426"
"6/17/2024","2024","2024","D6","Assigned","Unverified","567,566,058"
"6/17/2024","2024","2024","D6","Separated","Unverified","257,540,963"
"6/24/2024","2024","2023","D6","Assigned","Unverified","55,550"
"6/24/2024","2024","2023","D6","Separated","Unverified","3,024,109"
"6/24/2024","2024","2024","D6","Assigned","Unverified","613,293,218"
"6/24/2024","2024","2024","D6","Separated","Unverified","736,246,425"
"7/1/2024","2024","2023","D6","Assigned","Unverified","523,639"
"7/1/2024","2024","2023","D6","Separated","Unverified","4,679,221"
"7/1/2024","2024","2024","D6","Assigned","Unverified","483,462,994"
"7/1/2024","2024","2024","D6","Separated","Q-RIN","3,414,532"
"7/1/2024","2024","2024","D6","Separated","Unverified","575,279,836"
"7/8/2024","2024","2023","D6","Assigned","Unverified","2,065,333"
"7/8/2024","2024","2023","D6","Separated","Unverified","2,195,806"
"7/8/2024","2024","2024","D6","Assigned","Unverified","584,900,247"
"7/8/2024","2024","2024","D6","Separated","Unverified","206,085,334"
"7/15/2024","2024","2023","D6","Assigned","Unverified","1,466,145"
"7/15/2024","2024","2023","D6","Separated","Unverified","3,218,686"
"7/15/2024","2024","2024","D6","Assigned","Unverified","564,798,999"
"7/15/2024","2024","2024","D6","Separated","Unverified","416,849,879"
"7/22/2024","2024","2023","D6","Assigned","Unverified","1,657,241"
"7/22/2024","2024","2023","D6","Separated","Unverified","1,500,200"
"7/22/2024","2024","2024","D6","Assigned","Unverified","530,081,785"
"7/22/2024","2024","2024","D6","Separated","Q-RIN","3,597,114"
"7/22/2024","2024","2024","D6","Separated","Unverified","402,292,612"
"7/29/2024","2024","2023","D6","Assigned","Unverified","1,689,992"
"7/29/2024","2024","2023","D6","Separated","Unverified","7,618,473"
"7/29/2024","2024","2024","D6","Assigned","Unverified","550,035,466"
"7/29/2024","2024","2024","D6","Separated","Unverified","367,658,253"
"8/5/2024","2024","2023","D6","Assigned","Unverified","8,070"
"8/5/2024","2024","2023","D6","Separated","Unverified","11,517,427"
"8/5/2024","2024","2024","D6","Assigned","Unverified","585,670,879"
"8/5/2024","2024","2024","D6","Separated","Unverified","440,975,387"
"8/12/2024","2024","2023","D6","Separated","Unverified","5,199"
"8/12/2024","2024","2024","D6","Assigned","Unverified","565,969,971"
"8/12/2024","2024","2024","D6","Separated","Unverified","263,875,460"
"8/19/2024","2024","2023","D6","Assigned","Unverified","135,816"
"8/19/2024","2024","2023","D6","Separated","Unverified","1,898,122"
"8/19/2024","2024","2024","D6","Assigned","Unverified","566,689,277"
"8/19/2024","2024","2024","D6","Separated","Unverified","246,257,495"
"8/26/2024","2024","2023","D6","Assigned","Unverified","40,202"
"8/26/2024","2024","2023","D6","Separated","Unverified","1,401,570"
"8/26/2024","2024","2024","D6","Assigned","Unverified","611,257,443"
"8/26/2024","2024","2024","D6","Separated","Unverified","356,957,488"
"9/2/2024","2024","2023","D6","Separated","Unverified","1,876"
"9/2/2024","2024","2024","D6","Assigned","Unverified","501,978,659"
"9/2/2024","2024","2024","D6","Separated","Unverified","469,976,916"
"9/9/2024","2024","2023","D6","Separated","Unverified","126,105"
"9/9/2024","2024","2024","D6","Assigned","Unverified","554,432,424"
"9/9/2024","2024","2024","D6","Separated","Unverified","275,603,539"
"9/16/2024","2024","2023","D6","Assigned","Unverified","77,024"
"9/16/2024","2024","2023","D6","Separated","Unverified","6,840,039"
"9/16/2024","2024","2024","D6","Assigned","Unverified","541,847,356"
"9/16/2024","2024","2024","D6","Separated","Unverified","426,052,383"
"9/23/2024","2024","2023","D6","Assigned","Unverified","292"
"9/23/2024","2024","2023","D6","Separated","Unverified","2,500,072"
"9/23/2024","2024","2024","D6","Assigned","Unverified","522,973,243"
"9/23/2024","2024","2024","D6","Separated","Unverified","802,334,061"
"9/30/2024","2024","2023","D6","Assigned","Unverified","7,601"
"9/30/2024","2024","2023","D6","Separated","Unverified","1,950,153"
"9/30/2024","2024","2024","D6","Assigned","Unverified","540,732,008"
"9/30/2024","2024","2024","D6","Separated","Unverified","624,712,931"
"10/7/2024","2024","2021","D6","Separated","Unverified","32,685"
"10/7/2024","2024","2022","D6","Separated","Unverified","90,185"
"10/7/2024","2024","2023","D6","Assigned","Unverified","33,042"
"10/7/2024","2024","2023","D6","Separated","Unverified","2,013,633"
"10/7/2024","2024","2024","D6","Assigned","Unverified","529,811,735"
"10/7/2024","2024","2024","D6","Separated","Unverified","608,245,436"
"10/14/2024","2024","2023","D6","Assigned","Unverified","8,182"
"10/14/2024","2024","2023","D6","Separated","Unverified","225,117"
"10/14/2024","2024","2024","D6","Assigned","Unverified","549,109,237"
"10/14/2024","2024","2024","D6","Separated","Unverified","597,572,973"
"10/21/2024","2024","2023","D6","Assigned","Unverified","1,382"
"10/21/2024","2024","2023","D6","Separated","Unverified","455,407"
"10/21/2024","2024","2024","D6","Assigned","Unverified","525,051,050"
"10/21/2024","2024","2024","D6","Separated","Unverified","526,591,287"
"10/28/2024","2024","2023","D6","Separated","Unverified","4,837,630"
"10/28/2024","2024","2024","D6","Assigned","Unverified","557,363,146"
"10/28/2024","2024","2024","D6","Separated","Unverified","313,518,414"
"11/4/2024","2024","2023","D6","Assigned","Unverified","18,448"
"11/4/2024","2024","2023","D6","Separated","Unverified","42,837"
"11/4/2024","2024","2024","D6","Assigned","Unverified","575,686,056"
"11/4/2024","2024","2024","D6","Separated","Unverified","308,041,458"
"11/11/2024","2024","2023","D6","Assigned","Unverified","15,915"
"11/11/2024","2024","2023","D6","Separated","Unverified","4,400,314"
"11/11/2024","2024","2024","D6","Assigned","Unverified","557,247,023"
"11/11/2024","2024","2024","D6","Separated","Unverified","490,959,532"
"11/18/2024","2024","2023","D6","Assigned","Unverified","559,607"
"11/18/2024","2024","2023","D6","Separated","Unverified","13,214,619"
"11/18/2024","2024","2024","D6","Assigned","Unverified","564,091,595"
"11/18/2024","2024","2024","D6","Separated","Unverified","576,187,004"
"11/25/2024","2024","2023","D6","Separated","Unverified","194"
"11/25/2024","2024","2024","D6","Assigned","Unverified","525,900,935"
"11/25/2024","2024","2024","D6","Separated","Unverified","255,309,081"
"12/2/2024","2024","2023","D6","Separated","Unverified","8,016"
"12/2/2024","2024","2024","D6","Assigned","Unverified","546,879,710"
"12/2/2024","2024","2024","D6","Separated","Unverified","429,963,118"
"12/9/2024","2024","2023","D6","Separated","Unverified","10,271,310"
"12/9/2024","2024","2024","D6","Assigned","Unverified","561,191,061"
"12/9/2024","2024","2024","D6","Separated","Unverified","743,924,450"
"12/16/2024","2024","2023","D6","Separated","Unverified","9,721"
"12/16/2024","2024","2024","D6","Assigned","Unverified","561,187,716"
"12/16/2024","2024","2024","D6","Separated","Unverified","848,814,890"
"12/23/2024","2024","2023","D6","Separated","Unverified","3,747,938"
"12/23/2024","2024","2024","D6","Assigned","Unverified","503,082,216"
"12/23/2024","2024","2024","D6","Separated","Unverified","406,702,573"
"12/30/2024","2024","2023","D6","Separated","Unverified","1,815,861"
"12/30/2024","2024","2024","D6","Assigned","Unverified","235,847,197"
"12/30/2024","2024","2024","D6","Separated","Unverified","79,143,654"
"12/30/2024","2025","2024","D6","Assigned","Unverified","138,636,803"
"12/30/2024","2025","2024","D6","Separated","Unverified","204,829,314"
"12/30/2024","2025","2025","D6","Assigned","Unverified","146,853,141"
"12/30/2024","2025","2025","D6","Separated","Unverified","3,487,853"
"1/6/2025","2025","2023","D6","Assigned","Unverified","263,917"
"1/6/2025","2025","2023","D6","Separated","Unverified","7,720,673"
"1/6/2025","2025","2024","D6","Assigned","Unverified","184,053,166"
"1/6/2025","2025","2024","D6","Separated","Unverified","486,738,263"
"1/6/2025","2025","2025","D6","Assigned","Unverified","338,391,073"
"1/6/2025","2025","2025","D6","Separated","Unverified","10,724,153"
"1/13/2025","2025","2023","D6","Separated","Unverified","9,206,008"
"1/13/2025","2025","2024","D6","Assigned","Unverified","97,489,315"
"1/13/2025","2025","2024","D6","Separated","Unverified","433,051,254"
"1/13/2025","2025","2025","D6","Assigned","Unverified","434,887,795"
"1/13/2025","2025","2025","D6","Separated","Unverified","38,290,724"
"1/20/2025","2025","2023","D6","Separated","Unverified","22,894,771"
"1/20/2025","2025","2024","D6","Assigned","Unverified","44,178,847"
"1/20/2025","2025","2024","D6","Separated","Unverified","313,169,987"
"1/20/2025","2025","2025","D6","Assigned","Unverified","396,235,146"
"1/20/2025","2025","2025","D6","Separated","Unverified","99,380,142"
"1/27/2025","2025","2023","D6","Separated","Unverified","346,284"
"1/27/2025","2025","2024","D6","Assigned","Unverified","13,371,250"
"1/27/2025","2025","2024","D6","Separated","Unverified","260,178,928"
"1/27/2025","2025","2025","D6","Assigned","Unverified","510,209,823"
"1/27/2025","2025","2025","D6","Separated","Unverified","97,500,183"
"2/3/2025","2025","2023","D6","Assigned","Unverified","84,000"
"2/3/2025","2025","2023","D6","Separated","Unverified","119,700"
"2/3/2025","2025","2024","D6","Assigned","Unverified","7,305,944"
"2/3/2025","2025","2024","D6","Separated","Unverified","202,496,772"
"2/3/2025","2025","2025","D6","Assigned","Q-RIN","2,868,906"
"2/3/2025","2025","2025","D6","Assigned","Unverified","495,038,950"
"2/3/2025","2025","2025","D6","Separated","Unverified","95,633,318"
"2/10/2025","2025","2023","D6","Separated","Unverified","3,750,000"
"2/10/2025","2025","2024","D6","Assigned","Unverified","626,870"
"2/10/2025","2025","2024","D6","Separated","Unverified","182,833,624"
"2/10/2025","2025","2025","D6","Assigned","Q-RIN","316,584"
"2/10/2025","2025","2025","D6","Assigned","Unverified","530,500,945"
"2/10/2025","2025","2025","D6","Separated","Unverified","150,435,601"
"2/17/2025","2025","2023","D6","Assigned","Unverified","66,944"
"2/17/2025","2025","2023","D6","Separated","Unverified","331,414"
"2/17/2025","2025","2024","D6","Assigned","Unverified","6,095,633"
"2/17/2025","2025","2024","D6","Separated","Unverified","245,498,065"
"2/17/2025","2025","2025","D6","Assigned","Q-RIN","259,619"
"2/17/2025","2025","2025","D6","Assigned","Unverified","524,781,841"
"2/17/2025","2025","2025","D6","Separated","Unverified","98,337,471"
"2/24/2025","2025","2023","D6","Separated","Unverified","219,241"
"2/24/2025","2025","2024","D6","Assigned","Unverified","583,126"
"2/24/2025","2025","2024","D6","Separated","Unverified","227,888,071"
"2/24/2025","2025","2025","D6","Assigned","Q-RIN","3,092,023"
"2/24/2025","2025","2025","D6","Assigned","Unverified","552,588,122"
"2/24/2025","2025","2025","D6","Separated","Unverified","123,227,351"
"3/3/2025","2025","2023","D6","Assigned","Unverified","57,120"
"3/3/2025","2025","2023","D6","Separated","Unverified","1,091,196"
"3/3/2025","2025","2024","D6","Assigned","Unverified","313,674"
"3/3/2025","2025","2024","D6","Separated","Unverified","416,826,675"
"3/3/2025","2025","2025","D6","Assigned","Q-RIN","290,618"
"3/3/2025","2025","2025","D6","Assigned","Unverified","516,758,612"
"3/3/2025","2025","2025","D6","Separated","Unverified","178,723,846"
"3/10/2025","2025","2023","D6","Assigned","Unverified","114,585"
"3/10/2025","2025","2023","D6","Separated","Unverified","1,855,272"
"3/10/2025","2025","2024","D6","Assigned","Unverified","395,426"
"3/10/2025","2025","2024","D6","Separated","Unverified","507,339,064"
"3/10/2025","2025","2025","D6","Assigned","Q-RIN","2,902,331"
"3/10/2025","2025","2025","D6","Assigned","Unverified","545,882,956"
"3/10/2025","2025","2025","D6","Separated","Unverified","195,425,822"
"3/17/2025","2025","2023","D6","Assigned","Unverified","175,763"
"3/17/2025","2025","2023","D6","Separated","Unverified","1,807,801"
"3/17/2025","2025","2024","D6","Assigned","Unverified","112,205"
"3/17/2025","2025","2024","D6","Separated","Unverified","250,724,770"
"3/17/2025","2025","2025","D6","Assigned","Q-RIN","3,098,414"
"3/17/2025","2025","2025","D6","Assigned","Unverified","506,626,285"
"3/17/2025","2025","2025","D6","Separated","Unverified","176,593,969"
"3/24/2025","2025","2022","D6","Assigned","Unverified","450"
"3/24/2025","2025","2023","D6","Assigned","Unverified","225,110"
"3/24/2025","2025","2023","D6","Separated","Unverified","352,820"
"3/24/2025","2025","2024","D6","Assigned","Unverified","1,939,794"
"3/24/2025","2025","2024","D6","Separated","Unverified","172,181,624"
"3/24/2025","2025","2025","D6","Assigned","Q-RIN","807,084"
"3/24/2025","2025","2025","D6","Assigned","Unverified","560,855,978"
"3/24/2025","2025","2025","D6","Separated","Unverified","230,761,887"
"3/31/2025","2025","2023","D6","Assigned","Unverified","2,574"
"3/31/2025","2025","2023","D6","Separated","Unverified","198,000"
"3/31/2025","2025","2024","D6","Assigned","Unverified","348,077"
"3/31/2025","2025","2024","D6","Separated","Unverified","173,445,276"
"3/31/2025","2025","2025","D6","Assigned","Q-RIN","3,529,403"
"3/31/2025","2025","2025","D6","Assigned","Unverified","532,032,877"
"3/31/2025","2025","2025","D6","Separated","Unverified","264,636,964"
"4/7/2025","2025","2023","D6","Assigned","Unverified","3"
"4/7/2025","2025","2023","D6","Separated","Unverified","593,368"
"4/7/2025","2025","2024","D6","Assigned","Unverified","177,159"
"4/7/2025","2025","2024","D6","Separated","Unverified","51,208,488"
"4/7/2025","2025","2025","D6","Assigned","Q-RIN","1,001,490"
"4/7/2025","2025","2025","D6","Assigned","Unverified","494,108,389"
"4/7/2025","2025","2025","D6","Separated","Unverified","253,477,373"
"4/14/2025","2025","2024","D6","Assigned","Unverified","151,187"
"4/14/2025","2025","2024","D6","Separated","Unverified","53,617,397"
"4/14/2025","2025","2025","D6","Assigned","Q-RIN","3,815,790"
"4/14/2025","2025","2025","D6","Assigned","Unverified","482,007,548"
"4/14/2025","2025","2025","D6","Separated","Q-RIN","1,982,168"
"4/14/2025","2025","2025","D6","Separated","Unverified","346,971,564"
"4/21/2025","2025","2023","D6","Separated","Unverified","49,041"
"4/21/2025","2025","2024","D6","Separated","Unverified","48,308,323"
"4/21/2025","2025","2025","D6","Assigned","Q-RIN","1,123,850"
"4/21/2025","2025","2025","D6","Assigned","Unverified","560,634,820"
"4/21/2025","2025","2025","D6","Separated","Q-RIN","1,580,739"
"4/21/2025","2025","2025","D6","Separated","Unverified","371,994,736"
"4/28/2025","2025","2023","D6","Separated","Unverified","400,000"
"4/28/2025","2025","2024","D6","Assigned","Unverified","36,702"
"4/28/2025","2025","2024","D6","Separated","Unverified","37,110,263"
"4/28/2025","2025","2025","D6","Assigned","Q-RIN","977,216"
"4/28/2025","2025","2025","D6","Assigned","Unverified","551,253,280"
"4/28/2025","2025","2025","D6","Separated","Q-RIN","2,454"
"4/28/2025","2025","2025","D6","Separated","Unverified","322,966,328"
"5/5/2025","2025","2023","D6","Separated","Unverified","583,532"
"5/5/2025","2025","2024","D6","Separated","Unverified","113,424,433"
"5/5/2025","2025","2025","D6","Assigned","Q-RIN","3,866,892"
"5/5/2025","2025","2025","D6","Assigned","Unverified","543,390,247"
"5/5/2025","2025","2025","D6","Separated","Q-RIN","1,851,765"
"5/5/2025","2025","2025","D6","Separated","Unverified","482,312,436"
"5/12/2025","2025","2023","D6","Separated","Unverified","24,155"
"5/12/2025","2025","2024","D6","Assigned","Unverified","39,661"
"5/12/2025","2025","2024","D6","Separated","Unverified","59,921,351"
"5/12/2025","2025","2025","D6","Assigned","Q-RIN","1,174,018"
"5/12/2025","2025","2025","D6","Assigned","Unverified","544,357,031"
"5/12/2025","2025","2025","D6","Separated","Q-RIN","93,201"
"5/12/2025","2025","2025","D6","Separated","Unverified","306,713,496"
"5/19/2025","2025","2024","D6","Assigned","Unverified","15,309"
"5/19/2025","2025","2024","D6","Separated","Unverified","7,867,252"
"5/19/2025","2025","2025","D6","Assigned","Q-RIN","4,237,119"
"5/19/2025","2025","2025","D6","Assigned","Unverified","557,360,971"
"5/19/2025","2025","2025","D6","Separated","Q-RIN","1,140,981"
"5/19/2025","2025","2025","D6","Separated","Unverified","361,861,983"
"5/26/2025","2025","2024","D6","Assigned","Unverified","31,951"
"5/26/2025","2025","2024","D6","Separated","Unverified","249,667,679"
"5/26/2025","2025","2025","D6","Assigned","Q-RIN","3,998,509"
"5/26/2025","2025","2025","D6","Assigned","Unverified","534,850,128"
"5/26/2025","2025","2025","D6","Separated","Q-RIN","2,643,716"
"5/26/2025","2025","2025","D6","Separated","Unverified","424,156,406"
"6/2/2025","2025","2023","D6","Separated","Unverified","59,836"
"6/2/2025","2025","2024","D6","Assigned","Unverified","209,213"
"6/2/2025","2025","2024","D6","Separated","Unverified","37,446,733"
"6/2/2025","2025","2025","D6","Assigned","Q-RIN","1,520,850"
"6/2/2025","2025","2025","D6","Assigned","Unverified","559,535,261"
"6/2/2025","2025","2025","D6","Separated","Q-RIN","2,202,490"
"6/2/2025","2025","2025","D6","Separated","Unverified","488,657,248"
"6/9/2025","2025","2024","D6","Assigned","Unverified","7,550"
"6/9/2025","2025","2024","D6","Separated","Unverified","4,421,177"
"6/9/2025","2025","2025","D6","Assigned","Q-RIN","4,302,207"
"6/9/2025","2025","2025","D6","Assigned","Unverified","530,737,261"
"6/9/2025","2025","2025","D6","Separated","Unverified","430,662,429"
"6/16/2025","2025","2023","D6","Separated","Unverified","27"
"6/16/2025","2025","2024","D6","Separated","Unverified","137,347,652"
"6/16/2025","2025","2025","D6","Assigned","Q-RIN","4,788,963"
"6/16/2025","2025","2025","D6","Assigned","Unverified","572,866,522"
"6/16/2025","2025","2025","D6","Separated","Q-RIN","4,097,345"
"6/16/2025","2025","2025","D6","Separated","Unverified","248,331,404"
"6/23/2025","2025","2024","D6","Assigned","Unverified","19,171"
"6/23/2025","2025","2024","D6","Separated","Unverified","275,609,146"
"6/23/2025","2025","2025","D6","Assigned","Q-RIN","1,970,148"
"6/23/2025","2025","2025","D6","Assigned","Unverified","526,840,677"
"6/23/2025","2025","2025","D6","Separated","Unverified","345,226,716"
"6/30/2025","2025","2023","D6","Separated","Unverified","1,073,944"
"6/30/2025","2025","2024","D6","Assigned","Unverified","174,856"
"6/30/2025","2025","2024","D6","Separated","Unverified","41,321,206"
"6/30/2025","2025","2025","D6","Assigned","Q-RIN","6,719,676"
"6/30/2025","2025","2025","D6","Assigned","Unverified","531,039,216"
"6/30/2025","2025","2025","D6","Separated","Q-RIN","1,162,773"
"6/30/2025","2025","2025","D6","Separated","Unverified","375,809,463"
"7/7/2025","2025","2023","D6","Separated","Unverified","287,487"
"7/7/2025","2025","2024","D6","Assigned","Unverified","93,603"
"7/7/2025","2025","2024","D6","Separated","Unverified","123,364,042"
"7/7/2025","2025","2025","D6","Assigned","Q-RIN","8,656,473"
"7/7/2025","2025","2025","D6","Assigned","Unverified","592,230,182"
"7/7/2025","2025","2025","D6","Separated","Q-RIN","1,586,704"
"7/7/2025","2025","2025","D6","Separated","Unverified","527,327,081"
"7/14/2025","2025","2023","D6","Separated","Unverified","13,053,023"
"7/14/2025","2025","2024","D6","Assigned","Unverified","9,350"
"7/14/2025","2025","2024","D6","Separated","Unverified","14,496,359"
"7/14/2025","2025","2025","D6","Assigned","Q-RIN","5,027,403"
"7/14/2025","2025","2025","D6","Assigned","Unverified","520,765,508"
"7/14/2025","2025","2025","D6","Separated","Q-RIN","3,382,509"
"7/14/2025","2025","2025","D6","Separated","Unverified","479,937,682"
"7/21/2025","2025","2024","D6","Separated","Unverified","2,048,672"
"7/21/2025","2025","2025","D6","Assigned","Q-RIN","7,834,034"
"7/21/2025","2025","2025","D6","Assigned","Unverified","545,608,937"
"7/21/2025","2025","2025","D6","Separated","Q-RIN","3,523,166"
"7/21/2025","2025","2025","D6","Separated","Unverified","444,522,389"
"7/28/2025","2025","2023","D6","Separated","Unverified","20,099"
"7/28/2025","2025","2024","D6","Separated","Unverified","100,806,005"
"7/28/2025","2025","2025","D6","Assigned","Q-RIN","5,019,126"
"7/28/2025","2025","2025","D6","Assigned","Unverified","554,406,805"
"7/28/2025","2025","2025","D6","Separated","Q-RIN","1,435,121"
"7/28/2025","2025","2025","D6","Separated","Unverified","447,732,287"
"8/4/2025","2025","2024","D6","Separated","Unverified","82,502,584"
"8/4/2025","2025","2025","D6","Assigned","Q-RIN","9,506,628"
"8/4/2025","2025","2025","D6","Assigned","Unverified","570,056,185"
"8/4/2025","2025","2025","D6","Separated","Q-RIN","5,215,629"
"8/4/2025","2025","2025","D6","Separated","Unverified","336,511,701"
"8/11/2025","2025","2024","D6","Assigned","Unverified","303,871"
"8/11/2025","2025","2024","D6","Separated","Unverified","144,866,488"
"8/11/2025","2025","2025","D6","Assigned","Q-RIN","9,370,959"
"8/11/2025","2025","2025","D6","Assigned","Unverified","534,372,843"
"8/11/2025","2025","2025","D6","Separated","Q-RIN","565,733"
"8/11/2025","2025","2025","D6","Separated","Unverified","361,883,061"
"8/18/2025","2025","2024","D6","Assigned","Unverified","7,066"
"8/18/2025","2025","2024","D6","Separated","Unverified","19,113,325"
"8/18/2025","2025","2025","D6","Assigned","Q-RIN","5,987,997"
"8/18/2025","2025","2025","D6","Assigned","Unverified","543,581,228"
"8/18/2025","2025","2025","D6","Separated","Q-RIN","6,130,501"
"8/18/2025","2025","2025","D6","Separated","Unverified","339,137,579"
"8/25/2025","2025","2024","D6","Assigned","Unverified","7,830"
"8/25/2025","2025","2024","D6","Separated","Unverified","56,319,612"
"8/25/2025","2025","2025","D6","Assigned","Q-RIN","11,656,272"
"8/25/2025","2025","2025","D6","Assigned","Unverified","570,589,667"
"8/25/2025","2025","2025","D6","Separated","Q-RIN","5,120,719"
"8/25/2025","2025","2025","D6","Separated","Unverified","389,700,769"
"9/1/2025","2025","2023","D6","Separated","Unverified","36,750,468"
"9/1/2025","2025","2024","D6","Separated","Unverified","53,030,444"
"9/1/2025","2025","2025","D6","Assigned","Q-RIN","6,173,760"
"9/1/2025","2025","2025","D6","Assigned","Unverified","521,673,028"
"9/1/2025","2025","2025","D6","Separated","Q-RIN","4,724,992"
"9/1/2025","2025","2025","D6","Separated","Unverified","267,293,973"
"9/8/2025","2025","2022","D6","Separated","Unverified","3,522,884"
"9/8/2025","2025","2024","D6","Separated","Unverified","126,350,933"
"9/8/2025","2025","2025","D6","Assigned","Q-RIN","8,403,177"
"9/8/2025","2025","2025","D6","Assigned","Unverified","541,064,527"
"9/8/2025","2025","2025","D6","Separated","Q-RIN","4,084,680"
"9/8/2025","2025","2025","D6","Separated","Unverified","477,032,931"
"9/15/2025","2025","2020","D6","Separated","Unverified","22,044,245"
"9/15/2025","2025","2021","D6","Separated","Unverified","34,425,973"
"9/15/2025","2025","2022","D6","Separated","Unverified","25,757,700"
"9/15/2025","2025","2023","D6","Separated","Unverified","5,698,015"
"9/15/2025","2025","2024","D6","Assigned","Unverified","2,901"
"9/15/2025","2025","2024","D6","Separated","Unverified","30,085,959"
"9/15/2025","2025","2025","D6","Assigned","Q-RIN","9,313,250"
"9/15/2025","2025","2025","D6","Assigned","Unverified","535,159,510"
"9/15/2025","2025","2025","D6","Separated","Q-RIN","3,483,038"
"9/15/2025","2025","2025","D6","Separated","Unverified","361,156,785"
"9/22/2025","2025","2022","D6","Separated","Unverified","30,670,434"
"9/22/2025","2025","2023","D6","Separated","Unverified","21,011,986"
"9/22/2025","2025","2024","D6","Assigned","Unverified","493,899"
"9/22/2025","2025","2024","D6","Separated","Unverified","122,614,268"
"9/22/2025","2025","2025","D6","Assigned","Q-RIN","5,904,092"
"9/22/2025","2025","2025","D6","Assigned","Unverified","493,693,039"
"9/22/2025","2025","2025","D6","Separated","Q-RIN","5,396,386"
"9/22/2025","2025","2025","D6","Separated","Unverified","379,937,217"
"9/29/2025","2025","2022","D6","Separated","Unverified","1,540,872"
"9/29/2025","2025","2023","D6","Separated","Unverified","206,596,829"
"9/29/2025","2025","2024","D6","Separated","Unverified","125,921,763"
"9/29/2025","2025","2025","D6","Assigned","Q-RIN","7,772,067"
"9/29/2025","2025","2025","D6","Assigned","Unverified","559,670,977"
"9/29/2025","2025","2025","D6","Separated","Q-RIN","10,187,284"
"9/29/2025","2025","2025","D6","Separated","Unverified","662,828,971"
"10/6/2025","2025","2023","D6","Separated","Unverified","57,781,482"
"10/6/2025","2025","2024","D6","Separated","Unverified","17,859,697"
"10/6/2025","2025","2025","D6","Assigned","Q-RIN","6,953,584"
"10/6/2025","2025","2025","D6","Assigned","Unverified","513,702,343"
"10/6/2025","2025","2025","D6","Separated","Q-RIN","8,075,225"
"10/6/2025","2025","2025","D6","Separated","Unverified","734,677,194"
"10/13/2025","2025","2018","D6","Separated","Unverified","17,289,955"
"10/13/2025","2025","2019","D6","Separated","Q-RIN","4,089,199"
"10/13/2025","2025","2019","D6","Separated","Unverified","96,127,714"
"10/13/2025","2025","2020","D6","Separated","Q-RIN","425"
"10/13/2025","2025","2020","D6","Separated","Unverified","77,936,041"
"10/13/2025","2025","2021","D6","Separated","Unverified","1"
"10/13/2025","2025","2023","D6","Separated","Unverified","186,005,667"
"10/13/2025","2025","2024","D6","Assigned","Unverified","8,521"
"10/13/2025","2025","2024","D6","Separated","Unverified","211,927,369"
"10/13/2025","2025","2025","D6","Assigned","Q-RIN","13,608,500"
"10/13/2025","2025","2025","D6","Assigned","Unverified","530,409,651"
"10/13/2025","2025","2025","D6","Separated","Q-RIN","6,221,232"
"10/13/2025","2025","2025","D6","Separated","Unverified","717,704,700"
"10/20/2025","2025","2023","D6","Separated","Unverified","256,144,814"
"10/20/2025","2025","2024","D6","Separated","Unverified","144,298,426"
"10/20/2025","2025","2025","D6","Assigned","Q-RIN","11,671,103"
"10/20/2025","2025","2025","D6","Assigned","Unverified","516,950,689"
"10/20/2025","2025","2025","D6","Separated","Q-RIN","3,248,408"
"10/20/2025","2025","2025","D6","Separated","Unverified","827,120,178"
"10/27/2025","2025","2023","D6","Separated","Unverified","130,418,617"
"10/27/2025","2025","2024","D6","Separated","Unverified","159,541,412"
"10/27/2025","2025","2025","D6","Assigned","Q-RIN","8,917,801"
"10/27/2025","2025","2025","D6","Assigned","Unverified","548,871,238"
"10/27/2025","2025","2025","D6","Separated","Q-RIN","9,624,083"
"10/27/2025","2025","2025","D6","Separated","Unverified","898,909,613"
"11/3/2025","2025","2023","D6","Separated","Unverified","162,493,210"
"11/3/2025","2025","2024","D6","Assigned","Unverified","36,372"
"11/3/2025","2025","2024","D6","Separated","Unverified","39,400,705"
"11/3/2025","2025","2025","D6","Assigned","Q-RIN","8,677,554"
"11/3/2025","2025","2025","D6","Assigned","Unverified","505,000,435"
"11/3/2025","2025","2025","D6","Separated","Q-RIN","9,877,475"
"11/3/2025","2025","2025","D6","Separated","Unverified","479,843,413"
"11/10/2025","2025","2022","D6","Separated","Unverified","13,427,667"
"11/10/2025","2025","2023","D6","Separated","Unverified","225,602,865"
"11/10/2025","2025","2024","D6","Separated","Unverified","184,812,445"
"11/10/2025","2025","2025","D6","Assigned","Q-RIN","13,857,046"
"11/10/2025","2025","2025","D6","Assigned","Unverified","544,042,141"
"11/10/2025","2025","2025","D6","Separated","Q-RIN","13,050,595"
"11/10/2025","2025","2025","D6","Separated","Unverified","634,730,554"
"11/17/2025","2025","2022","D6","Separated","Unverified","13,427,667"
"11/17/2025","2025","2023","D6","Separated","Unverified","175,224,551"
"11/17/2025","2025","2024","D6","Assigned","Unverified","119,408"
"11/17/2025","2025","2024","D6","Separated","Unverified","210,821,399"
"11/17/2025","2025","2025","D6","Assigned","Q-RIN","10,591,192"
"11/17/2025","2025","2025","D6","Assigned","Unverified","518,587,619"
"11/17/2025","2025","2025","D6","Separated","Q-RIN","5,467,722"
"11/17/2025","2025","2025","D6","Separated","Unverified","551,757,227"
"11/24/2025","2025","2023","D6","Separated","Unverified","1,254,903"
"11/24/2025","2025","2024","D6","Assigned","Unverified","108,656"
"11/24/2025","2025","2024","D6","Separated","Unverified","500,208,536"
"11/24/2025","2025","2025","D6","Assigned","Q-RIN","14,296,241"
"11/24/2025","2025","2025","D6","Assigned","Unverified","482,888,092"
