Transfer Date by Week,Transfer Year,RIN Year,Fuel (D Code),QAP Service Type,RIN Price
"6/28/2010","2010","2010","D6","Unverified","$0.01"
"7/5/2010","2010","2010","D6","Unverified","$0.02"
"7/12/2010","2010","2010","D6","Unverified","$0.02"
"7/19/2010","2010","2010","D6","Unverified","$0.04"
"7/26/2010","2010","2010","D6","Unverified","$0.01"
"8/2/2010","2010","2010","D6","Unverified","$0.03"
"8/9/2010","2010","2010","D6","Unverified","$0.02"
"8/16/2010","2010","2010","D6","Unverified","$0.02"
"8/23/2010","2010","2010","D6","Unverified","$0.01"
"8/30/2010","2010","2010","D6","Unverified","$0.07"
"9/6/2010","2010","2010","D6","Unverified","$0.03"
"9/13/2010","2010","2010","D6","Unverified","$0.02"
"9/20/2010","2010","2010","D6","Unverified","$0.02"
"9/27/2010","2010","2010","D6","Unverified","$0.03"
"10/4/2010","2010","2010","D6","Unverified","$0.02"
"10/11/2010","2010","2010","D6","Unverified","$0.02"
"10/18/2010","2010","2010","D6","Unverified","$0.03"
"10/25/2010","2010","2010","D6","Unverified","$0.03"
"11/1/2010","2010","2010","D6","Unverified","$0.03"
"11/8/2010","2010","2010","D6","Unverified","$0.03"
"11/15/2010","2010","2010","D6","Unverified","$0.03"
"11/22/2010","2010","2010","D6","Unverified","$0.02"
"11/29/2010","2010","2010","D6","Unverified","$0.02"
"12/6/2010","2010","2010","D6","Unverified","$0.04"
"12/13/2010","2010","2010","D6","Unverified","$0.04"
"12/20/2010","2010","2010","D6","Unverified","$0.02"
"12/27/2010","2010","2010","D6","Unverified","$0.22"
"1/3/2011","2011","2010","D6","Unverified","$0.02"
"1/10/2011","2011","2010","D6","Unverified","$0.02"
"1/10/2011","2011","2011","D6","Unverified","$0.02"
"1/17/2011","2011","2010","D6","Unverified","$0.02"
"1/17/2011","2011","2011","D6","Unverified","$0.02"
"1/24/2011","2011","2010","D6","Unverified","$0.01"
"1/24/2011","2011","2011","D6","Unverified","$0.02"
"1/31/2011","2011","2010","D6","Unverified","$0.01"
"1/31/2011","2011","2011","D6","Unverified","$0.03"
"2/7/2011","2011","2010","D6","Unverified","$0.01"
"2/7/2011","2011","2011","D6","Unverified","$0.03"
"2/14/2011","2011","2010","D6","Unverified","$0.01"
"2/14/2011","2011","2011","D6","Unverified","$0.03"
"2/21/2011","2011","2010","D6","Unverified","$0.01"
"2/21/2011","2011","2011","D6","Unverified","$0.02"
"2/28/2011","2011","2010","D6","Unverified","$0.01"
"2/28/2011","2011","2011","D6","Unverified","$0.02"
"3/7/2011","2011","2010","D6","Unverified","$0.01"
"3/7/2011","2011","2011","D6","Unverified","$0.04"
"3/14/2011","2011","2010","D6","Unverified","$0.01"
"3/14/2011","2011","2011","D6","Unverified","$0.03"
"3/21/2011","2011","2010","D6","Unverified","$0.13"
"3/21/2011","2011","2011","D6","Unverified","$0.03"
"3/28/2011","2011","2010","D6","Unverified","$0.01"
"3/28/2011","2011","2011","D6","Unverified","$0.04"
"4/4/2011","2011","2010","D6","Unverified","$0.01"
"4/4/2011","2011","2011","D6","Unverified","$0.04"
"4/11/2011","2011","2010","D6","Unverified","$0.01"
"4/11/2011","2011","2011","D6","Unverified","$0.04"
"4/18/2011","2011","2010","D6","Unverified","$0.01"
"4/18/2011","2011","2011","D6","Unverified","$0.03"
"4/25/2011","2011","2010","D6","Unverified","$0.01"
"4/25/2011","2011","2011","D6","Unverified","$0.04"
"5/2/2011","2011","2010","D6","Unverified","$0.01"
"5/2/2011","2011","2011","D6","Unverified","$0.03"
"5/9/2011","2011","2010","D6","Unverified","$0.01"
"5/9/2011","2011","2011","D6","Unverified","$0.03"
"5/16/2011","2011","2010","D6","Unverified","$0.01"
"5/16/2011","2011","2011","D6","Unverified","$0.02"
"5/23/2011","2011","2010","D6","Unverified","$0.01"
"5/23/2011","2011","2011","D6","Unverified","$0.09"
"5/30/2011","2011","2010","D6","Unverified","$0.01"
"5/30/2011","2011","2011","D6","Unverified","$0.03"
"6/6/2011","2011","2010","D6","Unverified","$0.01"
"6/6/2011","2011","2011","D6","Unverified","$0.03"
"6/13/2011","2011","2010","D6","Unverified","$0.01"
"6/13/2011","2011","2011","D6","Unverified","$0.03"
"6/20/2011","2011","2010","D6","Unverified","$0.01"
"6/20/2011","2011","2011","D6","Unverified","$0.04"
"6/27/2011","2011","2010","D6","Unverified","$0.01"
"6/27/2011","2011","2011","D6","Unverified","$0.03"
"7/4/2011","2011","2010","D6","Unverified","$0.01"
"7/4/2011","2011","2011","D6","Unverified","$0.03"
"7/11/2011","2011","2010","D6","Unverified","$0.01"
"7/11/2011","2011","2011","D6","Unverified","$0.03"
"7/18/2011","2011","2010","D6","Unverified","$0.01"
"7/18/2011","2011","2011","D6","Unverified","$0.04"
"7/25/2011","2011","2010","D6","Unverified","$0.01"
"7/25/2011","2011","2011","D6","Unverified","$0.03"
"8/1/2011","2011","2010","D6","Unverified","$0.01"
"8/1/2011","2011","2011","D6","Unverified","$0.03"
"8/8/2011","2011","2010","D6","Unverified","$0.03"
"8/8/2011","2011","2011","D6","Unverified","$0.03"
"8/15/2011","2011","2010","D6","Unverified","$0.02"
"8/15/2011","2011","2011","D6","Unverified","$0.03"
"8/22/2011","2011","2010","D6","Unverified","$0.01"
"8/22/2011","2011","2011","D6","Unverified","$0.03"
"8/29/2011","2011","2010","D6","Unverified","$0.01"
"8/29/2011","2011","2011","D6","Unverified","$0.03"
"9/5/2011","2011","2010","D6","Unverified","$0.01"
"9/5/2011","2011","2011","D6","Unverified","$0.03"
"9/12/2011","2011","2010","D6","Unverified","$0.01"
"9/12/2011","2011","2011","D6","Unverified","$0.03"
"9/19/2011","2011","2010","D6","Unverified","$0.02"
"9/19/2011","2011","2011","D6","Unverified","$0.03"
"9/26/2011","2011","2010","D6","Unverified","$0.01"
"9/26/2011","2011","2011","D6","Unverified","$0.03"
"10/3/2011","2011","2010","D6","Unverified","$0.01"
"10/3/2011","2011","2011","D6","Unverified","$0.03"
"10/10/2011","2011","2010","D6","Unverified","$0.01"
"10/10/2011","2011","2011","D6","Unverified","$0.03"
"10/17/2011","2011","2011","D6","Unverified","$0.02"
"10/24/2011","2011","2010","D6","Unverified","$0.01"
"10/24/2011","2011","2011","D6","Unverified","$0.03"
"10/31/2011","2011","2010","D6","Unverified","$0.01"
"10/31/2011","2011","2011","D6","Unverified","$0.02"
"11/7/2011","2011","2011","D6","Unverified","$0.02"
"11/14/2011","2011","2011","D6","Unverified","$0.01"
"11/21/2011","2011","2011","D6","Unverified","$0.01"
"11/28/2011","2011","2010","D6","Unverified","$0.01"
"11/28/2011","2011","2011","D6","Unverified","$0.01"
"12/5/2011","2011","2010","D6","Unverified","$0.01"
"12/5/2011","2011","2011","D6","Unverified","$0.01"
"12/12/2011","2011","2010","D6","Unverified","$0.01"
"12/12/2011","2011","2011","D6","Unverified","$0.03"
"12/19/2011","2011","2011","D6","Unverified","$0.03"
"12/26/2011","2011","2010","D6","Unverified","$0.01"
"12/26/2011","2011","2011","D6","Unverified","$0.02"
"1/2/2012","2012","2011","D6","Unverified","$0.01"
"1/2/2012","2012","2012","D6","Unverified","$0.01"
"1/9/2012","2012","2010","D6","Unverified","$0.01"
"1/9/2012","2012","2011","D6","Unverified","$0.04"
"1/9/2012","2012","2012","D6","Unverified","$0.01"
"1/16/2012","2012","2010","D6","Unverified","$0.01"
"1/16/2012","2012","2011","D6","Unverified","$0.01"
"1/16/2012","2012","2012","D6","Unverified","$0.03"
"1/23/2012","2012","2011","D6","Unverified","$0.01"
"1/23/2012","2012","2012","D6","Unverified","$0.03"
"1/30/2012","2012","2011","D6","Unverified","$0.01"
"1/30/2012","2012","2012","D6","Unverified","$0.02"
"2/6/2012","2012","2011","D6","Unverified","$0.01"
"2/6/2012","2012","2012","D6","Unverified","$0.02"
"2/13/2012","2012","2010","D6","Unverified","$0.01"
"2/13/2012","2012","2011","D6","Unverified","$0.10"
"2/13/2012","2012","2012","D6","Unverified","$1.25"
"2/20/2012","2012","2010","D6","Unverified","$0.03"
"2/20/2012","2012","2011","D6","Unverified","$0.01"
"2/20/2012","2012","2012","D6","Unverified","$0.02"
"2/27/2012","2012","2010","D6","Unverified","$0.01"
"2/27/2012","2012","2011","D6","Unverified","$0.02"
"2/27/2012","2012","2012","D6","Unverified","$0.03"
"3/5/2012","2012","2011","D6","Unverified","$0.01"
"3/5/2012","2012","2012","D6","Unverified","$0.02"
"3/12/2012","2012","2012","D6","Unverified","$0.02"
"3/19/2012","2012","2011","D6","Unverified","$0.01"
"3/19/2012","2012","2012","D6","Unverified","$0.02"
"3/26/2012","2012","2011","D6","Unverified","$0.01"
"3/26/2012","2012","2012","D6","Unverified","$0.02"
"4/2/2012","2012","2012","D6","Unverified","$0.02"
"4/9/2012","2012","2011","D6","Unverified","$0.01"
"4/9/2012","2012","2012","D6","Unverified","$0.02"
"4/16/2012","2012","2012","D6","Unverified","$0.02"
"4/23/2012","2012","2011","D6","Unverified","$0.01"
"4/23/2012","2012","2012","D6","Unverified","$0.02"
"4/30/2012","2012","2011","D6","Unverified","$0.01"
"4/30/2012","2012","2012","D6","Unverified","$0.03"
"5/7/2012","2012","2011","D6","Unverified","$0.01"
"5/7/2012","2012","2012","D6","Unverified","$0.02"
"5/14/2012","2012","2011","D6","Unverified","$0.01"
"5/14/2012","2012","2012","D6","Unverified","$0.07"
"5/21/2012","2012","2011","D6","Unverified","$0.01"
"5/21/2012","2012","2012","D6","Unverified","$0.02"
"5/28/2012","2012","2011","D6","Unverified","$0.03"
"5/28/2012","2012","2012","D6","Unverified","$0.02"
"6/4/2012","2012","2012","D6","Unverified","$0.02"
"6/11/2012","2012","2012","D6","Unverified","$0.02"
"6/18/2012","2012","2012","D6","Unverified","$0.02"
"6/25/2012","2012","2011","D6","Unverified","$0.01"
"6/25/2012","2012","2012","D6","Unverified","$0.02"
"7/2/2012","2012","2011","D6","Unverified","$0.01"
"7/2/2012","2012","2012","D6","Unverified","$0.05"
"7/9/2012","2012","2011","D6","Unverified","$0.01"
"7/9/2012","2012","2012","D6","Unverified","$0.02"
"7/16/2012","2012","2011","D6","Unverified","$0.01"
"7/16/2012","2012","2012","D6","Unverified","$0.03"
"7/23/2012","2012","2011","D6","Unverified","$0.01"
"7/23/2012","2012","2012","D6","Unverified","$0.06"
"7/30/2012","2012","2011","D6","Unverified","$0.05"
"7/30/2012","2012","2012","D6","Unverified","$0.06"
"8/6/2012","2012","2011","D6","Unverified","$0.07"
"8/6/2012","2012","2012","D6","Unverified","$0.04"
"8/13/2012","2012","2011","D6","Unverified","$0.01"
"8/13/2012","2012","2012","D6","Unverified","$0.04"
"8/20/2012","2012","2011","D6","Unverified","$0.04"
"8/20/2012","2012","2012","D6","Unverified","$0.06"
"8/27/2012","2012","2011","D6","Unverified","$0.10"
"8/27/2012","2012","2012","D6","Unverified","$0.06"
"9/3/2012","2012","2011","D6","Unverified","$0.04"
"9/3/2012","2012","2012","D6","Unverified","$0.03"
"9/10/2012","2012","2011","D6","Unverified","$0.28"
"9/10/2012","2012","2012","D6","Unverified","$0.04"
"9/17/2012","2012","2011","D6","Unverified","$0.01"
"9/17/2012","2012","2012","D6","Unverified","$0.04"
"9/24/2012","2012","2011","D6","Unverified","$0.03"
"9/24/2012","2012","2012","D6","Unverified","$0.03"
"10/1/2012","2012","2011","D6","Unverified","$0.09"
"10/1/2012","2012","2012","D6","Unverified","$0.03"
"10/8/2012","2012","2011","D6","Unverified","$0.01"
"10/8/2012","2012","2012","D6","Unverified","$0.03"
"10/15/2012","2012","2011","D6","Unverified","$0.30"
"10/15/2012","2012","2012","D6","Unverified","$0.03"
"10/22/2012","2012","2011","D6","Unverified","$0.39"
"10/22/2012","2012","2012","D6","Unverified","$0.08"
"10/29/2012","2012","2011","D6","Unverified","$0.01"
"10/29/2012","2012","2012","D6","Unverified","$0.07"
"11/5/2012","2012","2011","D6","Unverified","$0.05"
"11/5/2012","2012","2012","D6","Unverified","$0.08"
"11/12/2012","2012","2011","D6","Unverified","$0.25"
"11/12/2012","2012","2012","D6","Unverified","$0.06"
"11/19/2012","2012","2011","D6","Unverified","$0.41"
"11/19/2012","2012","2012","D6","Unverified","$0.04"
"11/26/2012","2012","2011","D6","Unverified","$0.11"
"11/26/2012","2012","2012","D6","Unverified","$0.06"
"12/3/2012","2012","2011","D6","Unverified","$0.03"
"12/3/2012","2012","2012","D6","Unverified","$0.04"
"12/10/2012","2012","2011","D6","Unverified","$0.06"
"12/10/2012","2012","2012","D6","Unverified","$0.04"
"12/17/2012","2012","2011","D6","Unverified","$0.01"
"12/17/2012","2012","2012","D6","Unverified","$0.04"
"12/24/2012","2012","2011","D6","Unverified","$0.01"
"12/24/2012","2012","2012","D6","Unverified","$0.05"
"12/31/2012","2012","2012","D6","Unverified","$0.05"
"12/31/2012","2013","2011","D6","Unverified","$0.03"
"12/31/2012","2013","2012","D6","Unverified","$0.05"
"12/31/2012","2013","2013","D6","Unverified","$0.01"
"1/7/2013","2013","2011","D6","Unverified","$0.01"
"1/7/2013","2013","2012","D6","Unverified","$0.05"
"1/7/2013","2013","2013","D6","Unverified","$0.06"
"1/14/2013","2013","2011","D6","Unverified","$0.01"
"1/14/2013","2013","2012","D6","Unverified","$0.07"
"1/14/2013","2013","2013","D6","Unverified","$0.06"
"1/21/2013","2013","2011","D6","Unverified","$0.14"
"1/21/2013","2013","2012","D6","Unverified","$0.08"
"1/21/2013","2013","2013","D6","Unverified","$0.12"
"1/28/2013","2013","2011","D6","Unverified","$0.02"
"1/28/2013","2013","2012","D6","Unverified","$0.13"
"1/28/2013","2013","2013","D6","Unverified","$0.11"
"2/4/2013","2013","2011","D6","Unverified","$0.02"
"2/4/2013","2013","2012","D6","Unverified","$0.12"
"2/4/2013","2013","2013","D6","Unverified","$0.13"
"2/11/2013","2013","2011","D6","Unverified","$0.01"
"2/11/2013","2013","2012","D6","Unverified","$0.12"
"2/11/2013","2013","2013","D6","Unverified","$0.22"
"2/18/2013","2013","2011","D6","Unverified","$0.02"
"2/18/2013","2013","2012","D6","Unverified","$0.10"
"2/18/2013","2013","2013","D6","Unverified","$0.24"
"2/25/2013","2013","2012","D6","Unverified","$0.32"
"2/25/2013","2013","2013","D6","Unverified","$0.24"
"3/4/2013","2013","2012","D6","Unverified","$0.45"
"3/4/2013","2013","2013","D6","Unverified","$0.41"
"3/11/2013","2013","2012","D6","Unverified","$0.49"
"3/11/2013","2013","2013","D6","Unverified","$0.38"
"3/18/2013","2013","2012","D6","Unverified","$0.50"
"3/18/2013","2013","2013","D6","Unverified","$0.45"
"3/25/2013","2013","2012","D6","Unverified","$0.47"
"3/25/2013","2013","2013","D6","Unverified","$0.39"
"4/1/2013","2013","2012","D6","Unverified","$0.45"
"4/1/2013","2013","2013","D6","Unverified","$0.54"
"4/8/2013","2013","2012","D6","Unverified","$0.63"
"4/8/2013","2013","2013","D6","Unverified","$0.50"
"4/15/2013","2013","2012","D6","Unverified","$0.67"
"4/15/2013","2013","2013","D6","Unverified","$0.40"
"4/22/2013","2013","2012","D6","Unverified","$0.59"
"4/22/2013","2013","2013","D6","Unverified","$0.63"
"4/29/2013","2013","2012","D6","Unverified","$0.46"
"4/29/2013","2013","2013","D6","Unverified","$0.45"
"5/6/2013","2013","2012","D6","Unverified","$0.63"
"5/6/2013","2013","2013","D6","Unverified","$0.54"
"5/13/2013","2013","2012","D6","Unverified","$0.72"
"5/13/2013","2013","2013","D6","Unverified","$0.50"
"5/20/2013","2013","2012","D6","Unverified","$0.58"
"5/20/2013","2013","2013","D6","Unverified","$0.73"
"5/27/2013","2013","2012","D6","Unverified","$0.67"
"5/27/2013","2013","2013","D6","Unverified","$0.68"
"6/3/2013","2013","2012","D6","Unverified","$0.70"
"6/3/2013","2013","2013","D6","Unverified","$0.65"
"6/10/2013","2013","2012","D6","Unverified","$0.17"
"6/10/2013","2013","2013","D6","Unverified","$0.67"
"6/17/2013","2013","2012","D6","Unverified","$0.86"
"6/17/2013","2013","2013","D6","Unverified","$0.50"
"6/24/2013","2013","2012","D6","Unverified","$0.73"
"6/24/2013","2013","2013","D6","Unverified","$0.57"
"7/1/2013","2013","2012","D6","Unverified","$0.72"
"7/1/2013","2013","2013","D6","Unverified","$0.70"
"7/8/2013","2013","2012","D6","Unverified","$0.85"
"7/8/2013","2013","2013","D6","Unverified","$0.61"
"7/15/2013","2013","2012","D6","Unverified","$0.95"
"7/15/2013","2013","2013","D6","Unverified","$0.91"
"7/22/2013","2013","2012","D6","Unverified","$0.71"
"7/22/2013","2013","2013","D6","Unverified","$0.84"
"7/29/2013","2013","2012","D6","Unverified","$1.01"
"7/29/2013","2013","2013","D6","Unverified","$0.83"
"8/5/2013","2013","2012","D6","Unverified","$1.02"
"8/5/2013","2013","2013","D6","Unverified","$1.05"
"8/12/2013","2013","2012","D6","Unverified","$1.06"
"8/12/2013","2013","2013","D6","Unverified","$0.88"
"8/19/2013","2013","2012","D6","Unverified","$1.08"
"8/19/2013","2013","2013","D6","Unverified","$0.91"
"8/26/2013","2013","2012","D6","Unverified","$0.87"
"8/26/2013","2013","2013","D6","Unverified","$0.90"
"9/2/2013","2013","2012","D6","Unverified","$0.70"
"9/2/2013","2013","2013","D6","Unverified","$0.72"
"9/9/2013","2013","2012","D6","Unverified","$0.81"
"9/9/2013","2013","2013","D6","Unverified","$0.79"
"9/16/2013","2013","2012","D6","Unverified","$0.83"
"9/16/2013","2013","2013","D6","Unverified","$0.75"
"9/23/2013","2013","2012","D6","Unverified","$0.65"
"9/23/2013","2013","2013","D6","Unverified","$0.74"
"9/30/2013","2013","2012","D6","Unverified","$0.86"
"9/30/2013","2013","2013","D6","Unverified","$0.70"
"10/7/2013","2013","2012","D6","Unverified","$0.28"
"10/7/2013","2013","2013","D6","Unverified","$0.67"
"10/14/2013","2013","2012","D6","Unverified","$0.83"
"10/14/2013","2013","2013","D6","Unverified","$0.57"
"10/21/2013","2013","2012","D6","Unverified","$0.69"
"10/21/2013","2013","2013","D6","Unverified","$0.61"
"10/28/2013","2013","2012","D6","Unverified","$0.70"
"10/28/2013","2013","2013","D6","Unverified","$0.58"
"11/4/2013","2013","2012","D6","Unverified","$0.11"
"11/4/2013","2013","2013","D6","Unverified","$0.39"
"11/11/2013","2013","2012","D6","Unverified","$1.12"
"11/11/2013","2013","2013","D6","Unverified","$0.58"
"11/18/2013","2013","2012","D6","Unverified","$0.09"
"11/18/2013","2013","2013","D6","Unverified","$0.46"
"11/25/2013","2013","2012","D6","Unverified","$0.95"
"11/25/2013","2013","2013","D6","Unverified","$0.62"
"12/2/2013","2013","2012","D6","Unverified","$0.34"
"12/2/2013","2013","2013","D6","Unverified","$0.56"
"12/9/2013","2013","2012","D6","Unverified","$0.28"
"12/9/2013","2013","2013","D6","Unverified","$0.45"
"12/16/2013","2013","2012","D6","Unverified","$0.58"
"12/16/2013","2013","2013","D6","Unverified","$0.55"
"12/23/2013","2013","2012","D6","Unverified","$0.34"
"12/23/2013","2013","2013","D6","Unverified","$0.47"
"12/30/2013","2013","2012","D6","Unverified","$0.30"
"12/30/2013","2013","2013","D6","Unverified","$0.56"
"12/30/2013","2014","2012","D6","Unverified","$1.02"
"12/30/2013","2014","2013","D6","Unverified","$0.46"
"1/6/2014","2014","2012","D6","Unverified","$0.51"
"1/6/2014","2014","2013","D6","Unverified","$0.33"
"1/6/2014","2014","2014","D6","Unverified","$0.01"
"1/13/2014","2014","2012","D6","Unverified","$0.30"
"1/13/2014","2014","2013","D6","Unverified","$0.31"
"1/13/2014","2014","2014","D6","Unverified","$0.25"
"1/20/2014","2014","2012","D6","Unverified","$0.30"
"1/20/2014","2014","2013","D6","Unverified","$0.30"
"1/20/2014","2014","2014","D6","Unverified","$0.38"
"1/27/2014","2014","2012","D6","Unverified","$0.31"
"1/27/2014","2014","2013","D6","Unverified","$0.33"
"1/27/2014","2014","2014","D6","Unverified","$0.40"
"2/3/2014","2014","2012","D6","Unverified","$0.42"
"2/3/2014","2014","2013","D6","Unverified","$0.41"
"2/3/2014","2014","2014","D6","Unverified","$0.36"
"2/10/2014","2014","2012","D6","Unverified","$0.50"
"2/10/2014","2014","2013","D6","Unverified","$0.40"
"2/10/2014","2014","2014","D6","Unverified","$0.40"
"2/17/2014","2014","2012","D6","Unverified","$0.52"
"2/17/2014","2014","2013","D6","Unverified","$0.46"
"2/17/2014","2014","2014","D6","Unverified","$0.44"
"2/24/2014","2014","2012","D6","Unverified","$0.45"
"2/24/2014","2014","2013","D6","Unverified","$0.38"
"2/24/2014","2014","2014","D6","Unverified","$0.48"
"3/3/2014","2014","2013","D6","Unverified","$0.45"
"3/3/2014","2014","2014","D6","Unverified","$0.56"
"3/10/2014","2014","2012","D6","Unverified","$0.29"
"3/10/2014","2014","2013","D6","Unverified","$0.46"
"3/10/2014","2014","2014","D6","Unverified","$0.51"
"3/17/2014","2014","2013","D6","Unverified","$0.44"
"3/17/2014","2014","2014","D6","Unverified","$0.44"
"3/24/2014","2014","2012","D6","Unverified","$0.29"
"3/24/2014","2014","2013","D6","Unverified","$0.40"
"3/24/2014","2014","2014","D6","Unverified","$0.48"
"3/31/2014","2014","2012","D6","Unverified","$0.50"
"3/31/2014","2014","2013","D6","Unverified","$0.35"
"3/31/2014","2014","2014","D6","Unverified","$0.48"
"4/7/2014","2014","2012","D6","Unverified","$0.47"
"4/7/2014","2014","2013","D6","Unverified","$0.50"
"4/7/2014","2014","2014","D6","Unverified","$0.47"
"4/14/2014","2014","2012","D6","Unverified","$0.48"
"4/14/2014","2014","2013","D6","Unverified","$0.51"
"4/14/2014","2014","2014","D6","Unverified","$0.44"
"4/21/2014","2014","2013","D6","Unverified","$0.47"
"4/21/2014","2014","2014","D6","Unverified","$0.40"
"4/28/2014","2014","2012","D6","Unverified","$0.42"
"4/28/2014","2014","2013","D6","Unverified","$0.46"
"4/28/2014","2014","2014","D6","Unverified","$0.46"
"5/5/2014","2014","2012","D6","Unverified","$0.40"
"5/5/2014","2014","2013","D6","Unverified","$0.35"
"5/5/2014","2014","2014","D6","Unverified","$0.41"
"5/12/2014","2014","2012","D6","Unverified","$0.44"
"5/12/2014","2014","2013","D6","Unverified","$0.50"
"5/12/2014","2014","2014","D6","Unverified","$0.45"
"5/19/2014","2014","2012","D6","Unverified","$0.44"
"5/19/2014","2014","2013","D6","Unverified","$0.43"
"5/19/2014","2014","2014","D6","Unverified","$0.54"
"5/26/2014","2014","2012","D6","Unverified","$0.15"
"5/26/2014","2014","2013","D6","Unverified","$0.19"
"5/26/2014","2014","2014","D6","Unverified","$0.46"
"6/2/2014","2014","2012","D6","Unverified","$0.47"
"6/2/2014","2014","2013","D6","Unverified","$0.40"
"6/2/2014","2014","2014","D6","Unverified","$0.44"
"6/9/2014","2014","2013","D6","Unverified","$0.54"
"6/9/2014","2014","2014","D6","Unverified","$0.44"
"6/16/2014","2014","2013","D6","Unverified","$0.57"
"6/16/2014","2014","2014","D6","Unverified","$0.51"
"6/23/2014","2014","2013","D6","Unverified","$0.43"
"6/23/2014","2014","2014","D6","Unverified","$0.47"
"6/30/2014","2014","2013","D6","Unverified","$0.50"
"6/30/2014","2014","2014","D6","Unverified","$0.45"
"7/7/2014","2014","2013","D6","Unverified","$0.45"
"7/7/2014","2014","2014","D6","Unverified","$0.46"
"7/14/2014","2014","2013","D6","Unverified","$0.47"
"7/14/2014","2014","2014","D6","Unverified","$0.50"
"7/21/2014","2014","2012","D6","Unverified","$0.54"
"7/21/2014","2014","2013","D6","Unverified","$0.52"
"7/21/2014","2014","2014","D6","Unverified","$0.47"
"7/28/2014","2014","2013","D6","Unverified","$0.51"
"7/28/2014","2014","2014","D6","Unverified","$0.50"
"8/4/2014","2014","2012","D6","Unverified","$0.38"
"8/4/2014","2014","2013","D6","Unverified","$0.52"
"8/4/2014","2014","2014","D6","Unverified","$0.50"
"8/11/2014","2014","2014","D6","Unverified","$0.50"
"8/18/2014","2014","2013","D6","Unverified","$0.20"
"8/18/2014","2014","2014","D6","Unverified","$0.44"
"8/25/2014","2014","2012","D6","Unverified","$0.50"
"8/25/2014","2014","2013","D6","Unverified","$0.52"
"8/25/2014","2014","2014","D6","Unverified","$0.50"
"9/1/2014","2014","2013","D6","Unverified","$0.50"
"9/1/2014","2014","2014","D6","Unverified","$0.51"
"9/8/2014","2014","2013","D6","Unverified","$0.48"
"9/8/2014","2014","2014","D6","Unverified","$0.49"
"9/15/2014","2014","2013","D6","Unverified","$0.51"
"9/15/2014","2014","2014","D6","Unverified","$0.48"
"9/22/2014","2014","2013","D6","Unverified","$0.41"
"9/22/2014","2014","2014","D6","Unverified","$0.48"
"9/29/2014","2014","2012","D6","Unverified","$0.43"
"9/29/2014","2014","2013","D6","Unverified","$0.47"
"9/29/2014","2014","2014","D6","Unverified","$0.52"
"10/6/2014","2014","2012","D6","Unverified","$0.45"
"10/6/2014","2014","2013","D6","Unverified","$0.45"
"10/6/2014","2014","2014","D6","Unverified","$0.46"
"10/13/2014","2014","2013","D6","Unverified","$0.48"
"10/13/2014","2014","2014","D6","Unverified","$0.46"
"10/20/2014","2014","2012","D6","Unverified","$0.37"
"10/20/2014","2014","2013","D6","Unverified","$0.64"
"10/20/2014","2014","2014","D6","Unverified","$0.44"
"10/27/2014","2014","2013","D6","Unverified","$0.42"
"10/27/2014","2014","2014","D6","Unverified","$0.41"
"11/3/2014","2014","2012","D6","Unverified","$0.01"
"11/3/2014","2014","2013","D6","Unverified","$0.38"
"11/3/2014","2014","2014","D6","Unverified","$0.48"
"11/10/2014","2014","2013","D6","Unverified","$0.46"
"11/10/2014","2014","2014","D6","Unverified","$0.42"
"11/17/2014","2014","2013","D6","Unverified","$0.47"
"11/17/2014","2014","2014","D6","Unverified","$0.46"
"11/24/2014","2014","2013","D6","Unverified","$0.48"
"11/24/2014","2014","2014","D6","Unverified","$0.49"
"12/1/2014","2014","2013","D6","Unverified","$0.26"
"12/1/2014","2014","2014","D6","Unverified","$0.49"
"12/8/2014","2014","2012","D6","Unverified","$0.50"
"12/8/2014","2014","2013","D6","Unverified","$0.25"
"12/8/2014","2014","2014","D6","Unverified","$0.47"
"12/15/2014","2014","2013","D6","Unverified","$0.56"
"12/15/2014","2014","2014","D6","Unverified","$0.52"
"12/22/2014","2014","2013","D6","Unverified","$0.62"
"12/22/2014","2014","2014","D6","Unverified","$0.51"
"12/29/2014","2014","2013","D6","Unverified","$0.47"
"12/29/2014","2014","2014","D6","Unverified","$0.52"
"12/29/2014","2015","2014","D6","Unverified","$0.56"
"1/5/2015","2015","2013","D6","Unverified","$0.83"
"1/5/2015","2015","2014","D6","Unverified","$0.64"
"1/5/2015","2015","2015","D6","Unverified","$0.09"
"1/12/2015","2015","2013","D6","Unverified","$0.78"
"1/12/2015","2015","2014","D6","Unverified","$0.64"
"1/12/2015","2015","2015","D6","Unverified","$0.77"
"1/19/2015","2015","2013","D6","Unverified","$0.61"
"1/19/2015","2015","2014","D6","Unverified","$0.70"
"1/19/2015","2015","2015","D6","Unverified","$0.75"
"1/26/2015","2015","2013","D6","Unverified","$0.62"
"1/26/2015","2015","2014","D6","Unverified","$0.58"
"1/26/2015","2015","2015","D6","Unverified","$0.72"
"2/2/2015","2015","2013","D6","Unverified","$0.64"
"2/2/2015","2015","2014","D6","Unverified","$0.53"
"2/2/2015","2015","2015","D6","Unverified","$0.68"
"2/9/2015","2015","2013","D6","Unverified","$0.71"
"2/9/2015","2015","2014","D6","Unverified","$0.41"
"2/9/2015","2015","2015","D6","Unverified","$0.69"
"2/16/2015","2015","2013","D6","Unverified","$0.61"
"2/16/2015","2015","2014","D6","Unverified","$0.67"
"2/16/2015","2015","2015","D6","Unverified","$0.79"
"2/23/2015","2015","2013","D6","Unverified","$0.67"
"2/23/2015","2015","2014","D6","Unverified","$0.69"
"2/23/2015","2015","2015","D6","Unverified","$0.81"
"3/2/2015","2015","2013","D6","Unverified","$0.72"
"3/2/2015","2015","2014","D6","Unverified","$0.64"
"3/2/2015","2015","2015","D6","Unverified","$0.68"
"3/9/2015","2015","2013","D6","Unverified","$0.70"
"3/9/2015","2015","2014","D6","Unverified","$0.69"
"3/9/2015","2015","2015","D6","Unverified","$0.67"
"3/16/2015","2015","2012","D6","Unverified","$0.77"
"3/16/2015","2015","2014","D6","Unverified","$0.60"
"3/16/2015","2015","2015","D6","Unverified","$0.65"
"3/23/2015","2015","2013","D6","Unverified","$0.67"
"3/23/2015","2015","2014","D6","Unverified","$0.68"
"3/23/2015","2015","2015","D6","Unverified","$0.68"
"3/30/2015","2015","2013","D6","Unverified","$0.70"
"3/30/2015","2015","2014","D6","Unverified","$0.69"
"3/30/2015","2015","2015","D6","Unverified","$0.67"
"4/6/2015","2015","2013","D6","Unverified","$0.68"
"4/6/2015","2015","2014","D6","Unverified","$0.72"
"4/6/2015","2015","2015","D6","Q-RIN","$0.65"
"4/6/2015","2015","2015","D6","Unverified","$0.66"
"4/13/2015","2015","2013","D6","Unverified","$0.69"
"4/13/2015","2015","2014","D6","Unverified","$0.69"
"4/13/2015","2015","2015","D6","Q-RIN","$0.65"
"4/13/2015","2015","2015","D6","Unverified","$0.64"
"4/20/2015","2015","2014","D6","Unverified","$0.62"
"4/20/2015","2015","2015","D6","Unverified","$0.67"
"4/27/2015","2015","2013","D6","Unverified","$0.69"
"4/27/2015","2015","2014","D6","Unverified","$0.70"
"4/27/2015","2015","2015","D6","Unverified","$0.70"
"5/4/2015","2015","2014","D6","Unverified","$0.75"
"5/4/2015","2015","2015","D6","Unverified","$0.69"
"5/11/2015","2015","2013","D6","Unverified","$0.72"
"5/11/2015","2015","2014","D6","Unverified","$0.74"
"5/11/2015","2015","2015","D6","Unverified","$0.70"
"5/18/2015","2015","2014","D6","Unverified","$0.68"
"5/18/2015","2015","2015","D6","Unverified","$0.70"
"5/25/2015","2015","2013","D6","Unverified","$0.69"
"5/25/2015","2015","2014","D6","Unverified","$0.74"
"5/25/2015","2015","2015","D6","Unverified","$0.70"
"6/1/2015","2015","2014","D6","Unverified","$0.65"
"6/1/2015","2015","2015","D6","Q-RIN","$0.45"
"6/1/2015","2015","2015","D6","Unverified","$0.62"
"6/8/2015","2015","2013","D6","Unverified","$0.39"
"6/8/2015","2015","2014","D6","Unverified","$0.54"
"6/8/2015","2015","2015","D6","Unverified","$0.63"
"6/15/2015","2015","2013","D6","Unverified","$0.40"
"6/15/2015","2015","2014","D6","Unverified","$0.55"
"6/15/2015","2015","2015","D6","Q-RIN","$0.70"
"6/15/2015","2015","2015","D6","Unverified","$0.59"
"6/22/2015","2015","2013","D6","Unverified","$0.40"
"6/22/2015","2015","2014","D6","Unverified","$0.65"
"6/22/2015","2015","2015","D6","Q-RIN","$0.73"
"6/22/2015","2015","2015","D6","Unverified","$0.60"
"6/29/2015","2015","2013","D6","Unverified","$0.69"
"6/29/2015","2015","2014","D6","Unverified","$0.56"
"6/29/2015","2015","2015","D6","Q-RIN","$0.63"
"6/29/2015","2015","2015","D6","Unverified","$0.59"
"7/6/2015","2015","2012","D6","Unverified","$0.46"
"7/6/2015","2015","2013","D6","Unverified","$0.45"
"7/6/2015","2015","2014","D6","Unverified","$0.45"
"7/6/2015","2015","2015","D6","Q-RIN","$0.72"
"7/6/2015","2015","2015","D6","Unverified","$0.52"
"7/13/2015","2015","2014","D6","Unverified","$0.47"
"7/13/2015","2015","2015","D6","Q-RIN","$0.71"
"7/13/2015","2015","2015","D6","Unverified","$0.50"
"7/20/2015","2015","2014","D6","Unverified","$0.50"
"7/20/2015","2015","2015","D6","Unverified","$0.53"
"7/27/2015","2015","2013","D6","Unverified","$0.41"
"7/27/2015","2015","2014","D6","Unverified","$0.40"
"7/27/2015","2015","2015","D6","Q-RIN","$0.71"
"7/27/2015","2015","2015","D6","Unverified","$0.44"
"8/3/2015","2015","2014","D6","Unverified","$0.44"
"8/3/2015","2015","2015","D6","Q-RIN","$0.42"
"8/3/2015","2015","2015","D6","Unverified","$0.45"
"8/10/2015","2015","2014","D6","Unverified","$0.43"
"8/10/2015","2015","2015","D6","Q-RIN","$0.73"
"8/10/2015","2015","2015","D6","Unverified","$0.43"
"8/17/2015","2015","2013","D6","Unverified","$0.41"
"8/17/2015","2015","2014","D6","Unverified","$0.41"
"8/17/2015","2015","2015","D6","Q-RIN","$0.98"
"8/17/2015","2015","2015","D6","Unverified","$0.46"
"8/24/2015","2015","2013","D6","Unverified","$0.38"
"8/24/2015","2015","2014","D6","Unverified","$0.40"
"8/24/2015","2015","2015","D6","Q-RIN","$0.70"
"8/24/2015","2015","2015","D6","Unverified","$0.45"
"8/31/2015","2015","2013","D6","Unverified","$0.47"
"8/31/2015","2015","2014","D6","Unverified","$0.40"
"8/31/2015","2015","2015","D6","Unverified","$0.43"
"9/7/2015","2015","2014","D6","Unverified","$0.40"
"9/7/2015","2015","2015","D6","Unverified","$0.51"
"9/14/2015","2015","2013","D6","Unverified","$0.40"
"9/14/2015","2015","2014","D6","Unverified","$0.53"
"9/14/2015","2015","2015","D6","Q-RIN","$0.62"
"9/14/2015","2015","2015","D6","Unverified","$0.44"
"9/21/2015","2015","2014","D6","Unverified","$0.50"
"9/21/2015","2015","2015","D6","Q-RIN","$0.61"
"9/21/2015","2015","2015","D6","Unverified","$0.46"
"9/28/2015","2015","2013","D6","Unverified","$0.36"
"9/28/2015","2015","2014","D6","Unverified","$0.37"
"9/28/2015","2015","2015","D6","Q-RIN","$0.44"
"9/28/2015","2015","2015","D6","Unverified","$0.49"
"10/5/2015","2015","2014","D6","Unverified","$0.35"
"10/5/2015","2015","2015","D6","Q-RIN","$0.62"
"10/5/2015","2015","2015","D6","Unverified","$0.43"
"10/12/2015","2015","2014","D6","Unverified","$0.35"
"10/12/2015","2015","2015","D6","Q-RIN","$0.67"
"10/12/2015","2015","2015","D6","Unverified","$0.39"
"10/19/2015","2015","2014","D6","Unverified","$0.55"
"10/19/2015","2015","2015","D6","Q-RIN","$0.59"
"10/19/2015","2015","2015","D6","Unverified","$0.37"
"10/26/2015","2015","2012","D6","Unverified","$0.37"
"10/26/2015","2015","2014","D6","Unverified","$0.36"
"10/26/2015","2015","2015","D6","Q-RIN","$0.68"
"10/26/2015","2015","2015","D6","Unverified","$0.39"
"11/2/2015","2015","2013","D6","Unverified","$0.40"
"11/2/2015","2015","2014","D6","Unverified","$0.46"
"11/2/2015","2015","2015","D6","Unverified","$0.40"
"11/9/2015","2015","2014","D6","Unverified","$0.42"
"11/9/2015","2015","2015","D6","Unverified","$0.46"
"11/16/2015","2015","2013","D6","Unverified","$0.44"
"11/16/2015","2015","2014","D6","Unverified","$0.58"
"11/16/2015","2015","2015","D6","Q-RIN","$0.70"
"11/16/2015","2015","2015","D6","Unverified","$0.45"
"11/23/2015","2015","2013","D6","Unverified","$0.70"
"11/23/2015","2015","2014","D6","Unverified","$0.47"
"11/23/2015","2015","2015","D6","Q-RIN","$0.33"
"11/23/2015","2015","2015","D6","Unverified","$0.53"
"11/30/2015","2015","2013","D6","Unverified","$0.38"
"11/30/2015","2015","2014","D6","Unverified","$0.68"
"11/30/2015","2015","2015","D6","Q-RIN","$0.69"
"11/30/2015","2015","2015","D6","Unverified","$0.48"
"12/7/2015","2015","2013","D6","Unverified","$0.73"
"12/7/2015","2015","2014","D6","Unverified","$0.74"
"12/7/2015","2015","2015","D6","Unverified","$0.50"
"12/14/2015","2015","2013","D6","Unverified","$0.72"
"12/14/2015","2015","2014","D6","Unverified","$0.63"
"12/14/2015","2015","2015","D6","Q-RIN","$0.50"
"12/14/2015","2015","2015","D6","Unverified","$0.51"
"12/21/2015","2015","2013","D6","Unverified","$0.71"
"12/21/2015","2015","2014","D6","Unverified","$0.54"
"12/21/2015","2015","2015","D6","Unverified","$0.52"
"12/28/2015","2015","2013","D6","Unverified","$0.42"
"12/28/2015","2015","2014","D6","Unverified","$0.62"
"12/28/2015","2015","2015","D6","Q-RIN","$0.61"
"12/28/2015","2015","2015","D6","Unverified","$0.57"
"12/28/2015","2016","2015","D6","Q-RIN","$0.43"
"12/28/2015","2016","2015","D6","Unverified","$0.49"
"1/4/2016","2016","2013","D6","Unverified","$0.71"
"1/4/2016","2016","2014","D6","Unverified","$0.71"
"1/4/2016","2016","2015","D6","Unverified","$0.66"
"1/4/2016","2016","2016","D6","Unverified","$0.70"
"1/11/2016","2016","2013","D6","Unverified","$0.53"
"1/11/2016","2016","2014","D6","Unverified","$0.69"
"1/11/2016","2016","2015","D6","Unverified","$0.67"
"1/11/2016","2016","2016","D6","Unverified","$0.71"
"1/18/2016","2016","2014","D6","Unverified","$0.44"
"1/18/2016","2016","2015","D6","Unverified","$0.58"
"1/18/2016","2016","2016","D6","Unverified","$0.70"
"1/25/2016","2016","2013","D6","Unverified","$0.01"
"1/25/2016","2016","2014","D6","Unverified","$0.47"
"1/25/2016","2016","2015","D6","Q-RIN","$0.42"
"1/25/2016","2016","2015","D6","Unverified","$0.65"
"1/25/2016","2016","2016","D6","Unverified","$0.67"
"2/1/2016","2016","2013","D6","Unverified","$0.69"
"2/1/2016","2016","2014","D6","Unverified","$0.69"
"2/1/2016","2016","2015","D6","Q-RIN","$0.72"
"2/1/2016","2016","2015","D6","Unverified","$0.66"
"2/1/2016","2016","2016","D6","Unverified","$0.65"
"2/8/2016","2016","2012","D6","Unverified","$0.50"
"2/8/2016","2016","2013","D6","Unverified","$0.71"
"2/8/2016","2016","2014","D6","Unverified","$0.71"
"2/8/2016","2016","2015","D6","Unverified","$0.69"
"2/8/2016","2016","2016","D6","Unverified","$0.67"
"2/15/2016","2016","2014","D6","Unverified","$0.71"
"2/15/2016","2016","2015","D6","Unverified","$0.69"
"2/15/2016","2016","2016","D6","Unverified","$0.68"
"2/22/2016","2016","2013","D6","Unverified","$0.76"
"2/22/2016","2016","2014","D6","Unverified","$0.42"
"2/22/2016","2016","2015","D6","Unverified","$0.63"
"2/22/2016","2016","2016","D6","Unverified","$0.74"
"2/29/2016","2016","2013","D6","Unverified","$0.67"
"2/29/2016","2016","2014","D6","Unverified","$0.69"
"2/29/2016","2016","2015","D6","Unverified","$0.69"
"2/29/2016","2016","2016","D6","Unverified","$0.65"
"3/7/2016","2016","2014","D6","Unverified","$0.72"
"3/7/2016","2016","2015","D6","Q-RIN","$0.72"
"3/7/2016","2016","2015","D6","Unverified","$0.45"
"3/7/2016","2016","2016","D6","Q-RIN","$0.01"
"3/7/2016","2016","2016","D6","Unverified","$0.71"
"3/14/2016","2016","2013","D6","Unverified","$0.64"
"3/14/2016","2016","2014","D6","Unverified","$0.66"
"3/14/2016","2016","2015","D6","Q-RIN","$0.69"
"3/14/2016","2016","2015","D6","Unverified","$0.66"
"3/14/2016","2016","2016","D6","Unverified","$0.64"
"3/21/2016","2016","2014","D6","Unverified","$0.73"
"3/21/2016","2016","2015","D6","Q-RIN","$0.73"
"3/21/2016","2016","2015","D6","Unverified","$0.71"
"3/21/2016","2016","2016","D6","Q-RIN","$0.69"
"3/21/2016","2016","2016","D6","Unverified","$0.75"
"3/28/2016","2016","2014","D6","Unverified","$0.70"
"3/28/2016","2016","2015","D6","Q-RIN","$0.62"
"3/28/2016","2016","2015","D6","Unverified","$0.55"
"3/28/2016","2016","2016","D6","Unverified","$0.67"
"4/4/2016","2016","2013","D6","Unverified","$0.72"
"4/4/2016","2016","2014","D6","Unverified","$0.46"
"4/4/2016","2016","2015","D6","Q-RIN","$0.72"
"4/4/2016","2016","2015","D6","Unverified","$0.65"
"4/4/2016","2016","2016","D6","Unverified","$0.67"
"4/11/2016","2016","2014","D6","Unverified","$0.69"
"4/11/2016","2016","2015","D6","Unverified","$0.48"
"4/11/2016","2016","2016","D6","Q-RIN","$0.67"
"4/11/2016","2016","2016","D6","Unverified","$0.61"
"4/18/2016","2016","2014","D6","Unverified","$0.68"
"4/18/2016","2016","2015","D6","Unverified","$0.71"
"4/18/2016","2016","2016","D6","Unverified","$0.71"
"4/25/2016","2016","2013","D6","Unverified","$0.72"
"4/25/2016","2016","2014","D6","Unverified","$0.73"
"4/25/2016","2016","2015","D6","Unverified","$0.73"
"4/25/2016","2016","2016","D6","Unverified","$0.72"
"5/2/2016","2016","2014","D6","Unverified","$0.75"
"5/2/2016","2016","2015","D6","Unverified","$0.73"
"5/2/2016","2016","2016","D6","Unverified","$0.72"
"5/9/2016","2016","2013","D6","Unverified","$0.73"
"5/9/2016","2016","2014","D6","Unverified","$0.73"
"5/9/2016","2016","2015","D6","Q-RIN","$0.75"
"5/9/2016","2016","2015","D6","Unverified","$0.73"
"5/9/2016","2016","2016","D6","Q-RIN","$0.69"
"5/9/2016","2016","2016","D6","Unverified","$0.72"
"5/16/2016","2016","2013","D6","Unverified","$0.72"
"5/16/2016","2016","2014","D6","Unverified","$0.75"
"5/16/2016","2016","2015","D6","Unverified","$0.57"
"5/16/2016","2016","2016","D6","Unverified","$0.64"
"5/23/2016","2016","2014","D6","Unverified","$0.66"
"5/23/2016","2016","2015","D6","Unverified","$0.71"
"5/23/2016","2016","2016","D6","Unverified","$0.75"
"5/30/2016","2016","2014","D6","Unverified","$0.75"
"5/30/2016","2016","2015","D6","Unverified","$0.73"
"5/30/2016","2016","2016","D6","Q-RIN","$0.69"
"5/30/2016","2016","2016","D6","Unverified","$0.75"
"6/6/2016","2016","2014","D6","Unverified","$0.75"
"6/6/2016","2016","2015","D6","Q-RIN","$0.78"
"6/6/2016","2016","2015","D6","Unverified","$0.72"
"6/6/2016","2016","2016","D6","Unverified","$0.73"
"6/13/2016","2016","2014","D6","Unverified","$0.78"
"6/13/2016","2016","2015","D6","Unverified","$0.75"
"6/13/2016","2016","2016","D6","Q-RIN","$0.68"
"6/13/2016","2016","2016","D6","Unverified","$0.75"
"6/20/2016","2016","2014","D6","Unverified","$0.27"
"6/20/2016","2016","2015","D6","Unverified","$0.77"
"6/20/2016","2016","2016","D6","Q-RIN","$0.67"
"6/20/2016","2016","2016","D6","Unverified","$0.73"
"6/27/2016","2016","2013","D6","Unverified","$0.81"
"6/27/2016","2016","2014","D6","Unverified","$0.54"
"6/27/2016","2016","2015","D6","Q-RIN","$0.73"
"6/27/2016","2016","2015","D6","Unverified","$0.61"
"6/27/2016","2016","2016","D6","Q-RIN","$0.72"
"6/27/2016","2016","2016","D6","Unverified","$0.72"
"7/4/2016","2016","2014","D6","Unverified","$0.73"
"7/4/2016","2016","2015","D6","Unverified","$0.77"
"7/4/2016","2016","2016","D6","Q-RIN","$0.93"
"7/4/2016","2016","2016","D6","Unverified","$0.76"
"7/11/2016","2016","2013","D6","Unverified","$0.86"
"7/11/2016","2016","2014","D6","Unverified","$0.78"
"7/11/2016","2016","2015","D6","Unverified","$0.84"
"7/11/2016","2016","2016","D6","Q-RIN","$0.73"
"7/11/2016","2016","2016","D6","Unverified","$0.82"
"7/18/2016","2016","2013","D6","Unverified","$0.94"
"7/18/2016","2016","2014","D6","Unverified","$0.96"
"7/18/2016","2016","2015","D6","Unverified","$0.85"
"7/18/2016","2016","2016","D6","Q-RIN","$0.75"
"7/18/2016","2016","2016","D6","Unverified","$0.84"
"7/25/2016","2016","2013","D6","Unverified","$0.73"
"7/25/2016","2016","2014","D6","Unverified","$0.96"
"7/25/2016","2016","2015","D6","Unverified","$0.85"
"7/25/2016","2016","2016","D6","Q-RIN","$0.72"
"7/25/2016","2016","2016","D6","Unverified","$0.84"
"8/1/2016","2016","2014","D6","Unverified","$0.84"
"8/1/2016","2016","2015","D6","Unverified","$0.80"
"8/1/2016","2016","2016","D6","Unverified","$0.84"
"8/8/2016","2016","2015","D6","Unverified","$0.91"
"8/8/2016","2016","2016","D6","Q-RIN","$0.83"
"8/8/2016","2016","2016","D6","Unverified","$0.87"
"8/15/2016","2016","2015","D6","Unverified","$0.84"
"8/15/2016","2016","2016","D6","Q-RIN","$0.04"
"8/15/2016","2016","2016","D6","Unverified","$0.86"
"8/22/2016","2016","2014","D6","Unverified","$0.81"
"8/22/2016","2016","2015","D6","Unverified","$0.83"
"8/22/2016","2016","2016","D6","Q-RIN","$0.73"
"8/22/2016","2016","2016","D6","Unverified","$0.86"
"8/29/2016","2016","2015","D6","Unverified","$0.92"
"8/29/2016","2016","2016","D6","Q-RIN","$0.67"
"8/29/2016","2016","2016","D6","Unverified","$0.82"
"9/5/2016","2016","2015","D6","Unverified","$0.79"
"9/5/2016","2016","2016","D6","Q-RIN","$0.71"
"9/5/2016","2016","2016","D6","Unverified","$0.83"
"9/12/2016","2016","2014","D6","Unverified","$0.97"
"9/12/2016","2016","2015","D6","Unverified","$0.84"
"9/12/2016","2016","2016","D6","Q-RIN","$0.67"
"9/12/2016","2016","2016","D6","Unverified","$0.84"
"9/19/2016","2016","2015","D6","Unverified","$0.86"
"9/19/2016","2016","2016","D6","Q-RIN","$0.52"
"9/19/2016","2016","2016","D6","Unverified","$0.83"
"9/26/2016","2016","2014","D6","Unverified","$0.77"
"9/26/2016","2016","2015","D6","Unverified","$0.81"
"9/26/2016","2016","2016","D6","Q-RIN","$0.71"
"9/26/2016","2016","2016","D6","Unverified","$0.80"
"10/3/2016","2016","2015","D6","Unverified","$0.77"
"10/3/2016","2016","2016","D6","Q-RIN","$0.70"
"10/3/2016","2016","2016","D6","Unverified","$0.88"
"10/10/2016","2016","2015","D6","Q-RIN","$0.91"
"10/10/2016","2016","2015","D6","Unverified","$0.90"
"10/10/2016","2016","2016","D6","Q-RIN","$0.33"
"10/10/2016","2016","2016","D6","Unverified","$0.86"
"10/17/2016","2016","2014","D6","Unverified","$0.88"
"10/17/2016","2016","2015","D6","Q-RIN","$0.93"
"10/17/2016","2016","2015","D6","Unverified","$0.77"
"10/17/2016","2016","2016","D6","Q-RIN","$0.91"
"10/17/2016","2016","2016","D6","Unverified","$0.88"
"10/24/2016","2016","2014","D6","Unverified","$0.02"
"10/24/2016","2016","2015","D6","Q-RIN","$0.92"
"10/24/2016","2016","2015","D6","Unverified","$0.73"
"10/24/2016","2016","2016","D6","Q-RIN","$0.93"
"10/24/2016","2016","2016","D6","Unverified","$0.84"
"10/31/2016","2016","2014","D6","Unverified","$0.93"
"10/31/2016","2016","2015","D6","Unverified","$0.79"
"10/31/2016","2016","2016","D6","Q-RIN","$0.74"
"10/31/2016","2016","2016","D6","Unverified","$0.83"
"11/7/2016","2016","2015","D6","Q-RIN","$0.68"
"11/7/2016","2016","2015","D6","Unverified","$0.78"
"11/7/2016","2016","2016","D6","Q-RIN","$0.93"
"11/7/2016","2016","2016","D6","Unverified","$0.85"
"11/14/2016","2016","2014","D6","Unverified","$0.82"
"11/14/2016","2016","2015","D6","Unverified","$0.87"
"11/14/2016","2016","2016","D6","Q-RIN","$0.91"
"11/14/2016","2016","2016","D6","Unverified","$0.81"
"11/21/2016","2016","2014","D6","Unverified","$0.83"
"11/21/2016","2016","2015","D6","Unverified","$0.85"
"11/21/2016","2016","2016","D6","Q-RIN","$0.92"
"11/21/2016","2016","2016","D6","Unverified","$0.85"
"11/28/2016","2016","2014","D6","Unverified","$0.84"
"11/28/2016","2016","2015","D6","Q-RIN","$0.99"
"11/28/2016","2016","2015","D6","Unverified","$0.91"
"11/28/2016","2016","2016","D6","Q-RIN","$0.90"
"11/28/2016","2016","2016","D6","Unverified","$0.84"
"12/5/2016","2016","2015","D6","Q-RIN","$0.92"
"12/5/2016","2016","2015","D6","Unverified","$1.07"
"12/5/2016","2016","2016","D6","Q-RIN","$0.89"
"12/5/2016","2016","2016","D6","Unverified","$0.85"
"12/12/2016","2016","2015","D6","Unverified","$0.96"
"12/12/2016","2016","2016","D6","Q-RIN","$0.84"
"12/12/2016","2016","2016","D6","Unverified","$0.90"
"12/19/2016","2016","2015","D6","Unverified","$0.95"
"12/19/2016","2016","2016","D6","Q-RIN","$0.72"
"12/19/2016","2016","2016","D6","Unverified","$0.90"
"12/26/2016","2016","2015","D6","Unverified","$0.90"
"12/26/2016","2016","2016","D6","Q-RIN","$0.80"
"12/26/2016","2016","2016","D6","Unverified","$0.87"
"12/26/2016","2017","2016","D6","Unverified","$0.84"
"1/2/2017","2017","2015","D6","Unverified","$0.83"
"1/2/2017","2017","2016","D6","Q-RIN","$0.89"
"1/2/2017","2017","2016","D6","Unverified","$0.87"
"1/2/2017","2017","2017","D6","Unverified","$0.66"
"1/9/2017","2017","2015","D6","Q-RIN","$0.75"
"1/9/2017","2017","2015","D6","Unverified","$0.75"
"1/9/2017","2017","2016","D6","Q-RIN","$1.04"
"1/9/2017","2017","2016","D6","Unverified","$0.88"
"1/9/2017","2017","2017","D6","Unverified","$0.67"
"1/16/2017","2017","2015","D6","Unverified","$0.68"
"1/16/2017","2017","2016","D6","Q-RIN","$0.93"
"1/16/2017","2017","2016","D6","Unverified","$0.77"
"1/16/2017","2017","2017","D6","Unverified","$0.89"
"1/23/2017","2017","2015","D6","Unverified","$0.76"
"1/23/2017","2017","2016","D6","Q-RIN","$0.76"
"1/23/2017","2017","2016","D6","Unverified","$0.82"
"1/23/2017","2017","2017","D6","Unverified","$0.87"
"1/30/2017","2017","2015","D6","Q-RIN","$0.82"
"1/30/2017","2017","2015","D6","Unverified","$0.69"
"1/30/2017","2017","2016","D6","Q-RIN","$0.93"
"1/30/2017","2017","2016","D6","Unverified","$0.74"
"1/30/2017","2017","2017","D6","Unverified","$0.68"
"2/6/2017","2017","2015","D6","Q-RIN","$0.73"
"2/6/2017","2017","2015","D6","Unverified","$0.71"
"2/6/2017","2017","2016","D6","Unverified","$0.71"
"2/6/2017","2017","2017","D6","Unverified","$0.65"
"2/13/2017","2017","2015","D6","Unverified","$0.56"
"2/13/2017","2017","2016","D6","Q-RIN","$0.50"
"2/13/2017","2017","2016","D6","Unverified","$0.66"
"2/13/2017","2017","2017","D6","Unverified","$0.63"
"2/20/2017","2017","2016","D6","Q-RIN","$0.50"
"2/20/2017","2017","2016","D6","Unverified","$0.61"
"2/20/2017","2017","2017","D6","Q-RIN","$0.49"
"2/20/2017","2017","2017","D6","Unverified","$0.60"
"2/27/2017","2017","2015","D6","Unverified","$0.48"
"2/27/2017","2017","2016","D6","Q-RIN","$0.48"
"2/27/2017","2017","2016","D6","Unverified","$0.65"
"2/27/2017","2017","2017","D6","Unverified","$0.58"
"3/6/2017","2017","2015","D6","Q-RIN","$0.36"
"3/6/2017","2017","2015","D6","Unverified","$0.46"
"3/6/2017","2017","2016","D6","Q-RIN","$0.70"
"3/6/2017","2017","2016","D6","Unverified","$0.48"
"3/6/2017","2017","2017","D6","Unverified","$0.58"
"3/13/2017","2017","2015","D6","Q-RIN","$0.35"
"3/13/2017","2017","2015","D6","Unverified","$0.34"
"3/13/2017","2017","2016","D6","Q-RIN","$0.86"
"3/13/2017","2017","2016","D6","Unverified","$0.51"
"3/13/2017","2017","2017","D6","Unverified","$0.60"
"3/20/2017","2017","2015","D6","Q-RIN","$0.57"
"3/20/2017","2017","2015","D6","Unverified","$0.52"
"3/20/2017","2017","2016","D6","Q-RIN","$0.85"
"3/20/2017","2017","2016","D6","Unverified","$0.62"
"3/20/2017","2017","2017","D6","Q-RIN","$0.37"
"3/20/2017","2017","2017","D6","Unverified","$0.54"
"3/27/2017","2017","2015","D6","Q-RIN","$0.54"
"3/27/2017","2017","2015","D6","Unverified","$0.55"
"3/27/2017","2017","2016","D6","Q-RIN","$0.74"
"3/27/2017","2017","2016","D6","Unverified","$0.63"
"3/27/2017","2017","2017","D6","Unverified","$0.56"
"4/3/2017","2017","2016","D6","Q-RIN","$0.67"
"4/3/2017","2017","2016","D6","Unverified","$0.58"
"4/3/2017","2017","2017","D6","Q-RIN","$0.38"
"4/3/2017","2017","2017","D6","Unverified","$0.56"
"4/10/2017","2017","2016","D6","Unverified","$0.50"
"4/10/2017","2017","2017","D6","Unverified","$0.63"
"4/17/2017","2017","2016","D6","Unverified","$0.47"
"4/17/2017","2017","2017","D6","Unverified","$0.53"
"4/24/2017","2017","2016","D6","Q-RIN","$0.34"
"4/24/2017","2017","2016","D6","Unverified","$0.47"
"4/24/2017","2017","2017","D6","Q-RIN","$0.44"
"4/24/2017","2017","2017","D6","Unverified","$0.50"
"5/1/2017","2017","2016","D6","Unverified","$0.78"
"5/1/2017","2017","2017","D6","Unverified","$0.57"
"5/8/2017","2017","2016","D6","Unverified","$0.54"
"5/8/2017","2017","2017","D6","Q-RIN","$0.54"
"5/8/2017","2017","2017","D6","Unverified","$0.57"
"5/15/2017","2017","2016","D6","Unverified","$0.43"
"5/15/2017","2017","2017","D6","Q-RIN","$0.84"
"5/15/2017","2017","2017","D6","Unverified","$0.52"
"5/22/2017","2017","2016","D6","Unverified","$0.33"
"5/22/2017","2017","2017","D6","Q-RIN","$0.63"
"5/22/2017","2017","2017","D6","Unverified","$0.56"
"5/29/2017","2017","2016","D6","Unverified","$0.59"
"5/29/2017","2017","2017","D6","Unverified","$0.59"
"6/5/2017","2017","2016","D6","Q-RIN","$0.62"
"6/5/2017","2017","2016","D6","Unverified","$0.50"
"6/5/2017","2017","2017","D6","Unverified","$0.62"
"6/12/2017","2017","2016","D6","Unverified","$0.50"
"6/12/2017","2017","2017","D6","Q-RIN","$0.54"
"6/12/2017","2017","2017","D6","Unverified","$0.63"
"6/19/2017","2017","2016","D6","Unverified","$0.57"
"6/19/2017","2017","2017","D6","Q-RIN","$0.55"
"6/19/2017","2017","2017","D6","Unverified","$0.63"
"6/26/2017","2017","2016","D6","Unverified","$0.64"
"6/26/2017","2017","2017","D6","Q-RIN","$0.75"
"6/26/2017","2017","2017","D6","Unverified","$0.66"
"7/3/2017","2017","2016","D6","Unverified","$0.73"
"7/3/2017","2017","2017","D6","Unverified","$0.69"
"7/10/2017","2017","2016","D6","Q-RIN","$0.69"
"7/10/2017","2017","2016","D6","Unverified","$0.56"
"7/10/2017","2017","2017","D6","Q-RIN","$0.73"
"7/10/2017","2017","2017","D6","Unverified","$0.68"
"7/17/2017","2017","2016","D6","Unverified","$0.66"
"7/17/2017","2017","2017","D6","Q-RIN","$0.68"
"7/17/2017","2017","2017","D6","Unverified","$0.62"
"7/24/2017","2017","2016","D6","Q-RIN","$0.72"
"7/24/2017","2017","2016","D6","Unverified","$0.72"
"7/24/2017","2017","2017","D6","Q-RIN","$0.51"
"7/24/2017","2017","2017","D6","Unverified","$0.70"
"7/31/2017","2017","2016","D6","Unverified","$0.57"
"7/31/2017","2017","2017","D6","Q-RIN","$0.89"
"7/31/2017","2017","2017","D6","Unverified","$0.75"
"8/7/2017","2017","2016","D6","Unverified","$0.78"
"8/7/2017","2017","2017","D6","Q-RIN","$0.88"
"8/7/2017","2017","2017","D6","Unverified","$0.70"
"8/14/2017","2017","2016","D6","Unverified","$0.54"
"8/14/2017","2017","2017","D6","Q-RIN","$0.79"
"8/14/2017","2017","2017","D6","Unverified","$0.78"
"8/21/2017","2017","2016","D6","Q-RIN","$0.88"
"8/21/2017","2017","2016","D6","Unverified","$0.88"
"8/21/2017","2017","2017","D6","Q-RIN","$0.77"
"8/21/2017","2017","2017","D6","Unverified","$0.78"
"8/28/2017","2017","2016","D6","Unverified","$0.90"
"8/28/2017","2017","2017","D6","Q-RIN","$0.88"
"8/28/2017","2017","2017","D6","Unverified","$0.78"
"9/4/2017","2017","2016","D6","Unverified","$0.90"
"9/4/2017","2017","2017","D6","Unverified","$0.77"
"9/11/2017","2017","2016","D6","Unverified","$0.88"
"9/11/2017","2017","2017","D6","Unverified","$0.79"
"9/18/2017","2017","2016","D6","Unverified","$0.77"
"9/18/2017","2017","2017","D6","Unverified","$0.78"
"9/25/2017","2017","2016","D6","Unverified","$0.80"
"9/25/2017","2017","2017","D6","Q-RIN","$0.83"
"9/25/2017","2017","2017","D6","Unverified","$0.77"
"10/2/2017","2017","2016","D6","Unverified","$0.80"
"10/2/2017","2017","2017","D6","Unverified","$0.77"
"10/9/2017","2017","2016","D6","Unverified","$0.63"
"10/9/2017","2017","2017","D6","Q-RIN","$0.83"
"10/9/2017","2017","2017","D6","Unverified","$0.83"
"10/16/2017","2017","2016","D6","Unverified","$0.74"
"10/16/2017","2017","2017","D6","Q-RIN","$0.81"
"10/16/2017","2017","2017","D6","Unverified","$0.77"
"10/23/2017","2017","2016","D6","Unverified","$0.85"
"10/23/2017","2017","2017","D6","Unverified","$0.79"
"10/30/2017","2017","2016","D6","Unverified","$0.64"
"10/30/2017","2017","2017","D6","Unverified","$0.83"
"11/6/2017","2017","2016","D6","Unverified","$0.95"
"11/6/2017","2017","2017","D6","Unverified","$0.87"
"11/13/2017","2017","2016","D6","Unverified","$0.94"
"11/13/2017","2017","2017","D6","Q-RIN","$1.58"
"11/13/2017","2017","2017","D6","Unverified","$0.87"
"11/20/2017","2017","2016","D6","Unverified","$0.93"
"11/20/2017","2017","2017","D6","Q-RIN","$0.92"
"11/20/2017","2017","2017","D6","Unverified","$0.86"
"11/27/2017","2017","2016","D6","Unverified","$0.95"
"11/27/2017","2017","2017","D6","Unverified","$0.81"
"12/4/2017","2017","2016","D6","Q-RIN","$0.85"
"12/4/2017","2017","2016","D6","Unverified","$0.88"
"12/4/2017","2017","2017","D6","Q-RIN","$0.87"
"12/4/2017","2017","2017","D6","Unverified","$0.81"
"12/11/2017","2017","2016","D6","Unverified","$0.88"
"12/11/2017","2017","2017","D6","Q-RIN","$0.87"
"12/11/2017","2017","2017","D6","Unverified","$0.82"
"12/18/2017","2017","2016","D6","Q-RIN","$0.86"
"12/18/2017","2017","2016","D6","Unverified","$0.84"
"12/18/2017","2017","2017","D6","Q-RIN","$0.70"
"12/18/2017","2017","2017","D6","Unverified","$0.75"
"12/25/2017","2017","2016","D6","Q-RIN","$0.82"
"12/25/2017","2017","2016","D6","Unverified","$0.76"
"12/25/2017","2017","2017","D6","Q-RIN","$0.89"
"12/25/2017","2017","2017","D6","Unverified","$0.79"
"1/1/2018","2018","2016","D6","Unverified","$0.70"
"1/1/2018","2018","2017","D6","Unverified","$0.75"
"1/1/2018","2018","2018","D6","Unverified","$0.01"
"1/8/2018","2018","2016","D6","Q-RIN","$0.71"
"1/8/2018","2018","2016","D6","Unverified","$0.62"
"1/8/2018","2018","2017","D6","Unverified","$0.75"
"1/8/2018","2018","2018","D6","Unverified","$1.52"
"1/15/2018","2018","2016","D6","Q-RIN","$0.71"
"1/15/2018","2018","2016","D6","Unverified","$0.66"
"1/15/2018","2018","2017","D6","Q-RIN","$0.75"
"1/15/2018","2018","2017","D6","Unverified","$0.74"
"1/15/2018","2018","2018","D6","Unverified","$0.70"
"1/22/2018","2018","2016","D6","Q-RIN","$0.64"
"1/22/2018","2018","2016","D6","Unverified","$0.65"
"1/22/2018","2018","2017","D6","Q-RIN","$0.82"
"1/22/2018","2018","2017","D6","Unverified","$0.73"
"1/22/2018","2018","2018","D6","Unverified","$0.71"
"1/29/2018","2018","2016","D6","Q-RIN","$0.64"
"1/29/2018","2018","2016","D6","Unverified","$0.69"
"1/29/2018","2018","2017","D6","Q-RIN","$1.17"
"1/29/2018","2018","2017","D6","Unverified","$0.75"
"1/29/2018","2018","2018","D6","Unverified","$0.68"
"2/5/2018","2018","2016","D6","Unverified","$0.62"
"2/5/2018","2018","2017","D6","Q-RIN","$0.78"
"2/5/2018","2018","2017","D6","Unverified","$0.67"
"2/5/2018","2018","2018","D6","Unverified","$0.70"
"2/12/2018","2018","2016","D6","Unverified","$0.62"
"2/12/2018","2018","2017","D6","Unverified","$0.71"
"2/12/2018","2018","2018","D6","Unverified","$0.69"
"2/19/2018","2018","2016","D6","Q-RIN","$0.61"
"2/19/2018","2018","2016","D6","Unverified","$0.65"
"2/19/2018","2018","2017","D6","Q-RIN","$0.67"
"2/19/2018","2018","2017","D6","Unverified","$0.69"
"2/19/2018","2018","2018","D6","Unverified","$0.68"
"2/26/2018","2018","2016","D6","Unverified","$0.62"
"2/26/2018","2018","2017","D6","Q-RIN","$0.60"
"2/26/2018","2018","2017","D6","Unverified","$0.71"
"2/26/2018","2018","2018","D6","Unverified","$0.67"
"3/5/2018","2018","2016","D6","Unverified","$0.61"
"3/5/2018","2018","2017","D6","Q-RIN","$1.36"
"3/5/2018","2018","2017","D6","Unverified","$0.66"
"3/5/2018","2018","2018","D6","Unverified","$0.73"
"3/12/2018","2018","2016","D6","Unverified","$0.39"
"3/12/2018","2018","2017","D6","Q-RIN","$0.40"
"3/12/2018","2018","2017","D6","Unverified","$0.61"
"3/12/2018","2018","2018","D6","Unverified","$0.64"
"3/19/2018","2018","2016","D6","Unverified","$0.36"
"3/19/2018","2018","2017","D6","Q-RIN","$0.70"
"3/19/2018","2018","2017","D6","Unverified","$0.56"
"3/19/2018","2018","2018","D6","Unverified","$0.67"
"3/26/2018","2018","2016","D6","Unverified","$0.30"
"3/26/2018","2018","2017","D6","Q-RIN","$0.75"
"3/26/2018","2018","2017","D6","Unverified","$0.59"
"3/26/2018","2018","2018","D6","Unverified","$0.61"
"4/2/2018","2018","2017","D6","Q-RIN","$0.64"
"4/2/2018","2018","2017","D6","Unverified","$0.43"
"4/2/2018","2018","2018","D6","Unverified","$0.59"
"4/9/2018","2018","2017","D6","Q-RIN","$0.29"
"4/9/2018","2018","2017","D6","Unverified","$0.38"
"4/9/2018","2018","2018","D6","Q-RIN","$0.35"
"4/9/2018","2018","2018","D6","Unverified","$0.55"
"4/16/2018","2018","2017","D6","Q-RIN","$0.62"
"4/16/2018","2018","2017","D6","Unverified","$0.33"
"4/16/2018","2018","2018","D6","Q-RIN","$0.35"
"4/16/2018","2018","2018","D6","Unverified","$0.56"
"4/23/2018","2018","2017","D6","Q-RIN","$0.33"
"4/23/2018","2018","2017","D6","Unverified","$0.34"
"4/23/2018","2018","2018","D6","Unverified","$0.51"
"4/30/2018","2018","2017","D6","Q-RIN","$0.31"
"4/30/2018","2018","2017","D6","Unverified","$0.31"
"4/30/2018","2018","2018","D6","Q-RIN","$0.35"
"4/30/2018","2018","2018","D6","Unverified","$0.46"
"5/7/2018","2018","2017","D6","Unverified","$0.30"
"5/7/2018","2018","2018","D6","Q-RIN","$0.30"
"5/7/2018","2018","2018","D6","Unverified","$0.50"
"5/14/2018","2018","2017","D6","Unverified","$0.37"
"5/14/2018","2018","2018","D6","Q-RIN","$0.32"
"5/14/2018","2018","2018","D6","Unverified","$0.46"
"5/21/2018","2018","2017","D6","Unverified","$0.35"
"5/21/2018","2018","2018","D6","Unverified","$0.43"
"5/28/2018","2018","2017","D6","Q-RIN","$0.26"
"5/28/2018","2018","2017","D6","Unverified","$0.29"
"5/28/2018","2018","2018","D6","Q-RIN","$0.36"
"5/28/2018","2018","2018","D6","Unverified","$0.38"
"6/4/2018","2018","2017","D6","Unverified","$0.26"
"6/4/2018","2018","2018","D6","Unverified","$0.49"
"6/11/2018","2018","2017","D6","Q-RIN","$0.27"
"6/11/2018","2018","2017","D6","Unverified","$0.27"
"6/11/2018","2018","2018","D6","Unverified","$0.41"
"6/18/2018","2018","2017","D6","Q-RIN","$0.17"
"6/18/2018","2018","2017","D6","Unverified","$0.41"
"6/18/2018","2018","2018","D6","Unverified","$0.44"
"6/25/2018","2018","2017","D6","Q-RIN","$0.34"
"6/25/2018","2018","2017","D6","Unverified","$0.30"
"6/25/2018","2018","2018","D6","Unverified","$0.47"
"7/2/2018","2018","2017","D6","Q-RIN","$0.23"
"7/2/2018","2018","2017","D6","Unverified","$0.24"
"7/2/2018","2018","2018","D6","Unverified","$0.44"
"7/9/2018","2018","2017","D6","Unverified","$0.26"
"7/9/2018","2018","2018","D6","Unverified","$0.33"
"7/16/2018","2018","2017","D6","Unverified","$0.23"
"7/16/2018","2018","2018","D6","Unverified","$0.32"
"7/23/2018","2018","2017","D6","Unverified","$0.21"
"7/23/2018","2018","2018","D6","Q-RIN","$0.25"
"7/23/2018","2018","2018","D6","Unverified","$0.30"
"7/30/2018","2018","2017","D6","Q-RIN","$0.28"
"7/30/2018","2018","2017","D6","Unverified","$0.22"
"7/30/2018","2018","2018","D6","Unverified","$0.28"
"8/6/2018","2018","2017","D6","Unverified","$0.17"
"8/6/2018","2018","2018","D6","Unverified","$0.29"
"8/13/2018","2018","2017","D6","Unverified","$0.24"
"8/13/2018","2018","2018","D6","Unverified","$0.28"
"8/20/2018","2018","2017","D6","Q-RIN","$0.16"
"8/20/2018","2018","2017","D6","Unverified","$0.19"
"8/20/2018","2018","2018","D6","Unverified","$0.27"
"8/27/2018","2018","2017","D6","Unverified","$0.20"
"8/27/2018","2018","2018","D6","Q-RIN","$0.24"
"8/27/2018","2018","2018","D6","Unverified","$0.23"
"9/3/2018","2018","2017","D6","Q-RIN","$0.16"
"9/3/2018","2018","2017","D6","Unverified","$0.19"
"9/3/2018","2018","2018","D6","Unverified","$0.28"
"9/10/2018","2018","2017","D6","Unverified","$0.15"
"9/10/2018","2018","2018","D6","Unverified","$0.28"
"9/17/2018","2018","2017","D6","Unverified","$0.18"
"9/17/2018","2018","2018","D6","Unverified","$0.28"
"9/24/2018","2018","2017","D6","Unverified","$0.20"
"9/24/2018","2018","2018","D6","Unverified","$0.25"
"10/1/2018","2018","2017","D6","Unverified","$0.15"
"10/1/2018","2018","2018","D6","Unverified","$0.31"
"10/8/2018","2018","2017","D6","Unverified","$0.20"
"10/8/2018","2018","2018","D6","Unverified","$0.27"
"10/15/2018","2018","2017","D6","Unverified","$0.16"
"10/15/2018","2018","2018","D6","Unverified","$0.22"
"10/22/2018","2018","2017","D6","Q-RIN","$0.16"
"10/22/2018","2018","2017","D6","Unverified","$0.15"
"10/22/2018","2018","2018","D6","Unverified","$0.20"
"10/29/2018","2018","2017","D6","Unverified","$0.13"
"10/29/2018","2018","2018","D6","Unverified","$0.24"
"11/5/2018","2018","2017","D6","Unverified","$0.07"
"11/5/2018","2018","2018","D6","Unverified","$0.16"
"11/12/2018","2018","2017","D6","Unverified","$0.15"
"11/12/2018","2018","2018","D6","Unverified","$0.26"
"11/19/2018","2018","2017","D6","Unverified","$0.08"
"11/19/2018","2018","2018","D6","Q-RIN","$0.38"
"11/19/2018","2018","2018","D6","Unverified","$0.19"
"11/26/2018","2018","2017","D6","Unverified","$0.08"
"11/26/2018","2018","2018","D6","Unverified","$0.15"
"12/3/2018","2018","2017","D6","Unverified","$0.11"
"12/3/2018","2018","2018","D6","Unverified","$0.16"
"12/10/2018","2018","2017","D6","Unverified","$0.10"
"12/10/2018","2018","2018","D6","Q-RIN","$0.22"
"12/10/2018","2018","2018","D6","Unverified","$0.17"
"12/17/2018","2018","2017","D6","Unverified","$0.19"
"12/17/2018","2018","2018","D6","Unverified","$0.25"
"12/24/2018","2018","2017","D6","Unverified","$0.18"
"12/24/2018","2018","2018","D6","Q-RIN","$0.22"
"12/24/2018","2018","2018","D6","Unverified","$0.24"
"12/31/2018","2018","2017","D6","Q-RIN","$0.01"
"12/31/2018","2018","2017","D6","Unverified","$0.05"
"12/31/2018","2018","2018","D6","Q-RIN","$0.20"
"12/31/2018","2018","2018","D6","Unverified","$0.16"
"12/31/2018","2019","2017","D6","Unverified","$0.19"
"12/31/2018","2019","2018","D6","Unverified","$0.20"
"12/31/2018","2019","2019","D6","Unverified","$0.01"
"1/7/2019","2019","2017","D6","Unverified","$0.12"
"1/7/2019","2019","2018","D6","Q-RIN","$0.18"
"1/7/2019","2019","2018","D6","Unverified","$0.18"
"1/7/2019","2019","2019","D6","Unverified","$0.01"
"1/14/2019","2019","2017","D6","Unverified","$0.17"
"1/14/2019","2019","2018","D6","Q-RIN","$0.24"
"1/14/2019","2019","2018","D6","Unverified","$0.17"
"1/14/2019","2019","2019","D6","Unverified","$0.21"
"1/21/2019","2019","2017","D6","Q-RIN","$0.16"
"1/21/2019","2019","2017","D6","Unverified","$0.14"
"1/21/2019","2019","2018","D6","Unverified","$0.19"
"1/21/2019","2019","2019","D6","Unverified","$0.18"
"1/28/2019","2019","2017","D6","Unverified","$0.11"
"1/28/2019","2019","2018","D6","Q-RIN","$0.01"
"1/28/2019","2019","2018","D6","Unverified","$0.19"
"1/28/2019","2019","2019","D6","Unverified","$0.21"
"2/4/2019","2019","2017","D6","Unverified","$0.13"
"2/4/2019","2019","2018","D6","Unverified","$0.18"
"2/4/2019","2019","2019","D6","Unverified","$0.21"
"2/11/2019","2019","2017","D6","Unverified","$0.13"
"2/11/2019","2019","2018","D6","Q-RIN","$0.20"
"2/11/2019","2019","2018","D6","Unverified","$0.18"
"2/11/2019","2019","2019","D6","Unverified","$0.20"
"2/18/2019","2019","2017","D6","Unverified","$0.19"
"2/18/2019","2019","2018","D6","Unverified","$0.24"
"2/18/2019","2019","2019","D6","Unverified","$0.20"
"2/25/2019","2019","2017","D6","Q-RIN","$0.17"
"2/25/2019","2019","2017","D6","Unverified","$0.18"
"2/25/2019","2019","2018","D6","Q-RIN","$0.21"
"2/25/2019","2019","2018","D6","Unverified","$0.19"
"2/25/2019","2019","2019","D6","Unverified","$0.21"
"3/4/2019","2019","2017","D6","Q-RIN","$0.16"
"3/4/2019","2019","2017","D6","Unverified","$0.17"
"3/4/2019","2019","2018","D6","Q-RIN","$1.24"
"3/4/2019","2019","2018","D6","Unverified","$0.15"
"3/4/2019","2019","2019","D6","Unverified","$0.21"
"3/11/2019","2019","2017","D6","Q-RIN","$0.12"
"3/11/2019","2019","2017","D6","Unverified","$0.12"
"3/11/2019","2019","2018","D6","Q-RIN","$0.20"
"3/11/2019","2019","2018","D6","Unverified","$0.17"
"3/11/2019","2019","2019","D6","Unverified","$0.20"
"3/18/2019","2019","2017","D6","Q-RIN","$0.05"
"3/18/2019","2019","2017","D6","Unverified","$0.03"
"3/18/2019","2019","2018","D6","Unverified","$0.17"
"3/18/2019","2019","2019","D6","Unverified","$0.18"
"3/25/2019","2019","2017","D6","Unverified","$0.02"
"3/25/2019","2019","2018","D6","Q-RIN","$0.15"
"3/25/2019","2019","2018","D6","Unverified","$0.15"
"3/25/2019","2019","2019","D6","Unverified","$0.19"
"4/1/2019","2019","2018","D6","Q-RIN","$0.10"
"4/1/2019","2019","2018","D6","Unverified","$0.13"
"4/1/2019","2019","2019","D6","Unverified","$0.18"
"4/8/2019","2019","2018","D6","Unverified","$0.11"
"4/8/2019","2019","2019","D6","Unverified","$0.19"
"4/15/2019","2019","2018","D6","Q-RIN","$0.16"
"4/15/2019","2019","2018","D6","Unverified","$0.12"
"4/15/2019","2019","2019","D6","Unverified","$0.18"
"4/22/2019","2019","2018","D6","Unverified","$0.13"
"4/22/2019","2019","2019","D6","Unverified","$0.16"
"4/29/2019","2019","2018","D6","Unverified","$0.10"
"4/29/2019","2019","2019","D6","Unverified","$0.17"
"5/6/2019","2019","2018","D6","Unverified","$0.12"
"5/6/2019","2019","2019","D6","Unverified","$0.17"
"5/13/2019","2019","2018","D6","Unverified","$0.15"
"5/13/2019","2019","2019","D6","Unverified","$0.17"
"5/20/2019","2019","2018","D6","Unverified","$0.09"
"5/20/2019","2019","2019","D6","Unverified","$0.19"
"5/27/2019","2019","2018","D6","Q-RIN","$0.10"
"5/27/2019","2019","2018","D6","Unverified","$0.10"
"5/27/2019","2019","2019","D6","Unverified","$0.16"
"6/3/2019","2019","2018","D6","Q-RIN","$0.18"
"6/3/2019","2019","2018","D6","Unverified","$0.14"
"6/3/2019","2019","2019","D6","Unverified","$0.17"
"6/10/2019","2019","2018","D6","Unverified","$0.14"
"6/10/2019","2019","2019","D6","Unverified","$0.16"
"6/17/2019","2019","2018","D6","Unverified","$0.12"
"6/17/2019","2019","2019","D6","Unverified","$0.17"
"6/24/2019","2019","2018","D6","Q-RIN","$0.17"
"6/24/2019","2019","2018","D6","Unverified","$0.17"
"6/24/2019","2019","2019","D6","Unverified","$0.18"
"7/1/2019","2019","2018","D6","Q-RIN","$0.10"
"7/1/2019","2019","2018","D6","Unverified","$0.12"
"7/1/2019","2019","2019","D6","Unverified","$0.18"
"7/8/2019","2019","2018","D6","Unverified","$0.20"
"7/8/2019","2019","2019","D6","Unverified","$0.19"
"7/15/2019","2019","2018","D6","Unverified","$0.14"
"7/15/2019","2019","2019","D6","Unverified","$0.19"
"7/22/2019","2019","2018","D6","Unverified","$0.18"
"7/22/2019","2019","2019","D6","Q-RIN","$0.26"
"7/22/2019","2019","2019","D6","Unverified","$0.20"
"7/29/2019","2019","2018","D6","Unverified","$0.17"
"7/29/2019","2019","2019","D6","Unverified","$0.20"
"8/5/2019","2019","2018","D6","Unverified","$0.17"
"8/5/2019","2019","2019","D6","Unverified","$0.22"
"8/12/2019","2019","2018","D6","Unverified","$0.06"
"8/12/2019","2019","2019","D6","Unverified","$0.21"
"8/19/2019","2019","2018","D6","Unverified","$0.08"
"8/19/2019","2019","2019","D6","Unverified","$0.22"
"8/26/2019","2019","2018","D6","Unverified","$0.11"
"8/26/2019","2019","2019","D6","Unverified","$0.17"
"9/2/2019","2019","2018","D6","Unverified","$0.14"
"9/2/2019","2019","2019","D6","Unverified","$0.17"
"9/9/2019","2019","2018","D6","Unverified","$0.09"
"9/9/2019","2019","2019","D6","Unverified","$0.17"
"9/16/2019","2019","2018","D6","Unverified","$0.11"
"9/16/2019","2019","2019","D6","Q-RIN","$0.21"
"9/16/2019","2019","2019","D6","Unverified","$0.18"
"9/23/2019","2019","2018","D6","Q-RIN","$0.04"
"9/23/2019","2019","2018","D6","Unverified","$0.13"
"9/23/2019","2019","2019","D6","Unverified","$0.18"
"9/30/2019","2019","2018","D6","Unverified","$0.11"
"9/30/2019","2019","2019","D6","Q-RIN","$0.19"
"9/30/2019","2019","2019","D6","Unverified","$0.18"
"10/7/2019","2019","2018","D6","Unverified","$0.10"
"10/7/2019","2019","2019","D6","Unverified","$0.20"
"10/14/2019","2019","2018","D6","Unverified","$0.10"
"10/14/2019","2019","2019","D6","Unverified","$0.18"
"10/21/2019","2019","2018","D6","Unverified","$0.11"
"10/21/2019","2019","2019","D6","Q-RIN","$0.16"
"10/21/2019","2019","2019","D6","Unverified","$0.20"
"10/28/2019","2019","2018","D6","Unverified","$0.09"
"10/28/2019","2019","2019","D6","Unverified","$0.19"
"11/4/2019","2019","2018","D6","Unverified","$0.12"
"11/4/2019","2019","2019","D6","Unverified","$0.17"
"11/11/2019","2019","2018","D6","Unverified","$0.08"
"11/11/2019","2019","2019","D6","Q-RIN","$0.12"
"11/11/2019","2019","2019","D6","Unverified","$0.17"
"11/18/2019","2019","2018","D6","Unverified","$0.07"
"11/18/2019","2019","2019","D6","Q-RIN","$0.20"
"11/18/2019","2019","2019","D6","Unverified","$0.15"
"11/25/2019","2019","2018","D6","Unverified","$0.07"
"11/25/2019","2019","2019","D6","Unverified","$0.15"
"12/2/2019","2019","2018","D6","Q-RIN","$0.05"
"12/2/2019","2019","2018","D6","Unverified","$0.07"
"12/2/2019","2019","2019","D6","Q-RIN","$0.17"
"12/2/2019","2019","2019","D6","Unverified","$0.17"
"12/9/2019","2019","2018","D6","Unverified","$0.09"
"12/9/2019","2019","2019","D6","Unverified","$0.16"
"12/16/2019","2019","2018","D6","Unverified","$0.08"
"12/16/2019","2019","2019","D6","Unverified","$0.15"
"12/23/2019","2019","2018","D6","Unverified","$0.08"
"12/23/2019","2019","2019","D6","Unverified","$0.15"
"12/30/2019","2019","2018","D6","Unverified","$0.08"
"12/30/2019","2019","2019","D6","Unverified","$0.16"
"12/30/2019","2020","2018","D6","Unverified","$0.05"
"12/30/2019","2020","2019","D6","Unverified","$0.20"
"12/30/2019","2020","2020","D6","Unverified","$0.16"
"1/6/2020","2020","2018","D6","Unverified","$0.06"
"1/6/2020","2020","2019","D6","Q-RIN","$0.12"
"1/6/2020","2020","2019","D6","Unverified","$0.13"
"1/6/2020","2020","2020","D6","Unverified","$0.20"
"1/13/2020","2020","2018","D6","Unverified","$0.09"
"1/13/2020","2020","2019","D6","Unverified","$0.12"
"1/13/2020","2020","2020","D6","Unverified","$0.21"
"1/20/2020","2020","2018","D6","Unverified","$0.07"
"1/20/2020","2020","2019","D6","Q-RIN","$0.09"
"1/20/2020","2020","2019","D6","Unverified","$0.12"
"1/20/2020","2020","2020","D6","Unverified","$0.20"
"1/27/2020","2020","2018","D6","Unverified","$0.08"
"1/27/2020","2020","2019","D6","Q-RIN","$0.12"
"1/27/2020","2020","2019","D6","Unverified","$0.12"
"1/27/2020","2020","2020","D6","Unverified","$0.19"
"2/3/2020","2020","2018","D6","Q-RIN","$0.13"
"2/3/2020","2020","2018","D6","Unverified","$0.12"
"2/3/2020","2020","2019","D6","Unverified","$0.15"
"2/3/2020","2020","2020","D6","Unverified","$0.20"
"2/10/2020","2020","2018","D6","Unverified","$0.10"
"2/10/2020","2020","2019","D6","Unverified","$0.18"
"2/10/2020","2020","2020","D6","Unverified","$0.22"
"2/17/2020","2020","2018","D6","Unverified","$0.20"
"2/17/2020","2020","2019","D6","Q-RIN","$0.17"
"2/17/2020","2020","2019","D6","Unverified","$0.18"
"2/17/2020","2020","2020","D6","Unverified","$0.22"
"2/24/2020","2020","2018","D6","Unverified","$0.21"
"2/24/2020","2020","2019","D6","Q-RIN","$0.13"
"2/24/2020","2020","2019","D6","Unverified","$0.19"
"2/24/2020","2020","2020","D6","Unverified","$0.24"
"3/2/2020","2020","2018","D6","Unverified","$0.28"
"3/2/2020","2020","2019","D6","Q-RIN","$0.32"
"3/2/2020","2020","2019","D6","Unverified","$0.26"
"3/2/2020","2020","2020","D6","Q-RIN","$0.30"
"3/2/2020","2020","2020","D6","Unverified","$0.27"
"3/9/2020","2020","2018","D6","Unverified","$0.26"
"3/9/2020","2020","2019","D6","Q-RIN","$0.33"
"3/9/2020","2020","2019","D6","Unverified","$0.25"
"3/9/2020","2020","2020","D6","Unverified","$0.29"
"3/16/2020","2020","2018","D6","Q-RIN","$0.26"
"3/16/2020","2020","2018","D6","Unverified","$0.14"
"3/16/2020","2020","2019","D6","Q-RIN","$0.19"
"3/16/2020","2020","2019","D6","Unverified","$0.24"
"3/16/2020","2020","2020","D6","Unverified","$0.27"
"3/23/2020","2020","2018","D6","Q-RIN","$0.13"
"3/23/2020","2020","2018","D6","Unverified","$0.08"
"3/23/2020","2020","2019","D6","Q-RIN","$0.29"
"3/23/2020","2020","2019","D6","Unverified","$0.28"
"3/23/2020","2020","2020","D6","Q-RIN","$0.20"
"3/23/2020","2020","2020","D6","Unverified","$0.27"
"3/30/2020","2020","2018","D6","Q-RIN","$0.20"
"3/30/2020","2020","2018","D6","Unverified","$0.19"
"3/30/2020","2020","2019","D6","Q-RIN","$0.29"
"3/30/2020","2020","2019","D6","Unverified","$0.23"
"3/30/2020","2020","2020","D6","Q-RIN","$0.26"
"3/30/2020","2020","2020","D6","Unverified","$0.28"
"4/6/2020","2020","2019","D6","Q-RIN","$0.25"
"4/6/2020","2020","2019","D6","Unverified","$0.21"
"4/6/2020","2020","2020","D6","Unverified","$0.28"
"4/13/2020","2020","2019","D6","Q-RIN","$0.24"
"4/13/2020","2020","2019","D6","Unverified","$0.22"
"4/13/2020","2020","2020","D6","Q-RIN","$0.22"
"4/13/2020","2020","2020","D6","Unverified","$0.27"
"4/20/2020","2020","2019","D6","Unverified","$0.23"
"4/20/2020","2020","2020","D6","Unverified","$0.29"
"4/27/2020","2020","2019","D6","Unverified","$0.27"
"4/27/2020","2020","2020","D6","Q-RIN","$0.23"
"4/27/2020","2020","2020","D6","Unverified","$0.30"
"5/4/2020","2020","2019","D6","Unverified","$0.32"
"5/4/2020","2020","2020","D6","Unverified","$0.32"
"5/11/2020","2020","2019","D6","Unverified","$0.30"
"5/11/2020","2020","2020","D6","Unverified","$0.34"
"5/18/2020","2020","2019","D6","Unverified","$0.33"
"5/18/2020","2020","2020","D6","Unverified","$0.33"
"5/25/2020","2020","2019","D6","Unverified","$0.32"
"5/25/2020","2020","2020","D6","Unverified","$0.34"
"6/1/2020","2020","2019","D6","Unverified","$0.32"
"6/1/2020","2020","2020","D6","Unverified","$0.39"
"6/8/2020","2020","2019","D6","Q-RIN","$0.32"
"6/8/2020","2020","2019","D6","Unverified","$0.37"
"6/8/2020","2020","2020","D6","Unverified","$0.36"
"6/15/2020","2020","2019","D6","Unverified","$0.35"
"6/15/2020","2020","2020","D6","Unverified","$0.38"
"6/22/2020","2020","2019","D6","Q-RIN","$0.16"
"6/22/2020","2020","2019","D6","Unverified","$0.41"
"6/22/2020","2020","2020","D6","Unverified","$0.39"
"6/29/2020","2020","2019","D6","Unverified","$0.36"
"6/29/2020","2020","2020","D6","Q-RIN","$0.45"
"6/29/2020","2020","2020","D6","Unverified","$0.37"
"7/6/2020","2020","2019","D6","Unverified","$0.32"
"7/6/2020","2020","2020","D6","Unverified","$0.36"
"7/13/2020","2020","2019","D6","Q-RIN","$0.31"
"7/13/2020","2020","2019","D6","Unverified","$0.38"
"7/13/2020","2020","2020","D6","Q-RIN","$0.46"
"7/13/2020","2020","2020","D6","Unverified","$0.36"
"7/20/2020","2020","2019","D6","Q-RIN","$0.45"
"7/20/2020","2020","2019","D6","Unverified","$0.41"
"7/20/2020","2020","2020","D6","Unverified","$0.42"
"7/27/2020","2020","2019","D6","Q-RIN","$0.46"
"7/27/2020","2020","2019","D6","Unverified","$0.44"
"7/27/2020","2020","2020","D6","Unverified","$0.43"
"8/3/2020","2020","2019","D6","Unverified","$0.42"
"8/3/2020","2020","2020","D6","Unverified","$0.42"
"8/10/2020","2020","2019","D6","Unverified","$0.36"
"8/10/2020","2020","2020","D6","Unverified","$0.40"
"8/17/2020","2020","2019","D6","Unverified","$0.39"
"8/17/2020","2020","2020","D6","Unverified","$0.43"
"8/24/2020","2020","2019","D6","Q-RIN","$0.28"
"8/24/2020","2020","2019","D6","Unverified","$0.37"
"8/24/2020","2020","2020","D6","Unverified","$0.45"
"8/31/2020","2020","2019","D6","Q-RIN","$0.45"
"8/31/2020","2020","2019","D6","Unverified","$0.36"
"8/31/2020","2020","2020","D6","Unverified","$0.40"
"9/7/2020","2020","2019","D6","Unverified","$0.31"
"9/7/2020","2020","2020","D6","Unverified","$0.42"
"9/14/2020","2020","2019","D6","Unverified","$0.40"
"9/14/2020","2020","2020","D6","Unverified","$0.44"
"9/21/2020","2020","2019","D6","Q-RIN","$0.45"
"9/21/2020","2020","2019","D6","Unverified","$0.38"
"9/21/2020","2020","2020","D6","Unverified","$0.45"
"9/28/2020","2020","2019","D6","Unverified","$0.33"
"9/28/2020","2020","2020","D6","Unverified","$0.44"
"10/5/2020","2020","2019","D6","Q-RIN","$0.19"
"10/5/2020","2020","2019","D6","Unverified","$0.45"
"10/5/2020","2020","2020","D6","Unverified","$0.42"
"10/12/2020","2020","2019","D6","Q-RIN","$0.51"
"10/12/2020","2020","2019","D6","Unverified","$0.42"
"10/12/2020","2020","2020","D6","Unverified","$0.46"
"10/19/2020","2020","2019","D6","Unverified","$0.45"
"10/19/2020","2020","2020","D6","Unverified","$0.47"
"10/26/2020","2020","2019","D6","Q-RIN","$0.56"
"10/26/2020","2020","2019","D6","Unverified","$0.40"
"10/26/2020","2020","2020","D6","Unverified","$0.51"
"11/2/2020","2020","2019","D6","Unverified","$0.37"
"11/2/2020","2020","2020","D6","Unverified","$0.45"
"11/9/2020","2020","2019","D6","Q-RIN","$0.72"
"11/9/2020","2020","2019","D6","Unverified","$0.30"
"11/9/2020","2020","2020","D6","Unverified","$0.50"
"11/16/2020","2020","2019","D6","Unverified","$0.48"
"11/16/2020","2020","2020","D6","Unverified","$0.53"
"11/23/2020","2020","2019","D6","Unverified","$0.60"
"11/23/2020","2020","2020","D6","Unverified","$0.59"
"11/30/2020","2020","2019","D6","Q-RIN","$0.48"
"11/30/2020","2020","2019","D6","Unverified","$0.49"
"11/30/2020","2020","2020","D6","Unverified","$0.57"
"12/7/2020","2020","2019","D6","Q-RIN","$0.67"
"12/7/2020","2020","2019","D6","Unverified","$0.48"
"12/7/2020","2020","2020","D6","Unverified","$0.58"
"12/14/2020","2020","2019","D6","Unverified","$0.62"
"12/14/2020","2020","2020","D6","Q-RIN","$0.71"
"12/14/2020","2020","2020","D6","Unverified","$0.56"
"12/21/2020","2020","2019","D6","Unverified","$0.42"
"12/21/2020","2020","2020","D6","Unverified","$0.62"
"12/28/2020","2020","2019","D6","Unverified","$0.43"
"12/28/2020","2020","2020","D6","Unverified","$0.54"
"12/28/2020","2021","2020","D6","Unverified","$0.71"
"1/4/2021","2021","2019","D6","Q-RIN","$0.43"
"1/4/2021","2021","2019","D6","Unverified","$0.69"
"1/4/2021","2021","2020","D6","Unverified","$0.74"
"1/4/2021","2021","2021","D6","Unverified","$0.74"
"1/11/2021","2021","2019","D6","Unverified","$0.61"
"1/11/2021","2021","2020","D6","Q-RIN","$0.64"
"1/11/2021","2021","2020","D6","Unverified","$0.74"
"1/11/2021","2021","2021","D6","Unverified","$0.72"
"1/18/2021","2021","2019","D6","Unverified","$0.77"
"1/18/2021","2021","2020","D6","Q-RIN","$0.76"
"1/18/2021","2021","2020","D6","Unverified","$0.76"
"1/18/2021","2021","2021","D6","Unverified","$0.79"
"1/25/2021","2021","2019","D6","Q-RIN","$0.68"
"1/25/2021","2021","2019","D6","Unverified","$0.61"
"1/25/2021","2021","2020","D6","Q-RIN","$0.94"
"1/25/2021","2021","2020","D6","Unverified","$0.75"
"1/25/2021","2021","2021","D6","Unverified","$0.80"
"2/1/2021","2021","2019","D6","Unverified","$0.52"
"2/1/2021","2021","2020","D6","Unverified","$0.89"
"2/1/2021","2021","2021","D6","Unverified","$0.81"
"2/8/2021","2021","2019","D6","Unverified","$0.74"
"2/8/2021","2021","2020","D6","Unverified","$0.83"
"2/8/2021","2021","2021","D6","Unverified","$0.84"
"2/15/2021","2021","2019","D6","Q-RIN","$0.45"
"2/15/2021","2021","2019","D6","Unverified","$0.45"
"2/15/2021","2021","2020","D6","Unverified","$0.73"
"2/15/2021","2021","2021","D6","Unverified","$0.84"
"2/22/2021","2021","2019","D6","Unverified","$0.88"
"2/22/2021","2021","2020","D6","Unverified","$0.79"
"2/22/2021","2021","2021","D6","Unverified","$0.93"
"3/1/2021","2021","2019","D6","Q-RIN","$0.94"
"3/1/2021","2021","2019","D6","Unverified","$0.94"
"3/1/2021","2021","2020","D6","Q-RIN","$1.01"
"3/1/2021","2021","2020","D6","Unverified","$1.02"
"3/1/2021","2021","2021","D6","Unverified","$0.98"
"3/8/2021","2021","2019","D6","Q-RIN","$0.99"
"3/8/2021","2021","2019","D6","Unverified","$0.95"
"3/8/2021","2021","2020","D6","Unverified","$0.91"
"3/8/2021","2021","2021","D6","Unverified","$1.00"
"3/15/2021","2021","2019","D6","Q-RIN","$0.82"
"3/15/2021","2021","2019","D6","Unverified","$0.91"
"3/15/2021","2021","2020","D6","Unverified","$1.02"
"3/15/2021","2021","2021","D6","Unverified","$0.99"
"3/22/2021","2021","2019","D6","Q-RIN","$1.01"
"3/22/2021","2021","2019","D6","Unverified","$1.00"
"3/22/2021","2021","2020","D6","Q-RIN","$1.28"
"3/22/2021","2021","2020","D6","Unverified","$1.00"
"3/22/2021","2021","2021","D6","Q-RIN","$1.58"
"3/22/2021","2021","2021","D6","Unverified","$0.99"
"3/29/2021","2021","2019","D6","Q-RIN","$1.33"
"3/29/2021","2021","2019","D6","Unverified","$1.33"
"3/29/2021","2021","2020","D6","Q-RIN","$1.20"
"3/29/2021","2021","2020","D6","Unverified","$1.09"
"3/29/2021","2021","2021","D6","Unverified","$1.08"
"4/5/2021","2021","2018","D6","Unverified","$0.99"
"4/5/2021","2021","2020","D6","Unverified","$1.02"
"4/5/2021","2021","2021","D6","Unverified","$1.15"
"4/12/2021","2021","2020","D6","Unverified","$1.08"
"4/12/2021","2021","2021","D6","Unverified","$1.17"
"4/19/2021","2021","2020","D6","Unverified","$1.19"
"4/19/2021","2021","2021","D6","Unverified","$1.24"
"4/26/2021","2021","2019","D6","Q-RIN","$1.25"
"4/26/2021","2021","2019","D6","Unverified","$1.25"
"4/26/2021","2021","2020","D6","Unverified","$1.28"
"4/26/2021","2021","2021","D6","Unverified","$1.22"
"5/3/2021","2021","2019","D6","Q-RIN","$1.30"
"5/3/2021","2021","2019","D6","Unverified","$1.30"
"5/3/2021","2021","2020","D6","Unverified","$1.21"
"5/3/2021","2021","2021","D6","Unverified","$1.31"
"5/10/2021","2021","2020","D6","Unverified","$1.26"
"5/10/2021","2021","2021","D6","Unverified","$1.31"
"5/17/2021","2021","2020","D6","Unverified","$1.58"
"5/17/2021","2021","2021","D6","Unverified","$1.40"
"5/24/2021","2021","2019","D6","Unverified","$1.73"
"5/24/2021","2021","2020","D6","Unverified","$1.78"
"5/24/2021","2021","2021","D6","Unverified","$1.43"
"5/31/2021","2021","2020","D6","Unverified","$1.39"
"5/31/2021","2021","2021","D6","Unverified","$1.31"
"6/7/2021","2021","2020","D6","Unverified","$1.44"
"6/7/2021","2021","2021","D6","Unverified","$1.44"
"6/14/2021","2021","2020","D6","Unverified","$1.72"
"6/14/2021","2021","2021","D6","Unverified","$1.37"
"6/21/2021","2021","2020","D6","Unverified","$1.54"
"6/21/2021","2021","2021","D6","Unverified","$1.49"
"6/28/2021","2021","2019","D6","Unverified","$1.36"
"6/28/2021","2021","2020","D6","Q-RIN","$1.36"
"6/28/2021","2021","2020","D6","Unverified","$1.47"
"6/28/2021","2021","2021","D6","Unverified","$1.29"
"7/5/2021","2021","2020","D6","Unverified","$1.92"
"7/5/2021","2021","2021","D6","Unverified","$1.35"
"7/12/2021","2021","2019","D6","Unverified","$1.39"
"7/12/2021","2021","2020","D6","Unverified","$1.48"
"7/12/2021","2021","2021","D6","Unverified","$1.56"
"7/19/2021","2021","2020","D6","Unverified","$1.47"
"7/19/2021","2021","2021","D6","Unverified","$1.50"
"7/26/2021","2021","2019","D6","Unverified","$1.53"
"7/26/2021","2021","2020","D6","Unverified","$1.43"
"7/26/2021","2021","2021","D6","Unverified","$1.48"
"8/2/2021","2021","2020","D6","Unverified","$1.57"
"8/2/2021","2021","2021","D6","Unverified","$1.51"
"8/9/2021","2021","2020","D6","Unverified","$1.48"
"8/9/2021","2021","2021","D6","Unverified","$1.41"
"8/16/2021","2021","2020","D6","Unverified","$1.67"
"8/16/2021","2021","2021","D6","Unverified","$1.59"
"8/23/2021","2021","2021","D6","Unverified","$1.50"
"8/30/2021","2021","2020","D6","Unverified","$1.51"
"8/30/2021","2021","2021","D6","Unverified","$1.46"
"9/6/2021","2021","2020","D6","Q-RIN","$1.37"
"9/6/2021","2021","2020","D6","Unverified","$1.50"
"9/6/2021","2021","2021","D6","Unverified","$1.42"
"9/13/2021","2021","2020","D6","Unverified","$1.37"
"9/13/2021","2021","2021","D6","Unverified","$1.41"
"9/20/2021","2021","2019","D6","Unverified","$1.26"
"9/20/2021","2021","2020","D6","Unverified","$1.49"
"9/20/2021","2021","2021","D6","Unverified","$1.34"
"9/27/2021","2021","2020","D6","Q-RIN","$1.17"
"9/27/2021","2021","2020","D6","Unverified","$1.43"
"9/27/2021","2021","2021","D6","Unverified","$1.41"
"10/4/2021","2021","2020","D6","Unverified","$1.42"
"10/4/2021","2021","2021","D6","Unverified","$1.41"
"10/11/2021","2021","2020","D6","Unverified","$1.18"
"10/11/2021","2021","2021","D6","Unverified","$1.37"
"10/18/2021","2021","2019","D6","Unverified","$0.93"
"10/18/2021","2021","2020","D6","Unverified","$1.12"
"10/18/2021","2021","2021","D6","Unverified","$1.45"
"10/25/2021","2021","2018","D6","Unverified","$1.14"
"10/25/2021","2021","2019","D6","Unverified","$1.00"
"10/25/2021","2021","2020","D6","Q-RIN","$1.20"
"10/25/2021","2021","2020","D6","Unverified","$1.18"
"10/25/2021","2021","2021","D6","Unverified","$1.38"
"11/1/2021","2021","2019","D6","Q-RIN","$1.10"
"11/1/2021","2021","2019","D6","Unverified","$1.10"
"11/1/2021","2021","2020","D6","Q-RIN","$1.10"
"11/1/2021","2021","2020","D6","Unverified","$1.10"
"11/1/2021","2021","2021","D6","Unverified","$1.33"
"11/8/2021","2021","2020","D6","Unverified","$1.12"
"11/8/2021","2021","2021","D6","Unverified","$1.32"
"11/15/2021","2021","2020","D6","Q-RIN","$0.86"
"11/15/2021","2021","2020","D6","Unverified","$1.06"
"11/15/2021","2021","2021","D6","Unverified","$1.28"
"11/22/2021","2021","2020","D6","Unverified","$1.08"
"11/22/2021","2021","2021","D6","Unverified","$1.29"
"11/29/2021","2021","2020","D6","Unverified","$1.38"
"11/29/2021","2021","2021","D6","Unverified","$1.28"
"12/6/2021","2021","2020","D6","Unverified","$1.26"
"12/6/2021","2021","2021","D6","Unverified","$1.32"
"12/13/2021","2021","2020","D6","Unverified","$1.11"
"12/13/2021","2021","2021","D6","Unverified","$1.25"
"12/20/2021","2021","2019","D6","Unverified","$0.99"
"12/20/2021","2021","2020","D6","Unverified","$0.96"
"12/20/2021","2021","2021","D6","Unverified","$1.15"
"12/27/2021","2021","2019","D6","Unverified","$1.10"
"12/27/2021","2021","2020","D6","Q-RIN","$0.90"
"12/27/2021","2021","2020","D6","Unverified","$1.23"
"12/27/2021","2021","2021","D6","Unverified","$1.20"
"12/27/2021","2022","2021","D6","Unverified","$1.01"
"12/27/2021","2022","2022","D6","Unverified","$1.11"
"1/3/2022","2022","2020","D6","Unverified","$1.03"
"1/3/2022","2022","2021","D6","Unverified","$1.23"
"1/3/2022","2022","2022","D6","Unverified","$1.24"
"1/10/2022","2022","2020","D6","Unverified","$1.15"
"1/10/2022","2022","2021","D6","Q-RIN","$0.90"
"1/10/2022","2022","2021","D6","Unverified","$1.08"
"1/10/2022","2022","2022","D6","Unverified","$1.23"
"1/17/2022","2022","2019","D6","Unverified","$1.19"
"1/17/2022","2022","2020","D6","Unverified","$1.01"
"1/17/2022","2022","2021","D6","Unverified","$1.09"
"1/17/2022","2022","2022","D6","Unverified","$1.15"
"1/24/2022","2022","2020","D6","Unverified","$1.52"
"1/24/2022","2022","2021","D6","Q-RIN","$1.09"
"1/24/2022","2022","2021","D6","Unverified","$1.18"
"1/24/2022","2022","2022","D6","Unverified","$1.05"
"1/31/2022","2022","2020","D6","Unverified","$1.00"
"1/31/2022","2022","2021","D6","Unverified","$1.15"
"1/31/2022","2022","2022","D6","Unverified","$1.07"
"2/7/2022","2022","2021","D6","Unverified","$1.11"
"2/7/2022","2022","2022","D6","Unverified","$1.14"
"2/14/2022","2022","2020","D6","Unverified","$1.24"
"2/14/2022","2022","2021","D6","Unverified","$1.14"
"2/14/2022","2022","2022","D6","Unverified","$1.11"
"2/21/2022","2022","2020","D6","Unverified","$1.13"
"2/21/2022","2022","2021","D6","Unverified","$1.15"
"2/21/2022","2022","2022","D6","Unverified","$1.12"
"2/28/2022","2022","2020","D6","Unverified","$1.08"
"2/28/2022","2022","2021","D6","Unverified","$1.13"
"2/28/2022","2022","2022","D6","Unverified","$1.19"
"3/7/2022","2022","2020","D6","Unverified","$1.15"
"3/7/2022","2022","2021","D6","Unverified","$1.12"
"3/7/2022","2022","2022","D6","Unverified","$1.16"
"3/14/2022","2022","2020","D6","Unverified","$1.15"
"3/14/2022","2022","2021","D6","Unverified","$1.12"
"3/14/2022","2022","2022","D6","Unverified","$1.14"
"3/21/2022","2022","2019","D6","Q-RIN","$1.13"
"3/21/2022","2022","2020","D6","Unverified","$1.16"
"3/21/2022","2022","2021","D6","Unverified","$1.08"
"3/21/2022","2022","2022","D6","Unverified","$1.15"
"3/28/2022","2022","2020","D6","Unverified","$1.09"
"3/28/2022","2022","2021","D6","Q-RIN","$1.14"
"3/28/2022","2022","2021","D6","Unverified","$1.11"
"3/28/2022","2022","2022","D6","Unverified","$1.14"
"4/4/2022","2022","2020","D6","Q-RIN","$1.14"
"4/4/2022","2022","2020","D6","Unverified","$1.16"
"4/4/2022","2022","2021","D6","Unverified","$1.14"
"4/4/2022","2022","2022","D6","Unverified","$1.14"
"4/11/2022","2022","2021","D6","Unverified","$1.15"
"4/11/2022","2022","2022","D6","Unverified","$1.17"
"4/18/2022","2022","2021","D6","Unverified","$1.16"
"4/18/2022","2022","2022","D6","Unverified","$1.21"
"4/25/2022","2022","2020","D6","Unverified","$1.22"
"4/25/2022","2022","2021","D6","Unverified","$1.29"
"4/25/2022","2022","2022","D6","Unverified","$1.22"
"5/2/2022","2022","2021","D6","Unverified","$1.28"
"5/2/2022","2022","2022","D6","Unverified","$1.28"
"5/9/2022","2022","2020","D6","Unverified","$1.55"
"5/9/2022","2022","2021","D6","Unverified","$1.18"
"5/9/2022","2022","2022","D6","Unverified","$1.30"
"5/16/2022","2022","2021","D6","Unverified","$1.25"
"5/16/2022","2022","2022","D6","Unverified","$1.22"
"5/23/2022","2022","2020","D6","Unverified","$1.64"
"5/23/2022","2022","2021","D6","Unverified","$1.15"
"5/23/2022","2022","2022","D6","Unverified","$1.34"
"5/30/2022","2022","2021","D6","Unverified","$1.28"
"5/30/2022","2022","2022","D6","Unverified","$1.36"
"6/6/2022","2022","2020","D6","Unverified","$1.65"
"6/6/2022","2022","2021","D6","Q-RIN","$1.67"
"6/6/2022","2022","2021","D6","Unverified","$1.24"
"6/6/2022","2022","2022","D6","Unverified","$1.35"
"6/13/2022","2022","2020","D6","Unverified","$1.55"
"6/13/2022","2022","2021","D6","Q-RIN","$1.54"
"6/13/2022","2022","2021","D6","Unverified","$1.19"
"6/13/2022","2022","2022","D6","Unverified","$1.29"
"6/20/2022","2022","2021","D6","Unverified","$1.11"
"6/20/2022","2022","2022","D6","Unverified","$1.35"
"6/27/2022","2022","2020","D6","Unverified","$1.40"
"6/27/2022","2022","2021","D6","Unverified","$1.21"
"6/27/2022","2022","2022","D6","Unverified","$1.28"
"7/4/2022","2022","2021","D6","Unverified","$1.23"
"7/4/2022","2022","2022","D6","Unverified","$1.40"
"7/11/2022","2022","2021","D6","Unverified","$1.24"
"7/11/2022","2022","2022","D6","Unverified","$1.42"
"7/18/2022","2022","2021","D6","Unverified","$1.42"
"7/18/2022","2022","2022","D6","Unverified","$1.42"
"7/25/2022","2022","2021","D6","Unverified","$1.35"
"7/25/2022","2022","2022","D6","Unverified","$1.45"
"8/1/2022","2022","2019","D6","Unverified","$1.00"
"8/1/2022","2022","2020","D6","Unverified","$1.52"
"8/1/2022","2022","2021","D6","Unverified","$1.47"
"8/1/2022","2022","2022","D6","Unverified","$1.43"
"8/8/2022","2022","2020","D6","Unverified","$1.45"
"8/8/2022","2022","2021","D6","Unverified","$1.27"
"8/8/2022","2022","2022","D6","Unverified","$1.51"
"8/15/2022","2022","2019","D6","Unverified","$1.54"
"8/15/2022","2022","2020","D6","Unverified","$1.51"
"8/15/2022","2022","2021","D6","Unverified","$1.31"
"8/15/2022","2022","2022","D6","Unverified","$1.49"
"8/22/2022","2022","2020","D6","Unverified","$1.50"
"8/22/2022","2022","2021","D6","Unverified","$1.23"
"8/22/2022","2022","2022","D6","Unverified","$1.54"
"8/29/2022","2022","2020","D6","Unverified","$1.65"
"8/29/2022","2022","2021","D6","Unverified","$1.33"
"8/29/2022","2022","2022","D6","Unverified","$1.56"
"9/5/2022","2022","2019","D6","Unverified","$1.61"
"9/5/2022","2022","2020","D6","Unverified","$1.46"
"9/5/2022","2022","2021","D6","Unverified","$1.41"
"9/5/2022","2022","2022","D6","Unverified","$1.53"
"9/12/2022","2022","2019","D6","Unverified","$1.64"
"9/12/2022","2022","2020","D6","Unverified","$1.65"
"9/12/2022","2022","2021","D6","Unverified","$1.56"
"9/12/2022","2022","2022","D6","Unverified","$1.52"
"9/19/2022","2022","2019","D6","Unverified","$1.63"
"9/19/2022","2022","2020","D6","Unverified","$1.60"
"9/19/2022","2022","2021","D6","Unverified","$1.61"
"9/19/2022","2022","2022","D6","Unverified","$1.55"
"9/26/2022","2022","2019","D6","Unverified","$1.60"
"9/26/2022","2022","2020","D6","Unverified","$1.62"
"9/26/2022","2022","2021","D6","Unverified","$1.40"
"9/26/2022","2022","2022","D6","Unverified","$1.53"
"10/3/2022","2022","2020","D6","Unverified","$1.61"
"10/3/2022","2022","2021","D6","Unverified","$1.60"
"10/3/2022","2022","2022","D6","Unverified","$1.56"
"10/10/2022","2022","2020","D6","Unverified","$1.60"
"10/10/2022","2022","2021","D6","Unverified","$1.56"
"10/10/2022","2022","2022","D6","Unverified","$1.58"
"10/17/2022","2022","2020","D6","Unverified","$1.62"
"10/17/2022","2022","2021","D6","Unverified","$1.58"
"10/17/2022","2022","2022","D6","Unverified","$1.59"
"10/24/2022","2022","2019","D6","Unverified","$1.59"
"10/24/2022","2022","2020","D6","Unverified","$1.32"
"10/24/2022","2022","2021","D6","Unverified","$1.61"
"10/24/2022","2022","2022","D6","Unverified","$1.61"
"10/31/2022","2022","2020","D6","Unverified","$1.68"
"10/31/2022","2022","2021","D6","Q-RIN","$1.66"
"10/31/2022","2022","2021","D6","Unverified","$1.65"
"10/31/2022","2022","2022","D6","Unverified","$1.60"
"11/7/2022","2022","2020","D6","Unverified","$1.72"
"11/7/2022","2022","2021","D6","Unverified","$1.73"
"11/7/2022","2022","2022","D6","Unverified","$1.61"
"11/14/2022","2022","2019","D6","Unverified","$1.72"
"11/14/2022","2022","2020","D6","Unverified","$1.76"
"11/14/2022","2022","2021","D6","Unverified","$1.57"
"11/14/2022","2022","2022","D6","Unverified","$1.63"
"11/21/2022","2022","2019","D6","Unverified","$1.78"
"11/21/2022","2022","2020","D6","Unverified","$1.68"
"11/21/2022","2022","2021","D6","Unverified","$1.61"
"11/21/2022","2022","2022","D6","Unverified","$1.69"
"11/28/2022","2022","2019","D6","Unverified","$1.80"
"11/28/2022","2022","2020","D6","Unverified","$1.82"
"11/28/2022","2022","2021","D6","Unverified","$1.73"
"11/28/2022","2022","2022","D6","Unverified","$1.68"
"12/5/2022","2022","2021","D6","Unverified","$1.69"
"12/5/2022","2022","2022","D6","Unverified","$1.65"
"12/12/2022","2022","2021","D6","Unverified","$1.66"
"12/12/2022","2022","2022","D6","Unverified","$1.64"
"12/19/2022","2022","2021","D6","Unverified","$1.68"
"12/19/2022","2022","2022","D6","Unverified","$1.60"
"12/26/2022","2022","2021","D6","Unverified","$1.61"
"12/26/2022","2022","2022","D6","Unverified","$1.63"
"12/26/2022","2023","2022","D6","Unverified","$1.54"
"12/26/2022","2023","2023","D6","Unverified","$1.65"
"1/2/2023","2023","2021","D6","Q-RIN","$1.69"
"1/2/2023","2023","2021","D6","Unverified","$1.64"
"1/2/2023","2023","2022","D6","Unverified","$1.65"
"1/2/2023","2023","2023","D6","Unverified","$1.70"
"1/9/2023","2023","2021","D6","Unverified","$1.73"
"1/9/2023","2023","2022","D6","Unverified","$1.65"
"1/9/2023","2023","2023","D6","Unverified","$1.68"
"1/16/2023","2023","2021","D6","Unverified","$1.72"
"1/16/2023","2023","2022","D6","Unverified","$1.66"
"1/16/2023","2023","2023","D6","Unverified","$1.64"
"1/23/2023","2023","2020","D6","Unverified","$0.84"
"1/23/2023","2023","2021","D6","Unverified","$1.68"
"1/23/2023","2023","2022","D6","Unverified","$1.67"
"1/23/2023","2023","2023","D6","Unverified","$1.66"
"1/30/2023","2023","2020","D6","Unverified","$1.25"
"1/30/2023","2023","2021","D6","Unverified","$1.67"
"1/30/2023","2023","2022","D6","Unverified","$1.64"
"1/30/2023","2023","2023","D6","Unverified","$1.65"
"2/6/2023","2023","2021","D6","Unverified","$1.65"
"2/6/2023","2023","2022","D6","Unverified","$1.63"
"2/6/2023","2023","2023","D6","Unverified","$1.64"
"2/13/2023","2023","2020","D6","Unverified","$1.65"
"2/13/2023","2023","2021","D6","Unverified","$1.53"
"2/13/2023","2023","2022","D6","Unverified","$1.64"
"2/13/2023","2023","2023","D6","Unverified","$1.65"
"2/20/2023","2023","2021","D6","Unverified","$1.61"
"2/20/2023","2023","2022","D6","Unverified","$1.64"
"2/20/2023","2023","2023","D6","Unverified","$1.63"
"2/27/2023","2023","2021","D6","Unverified","$1.64"
"2/27/2023","2023","2022","D6","Unverified","$1.66"
"2/27/2023","2023","2023","D6","Unverified","$1.62"
"3/6/2023","2023","2021","D6","Unverified","$1.64"
"3/6/2023","2023","2022","D6","Unverified","$1.64"
"3/6/2023","2023","2023","D6","Unverified","$1.62"
"3/13/2023","2023","2020","D6","Unverified","$1.55"
"3/13/2023","2023","2021","D6","Unverified","$1.45"
"3/13/2023","2023","2022","D6","Unverified","$1.63"
"3/13/2023","2023","2023","D6","Unverified","$1.60"
"3/20/2023","2023","2020","D6","Unverified","$1.51"
"3/20/2023","2023","2021","D6","Unverified","$1.66"
"3/20/2023","2023","2022","D6","Unverified","$1.63"
"3/20/2023","2023","2023","D6","Unverified","$1.60"
"3/27/2023","2023","2020","D6","Unverified","$1.52"
"3/27/2023","2023","2021","D6","Unverified","$1.55"
"3/27/2023","2023","2022","D6","Unverified","$1.61"
"3/27/2023","2023","2023","D6","Unverified","$1.59"
"4/3/2023","2023","2021","D6","Unverified","$1.59"
"4/3/2023","2023","2022","D6","Unverified","$1.61"
"4/3/2023","2023","2023","D6","Unverified","$1.60"
"4/10/2023","2023","2021","D6","Unverified","$1.59"
"4/10/2023","2023","2022","D6","Unverified","$1.62"
"4/10/2023","2023","2023","D6","Unverified","$1.58"
"4/17/2023","2023","2021","D6","Unverified","$1.11"
"4/17/2023","2023","2022","D6","Unverified","$1.61"
"4/17/2023","2023","2023","D6","Unverified","$1.58"
"4/24/2023","2023","2021","D6","Unverified","$1.53"
"4/24/2023","2023","2022","D6","Unverified","$1.58"
"4/24/2023","2023","2023","D6","Unverified","$1.58"
"5/1/2023","2023","2022","D6","Unverified","$1.60"
"5/1/2023","2023","2023","D6","Unverified","$1.56"
"5/8/2023","2023","2022","D6","Unverified","$1.56"
"5/8/2023","2023","2023","D6","Unverified","$1.58"
"5/15/2023","2023","2021","D6","Unverified","$1.52"
"5/15/2023","2023","2022","D6","Unverified","$1.58"
"5/15/2023","2023","2023","D6","Unverified","$1.56"
"5/22/2023","2023","2021","D6","Unverified","$1.56"
"5/22/2023","2023","2022","D6","Unverified","$1.58"
"5/22/2023","2023","2023","D6","Unverified","$1.56"
"5/29/2023","2023","2022","D6","Unverified","$1.62"
"5/29/2023","2023","2023","D6","Unverified","$1.52"
"6/5/2023","2023","2022","D6","Unverified","$1.52"
"6/5/2023","2023","2023","D6","Unverified","$1.55"
"6/12/2023","2023","2022","D6","Unverified","$1.58"
"6/12/2023","2023","2023","D6","Unverified","$1.57"
"6/19/2023","2023","2022","D6","Unverified","$1.57"
"6/19/2023","2023","2023","D6","Unverified","$1.56"
"6/26/2023","2023","2021","D6","Unverified","$1.42"
"6/26/2023","2023","2022","D6","Unverified","$1.50"
"6/26/2023","2023","2023","D6","Unverified","$1.52"
"7/3/2023","2023","2021","D6","Unverified","$1.55"
"7/3/2023","2023","2022","D6","Unverified","$1.48"
"7/3/2023","2023","2023","D6","Unverified","$1.52"
"7/10/2023","2023","2021","D6","Unverified","$1.60"
"7/10/2023","2023","2022","D6","Unverified","$1.56"
"7/10/2023","2023","2023","D6","Unverified","$1.50"
"7/17/2023","2023","2021","D6","Unverified","$1.58"
"7/17/2023","2023","2022","D6","Unverified","$1.53"
"7/17/2023","2023","2023","D6","Unverified","$1.52"
"7/24/2023","2023","2022","D6","Unverified","$1.57"
"7/24/2023","2023","2023","D6","Unverified","$1.54"
"7/31/2023","2023","2022","D6","Unverified","$1.56"
"7/31/2023","2023","2023","D6","Unverified","$1.53"
"8/7/2023","2023","2021","D6","Unverified","$1.48"
"8/7/2023","2023","2022","D6","Unverified","$1.55"
"8/7/2023","2023","2023","D6","Unverified","$1.53"
"8/14/2023","2023","2022","D6","Unverified","$1.55"
"8/14/2023","2023","2023","D6","Unverified","$1.51"
"8/21/2023","2023","2021","D6","Unverified","$1.51"
"8/21/2023","2023","2022","D6","Unverified","$1.54"
"8/21/2023","2023","2023","D6","Unverified","$1.49"
"8/28/2023","2023","2022","D6","Unverified","$1.55"
"8/28/2023","2023","2023","D6","Unverified","$1.51"
"9/4/2023","2023","2021","D6","Unverified","$1.45"
"9/4/2023","2023","2022","D6","Unverified","$1.46"
"9/4/2023","2023","2023","D6","Unverified","$1.47"
"9/11/2023","2023","2022","D6","Unverified","$1.46"
"9/11/2023","2023","2023","D6","Unverified","$1.49"
"9/18/2023","2023","2022","D6","Unverified","$1.43"
"9/18/2023","2023","2023","D6","Q-RIN","$1.50"
"9/18/2023","2023","2023","D6","Unverified","$1.43"
"9/25/2023","2023","2021","D6","Unverified","$1.44"
"9/25/2023","2023","2022","D6","Unverified","$1.31"
"9/25/2023","2023","2023","D6","Unverified","$1.40"
"10/2/2023","2023","2021","D6","Unverified","$0.92"
"10/2/2023","2023","2022","D6","Unverified","$1.32"
"10/2/2023","2023","2023","D6","Unverified","$1.45"
"10/9/2023","2023","2022","D6","Unverified","$0.95"
"10/9/2023","2023","2023","D6","Unverified","$1.32"
"10/16/2023","2023","2021","D6","Unverified","$0.99"
"10/16/2023","2023","2022","D6","Unverified","$1.01"
"10/16/2023","2023","2023","D6","Unverified","$1.29"
"10/23/2023","2023","2021","D6","Unverified","$0.54"
"10/23/2023","2023","2022","D6","Unverified","$0.94"
"10/23/2023","2023","2023","D6","Q-RIN","$1.72"
"10/23/2023","2023","2023","D6","Unverified","$1.27"
"10/30/2023","2023","2021","D6","Unverified","$0.76"
"10/30/2023","2023","2022","D6","Unverified","$1.28"
"10/30/2023","2023","2023","D6","Unverified","$1.25"
"11/6/2023","2023","2021","D6","Unverified","$0.79"
"11/6/2023","2023","2022","D6","Unverified","$1.42"
"11/6/2023","2023","2023","D6","Unverified","$1.28"
"11/13/2023","2023","2022","D6","Unverified","$0.84"
"11/13/2023","2023","2023","D6","Unverified","$1.11"
"11/20/2023","2023","2021","D6","Unverified","$1.90"
"11/20/2023","2023","2022","D6","Unverified","$0.86"
"11/20/2023","2023","2023","D6","Unverified","$1.12"
"11/27/2023","2023","2021","D6","Q-RIN","$0.76"
"11/27/2023","2023","2021","D6","Unverified","$0.81"
"11/27/2023","2023","2022","D6","Unverified","$0.83"
"11/27/2023","2023","2023","D6","Unverified","$1.21"
"12/4/2023","2023","2022","D6","Unverified","$0.84"
"12/4/2023","2023","2023","D6","Unverified","$1.21"
"12/11/2023","2023","2022","D6","Unverified","$0.83"
"12/11/2023","2023","2023","D6","Unverified","$1.17"
"12/18/2023","2023","2022","D6","Unverified","$0.83"
"12/18/2023","2023","2023","D6","Unverified","$1.07"
"12/25/2023","2023","2022","D6","Unverified","$0.80"
"12/25/2023","2023","2023","D6","Unverified","$1.07"
"1/1/2024","2024","2022","D6","Unverified","$0.94"
"1/1/2024","2024","2023","D6","Q-RIN","$1.45"
"1/1/2024","2024","2023","D6","Unverified","$1.01"
"1/1/2024","2024","2024","D6","Unverified","$0.82"
"1/8/2024","2024","2023","D6","Unverified","$0.95"
"1/8/2024","2024","2024","D6","Unverified","$0.83"
"1/15/2024","2024","2022","D6","Unverified","$0.78"
"1/15/2024","2024","2023","D6","Unverified","$0.92"
"1/15/2024","2024","2024","D6","Unverified","$0.85"
"1/22/2024","2024","2022","D6","Unverified","$0.80"
"1/22/2024","2024","2023","D6","Unverified","$1.15"
"1/22/2024","2024","2024","D6","Unverified","$0.99"
"1/29/2024","2024","2023","D6","Unverified","$1.05"
"1/29/2024","2024","2024","D6","Unverified","$0.76"
"2/5/2024","2024","2022","D6","Unverified","$0.78"
"2/5/2024","2024","2023","D6","Unverified","$1.00"
"2/5/2024","2024","2024","D6","Unverified","$0.89"
"2/12/2024","2024","2022","D6","Unverified","$0.59"
"2/12/2024","2024","2023","D6","Unverified","$0.97"
"2/12/2024","2024","2024","D6","Unverified","$1.01"
"2/19/2024","2024","2022","D6","Unverified","$0.59"
"2/19/2024","2024","2023","D6","Unverified","$0.80"
"2/19/2024","2024","2024","D6","Unverified","$0.75"
"2/26/2024","2024","2022","D6","Unverified","$0.84"
"2/26/2024","2024","2023","D6","Unverified","$0.79"
"2/26/2024","2024","2024","D6","Unverified","$0.76"
"3/4/2024","2024","2022","D6","Unverified","$0.42"
"3/4/2024","2024","2023","D6","Unverified","$0.90"
"3/4/2024","2024","2024","D6","Unverified","$0.85"
"3/11/2024","2024","2022","D6","Unverified","$0.43"
"3/11/2024","2024","2023","D6","Unverified","$0.89"
"3/11/2024","2024","2024","D6","Unverified","$0.75"
"3/18/2024","2024","2022","D6","Unverified","$0.70"
"3/18/2024","2024","2023","D6","Unverified","$0.69"
"3/18/2024","2024","2024","D6","Unverified","$0.64"
"3/25/2024","2024","2022","D6","Unverified","$0.56"
"3/25/2024","2024","2023","D6","Unverified","$0.74"
"3/25/2024","2024","2024","D6","Unverified","$0.64"
"4/1/2024","2024","2023","D6","Unverified","$0.47"
"4/1/2024","2024","2024","D6","Unverified","$0.76"
"4/8/2024","2024","2023","D6","Unverified","$0.92"
"4/8/2024","2024","2024","D6","Unverified","$0.77"
"4/15/2024","2024","2023","D6","Unverified","$0.46"
"4/15/2024","2024","2024","D6","Q-RIN","$0.55"
"4/15/2024","2024","2024","D6","Unverified","$0.68"
"4/22/2024","2024","2023","D6","Unverified","$0.91"
"4/22/2024","2024","2024","D6","Unverified","$0.66"
"4/29/2024","2024","2023","D6","Unverified","$0.45"
"4/29/2024","2024","2024","D6","Unverified","$0.70"
"5/6/2024","2024","2023","D6","Unverified","$0.59"
"5/6/2024","2024","2024","D6","Unverified","$0.61"
"5/13/2024","2024","2023","D6","Unverified","$0.59"
"5/13/2024","2024","2024","D6","Unverified","$0.60"
"5/20/2024","2024","2023","D6","Unverified","$0.48"
"5/20/2024","2024","2024","D6","Unverified","$0.59"
"5/27/2024","2024","2023","D6","Unverified","$0.53"
"5/27/2024","2024","2024","D6","Unverified","$0.56"
"6/3/2024","2024","2023","D6","Unverified","$0.48"
"6/3/2024","2024","2024","D6","Unverified","$0.68"
"6/10/2024","2024","2023","D6","Unverified","$0.53"
"6/10/2024","2024","2024","D6","Q-RIN","$0.57"
"6/10/2024","2024","2024","D6","Unverified","$0.70"
"6/17/2024","2024","2023","D6","Unverified","$0.49"
"6/17/2024","2024","2024","D6","Unverified","$0.65"
"6/24/2024","2024","2023","D6","Unverified","$0.52"
"6/24/2024","2024","2024","D6","Unverified","$0.66"
"7/1/2024","2024","2023","D6","Unverified","$0.49"
"7/1/2024","2024","2024","D6","Q-RIN","$1.38"
"7/1/2024","2024","2024","D6","Unverified","$0.64"
"7/8/2024","2024","2023","D6","Unverified","$0.57"
"7/8/2024","2024","2024","D6","Unverified","$0.69"
"7/15/2024","2024","2023","D6","Unverified","$0.58"
"7/15/2024","2024","2024","D6","Unverified","$0.74"
"7/22/2024","2024","2023","D6","Unverified","$0.63"
"7/22/2024","2024","2024","D6","Q-RIN","$0.52"
"7/22/2024","2024","2024","D6","Unverified","$0.62"
"7/29/2024","2024","2023","D6","Unverified","$0.59"
"7/29/2024","2024","2024","D6","Unverified","$0.61"
"8/5/2024","2024","2023","D6","Unverified","$0.51"
"8/5/2024","2024","2024","D6","Unverified","$0.65"
"8/12/2024","2024","2023","D6","Unverified","$0.59"
"8/12/2024","2024","2024","D6","Unverified","$0.65"
"8/19/2024","2024","2023","D6","Unverified","$0.56"
"8/19/2024","2024","2024","D6","Unverified","$0.62"
"8/26/2024","2024","2023","D6","Unverified","$0.54"
"8/26/2024","2024","2024","D6","Unverified","$0.55"
"9/2/2024","2024","2023","D6","Unverified","$0.54"
"9/2/2024","2024","2024","D6","Unverified","$0.55"
"9/9/2024","2024","2023","D6","Unverified","$0.55"
"9/9/2024","2024","2024","D6","Unverified","$0.60"
"9/16/2024","2024","2023","D6","Unverified","$0.57"
"9/16/2024","2024","2024","D6","Unverified","$0.72"
"9/23/2024","2024","2023","D6","Unverified","$0.55"
"9/23/2024","2024","2024","D6","Unverified","$0.62"
"9/30/2024","2024","2023","D6","Unverified","$0.64"
"9/30/2024","2024","2024","D6","Unverified","$0.65"
"10/7/2024","2024","2023","D6","Unverified","$0.62"
"10/7/2024","2024","2024","D6","Unverified","$0.63"
"10/14/2024","2024","2023","D6","Unverified","$0.70"
"10/14/2024","2024","2024","D6","Unverified","$0.61"
"10/21/2024","2024","2023","D6","Unverified","$0.68"
"10/21/2024","2024","2024","D6","Unverified","$0.62"
"10/28/2024","2024","2023","D6","Unverified","$0.70"
"10/28/2024","2024","2024","D6","Unverified","$0.64"
"11/4/2024","2024","2023","D6","Unverified","$0.69"
"11/4/2024","2024","2024","D6","Unverified","$0.64"
"11/11/2024","2024","2023","D6","Unverified","$0.54"
"11/11/2024","2024","2024","D6","Unverified","$0.63"
"11/18/2024","2024","2023","D6","Unverified","$0.58"
"11/18/2024","2024","2024","D6","Unverified","$0.68"
"11/25/2024","2024","2023","D6","Unverified","$0.68"
"11/25/2024","2024","2024","D6","Unverified","$0.61"
"12/2/2024","2024","2024","D6","Unverified","$0.65"
"12/9/2024","2024","2023","D6","Unverified","$0.64"
"12/9/2024","2024","2024","D6","Unverified","$0.65"
"12/16/2024","2024","2023","D6","Unverified","$0.60"
"12/16/2024","2024","2024","D6","Unverified","$0.61"
"12/23/2024","2024","2023","D6","Unverified","$0.59"
"12/23/2024","2024","2024","D6","Unverified","$0.65"
"12/30/2024","2024","2023","D6","Unverified","$0.63"
"12/30/2024","2024","2024","D6","Unverified","$0.62"
"12/30/2024","2025","2024","D6","Unverified","$0.65"
"12/30/2024","2025","2025","D6","Unverified","$0.62"
"1/6/2025","2025","2023","D6","Unverified","$0.59"
"1/6/2025","2025","2024","D6","Unverified","$0.64"
"1/6/2025","2025","2025","D6","Unverified","$0.68"
"1/13/2025","2025","2023","D6","Unverified","$0.61"
"1/13/2025","2025","2024","D6","Unverified","$0.65"
"1/13/2025","2025","2025","D6","Unverified","$0.63"
"1/20/2025","2025","2023","D6","Unverified","$0.63"
"1/20/2025","2025","2024","D6","Unverified","$0.67"
"1/20/2025","2025","2025","D6","Unverified","$0.67"
"1/27/2025","2025","2024","D6","Unverified","$0.66"
"1/27/2025","2025","2025","D6","Unverified","$0.70"
"2/3/2025","2025","2024","D6","Unverified","$0.66"
"2/3/2025","2025","2025","D6","Unverified","$0.73"
"2/10/2025","2025","2023","D6","Unverified","$0.74"
"2/10/2025","2025","2024","D6","Unverified","$0.72"
"2/10/2025","2025","2025","D6","Unverified","$0.75"
"2/17/2025","2025","2023","D6","Unverified","$0.82"
"2/17/2025","2025","2024","D6","Unverified","$0.70"
"2/17/2025","2025","2025","D6","Unverified","$0.78"
"2/24/2025","2025","2023","D6","Unverified","$0.82"
"2/24/2025","2025","2024","D6","Unverified","$0.72"
"2/24/2025","2025","2025","D6","Unverified","$0.79"
"3/3/2025","2025","2023","D6","Unverified","$0.74"
"3/3/2025","2025","2024","D6","Unverified","$0.65"
"3/3/2025","2025","2025","D6","Unverified","$0.77"
"3/10/2025","2025","2023","D6","Unverified","$0.69"
"3/10/2025","2025","2024","D6","Unverified","$0.67"
"3/10/2025","2025","2025","D6","Unverified","$0.76"
"3/17/2025","2025","2023","D6","Unverified","$0.64"
"3/17/2025","2025","2024","D6","Unverified","$0.68"
"3/17/2025","2025","2025","D6","Unverified","$0.71"
"3/24/2025","2025","2023","D6","Unverified","$0.71"
"3/24/2025","2025","2024","D6","Unverified","$0.72"
"3/24/2025","2025","2025","D6","Unverified","$0.74"
"3/31/2025","2025","2023","D6","Unverified","$0.89"
"3/31/2025","2025","2024","D6","Unverified","$0.78"
"3/31/2025","2025","2025","D6","Unverified","$0.77"
"4/7/2025","2025","2023","D6","Unverified","$0.81"
"4/7/2025","2025","2024","D6","Unverified","$0.81"
"4/7/2025","2025","2025","D6","Unverified","$0.77"
"4/14/2025","2025","2024","D6","Unverified","$0.77"
"4/14/2025","2025","2025","D6","Q-RIN","$0.81"
"4/14/2025","2025","2025","D6","Unverified","$0.77"
"4/21/2025","2025","2023","D6","Unverified","$0.96"
"4/21/2025","2025","2024","D6","Unverified","$0.82"
"4/21/2025","2025","2025","D6","Q-RIN","$0.68"
"4/21/2025","2025","2025","D6","Unverified","$0.85"
"4/28/2025","2025","2023","D6","Unverified","$0.81"
"4/28/2025","2025","2024","D6","Unverified","$0.81"
"4/28/2025","2025","2025","D6","Unverified","$0.87"
"5/5/2025","2025","2024","D6","Unverified","$0.77"
"5/5/2025","2025","2025","D6","Q-RIN","$0.60"
"5/5/2025","2025","2025","D6","Unverified","$0.84"
"5/12/2025","2025","2024","D6","Unverified","$0.82"
"5/12/2025","2025","2025","D6","Unverified","$0.91"
"5/19/2025","2025","2024","D6","Unverified","$0.96"
"5/19/2025","2025","2025","D6","Q-RIN","$1.03"
"5/19/2025","2025","2025","D6","Unverified","$0.85"
"5/26/2025","2025","2024","D6","Unverified","$0.68"
"5/26/2025","2025","2025","D6","Unverified","$0.97"
"6/2/2025","2025","2023","D6","Unverified","$0.88"
"6/2/2025","2025","2024","D6","Unverified","$0.83"
"6/2/2025","2025","2025","D6","Unverified","$0.92"
"6/9/2025","2025","2024","D6","Unverified","$0.84"
"6/9/2025","2025","2025","D6","Unverified","$0.88"
"6/16/2025","2025","2024","D6","Unverified","$0.95"
"6/16/2025","2025","2025","D6","Unverified","$0.88"
"6/23/2025","2025","2024","D6","Unverified","$0.84"
"6/23/2025","2025","2025","D6","Unverified","$0.95"
"6/30/2025","2025","2023","D6","Unverified","$1.02"
"6/30/2025","2025","2024","D6","Unverified","$1.01"
"6/30/2025","2025","2025","D6","Q-RIN","$1.01"
"6/30/2025","2025","2025","D6","Unverified","$0.99"
"7/7/2025","2025","2023","D6","Unverified","$1.00"
"7/7/2025","2025","2024","D6","Unverified","$1.08"
"7/7/2025","2025","2025","D6","Q-RIN","$1.08"
"7/7/2025","2025","2025","D6","Unverified","$0.94"
"7/14/2025","2025","2023","D6","Unverified","$0.98"
"7/14/2025","2025","2024","D6","Unverified","$1.01"
"7/14/2025","2025","2025","D6","Q-RIN","$1.10"
"7/14/2025","2025","2025","D6","Unverified","$0.95"
"7/21/2025","2025","2024","D6","Unverified","$0.90"
"7/21/2025","2025","2025","D6","Q-RIN","$1.01"
"7/21/2025","2025","2025","D6","Unverified","$0.98"
"7/28/2025","2025","2023","D6","Unverified","$1.16"
"7/28/2025","2025","2024","D6","Unverified","$0.81"
"7/28/2025","2025","2025","D6","Q-RIN","$1.03"
"7/28/2025","2025","2025","D6","Unverified","$0.97"
"8/4/2025","2025","2024","D6","Unverified","$0.98"
"8/4/2025","2025","2025","D6","Q-RIN","$1.14"
"8/4/2025","2025","2025","D6","Unverified","$1.03"
"8/11/2025","2025","2024","D6","Unverified","$0.96"
"8/11/2025","2025","2025","D6","Q-RIN","$1.04"
"8/11/2025","2025","2025","D6","Unverified","$1.04"
"8/18/2025","2025","2024","D6","Unverified","$1.13"
"8/18/2025","2025","2025","D6","Q-RIN","$1.06"
"8/18/2025","2025","2025","D6","Unverified","$1.01"
"8/25/2025","2025","2024","D6","Unverified","$1.12"
"8/25/2025","2025","2025","D6","Q-RIN","$1.12"
"8/25/2025","2025","2025","D6","Unverified","$0.89"
"9/1/2025","2025","2023","D6","Unverified","$0.99"
"9/1/2025","2025","2024","D6","Unverified","$1.09"
"9/1/2025","2025","2025","D6","Q-RIN","$1.08"
"9/1/2025","2025","2025","D6","Unverified","$1.02"
"9/8/2025","2025","2024","D6","Unverified","$1.05"
"9/8/2025","2025","2025","D6","Q-RIN","$0.96"
"9/8/2025","2025","2025","D6","Unverified","$0.94"
"9/15/2025","2025","2022","D6","Unverified","$0.50"
"9/15/2025","2025","2023","D6","Unverified","$0.99"
"9/15/2025","2025","2024","D6","Unverified","$1.05"
"9/15/2025","2025","2025","D6","Q-RIN","$1.04"
"9/15/2025","2025","2025","D6","Unverified","$1.02"
"9/22/2025","2025","2023","D6","Unverified","$0.97"
"9/22/2025","2025","2024","D6","Unverified","$1.01"
"9/22/2025","2025","2025","D6","Q-RIN","$1.00"
"9/22/2025","2025","2025","D6","Unverified","$0.95"
"9/29/2025","2025","2022","D6","Unverified","$0.45"
"9/29/2025","2025","2023","D6","Unverified","$0.99"
"9/29/2025","2025","2024","D6","Unverified","$1.00"
"9/29/2025","2025","2025","D6","Q-RIN","$1.03"
"9/29/2025","2025","2025","D6","Unverified","$0.98"
"10/6/2025","2025","2023","D6","Unverified","$1.04"
"10/6/2025","2025","2024","D6","Unverified","$0.99"
"10/6/2025","2025","2025","D6","Q-RIN","$0.98"
"10/6/2025","2025","2025","D6","Unverified","$1.02"
"10/13/2025","2025","2023","D6","Unverified","$0.99"
"10/13/2025","2025","2024","D6","Unverified","$0.96"
"10/13/2025","2025","2025","D6","Q-RIN","$1.04"
"10/13/2025","2025","2025","D6","Unverified","$1.00"
"10/20/2025","2025","2023","D6","Unverified","$0.98"
"10/20/2025","2025","2024","D6","Unverified","$0.97"
"10/20/2025","2025","2025","D6","Q-RIN","$1.03"
"10/20/2025","2025","2025","D6","Unverified","$1.00"
"10/27/2025","2025","2023","D6","Unverified","$0.97"
"10/27/2025","2025","2024","D6","Unverified","$0.98"
"10/27/2025","2025","2025","D6","Q-RIN","$0.97"
"10/27/2025","2025","2025","D6","Unverified","$0.97"
"11/3/2025","2025","2023","D6","Unverified","$0.96"
"11/3/2025","2025","2024","D6","Unverified","$1.07"
"11/3/2025","2025","2025","D6","Q-RIN","$1.02"
"11/3/2025","2025","2025","D6","Unverified","$1.01"
"11/10/2025","2025","2022","D6","Unverified","$0.08"
"11/10/2025","2025","2023","D6","Unverified","$1.00"
"11/10/2025","2025","2024","D6","Unverified","$0.92"
"11/10/2025","2025","2025","D6","Q-RIN","$0.99"
"11/10/2025","2025","2025","D6","Unverified","$1.00"
"11/17/2025","2025","2022","D6","Unverified","$0.23"
"11/17/2025","2025","2023","D6","Unverified","$0.95"
"11/17/2025","2025","2024","D6","Unverified","$0.89"
"11/17/2025","2025","2025","D6","Q-RIN","$1.08"
"11/17/2025","2025","2025","D6","Unverified","$1.00"
"11/24/2025","2025","2023","D6","Unverified","$0.99"
"11/24/2025","2025","2024","D6","Unverified","$1.00"
"11/24/2025","2025","2025","D6","Q-RIN","$0.91"
"11/24/2025","2025","2025","D6","Unverified","$1.00"
"12/1/2025","2025","2024","D6","Unverified","$1.00"
"12/1/2025","2025","2025","D6","Q-RIN","$1.02"
"12/1/2025","2025","2025","D6","Unverified","$1.01"
"12/8/2025","2025","2024","D6","Unverified","$1.02"
"12/8/2025","2025","2025","D6","Q-RIN","$0.95"
"12/8/2025","2025","2025","D6","Unverified","$1.02"
"12/15/2025","2025","2024","D6","Unverified","$0.98"
"12/15/2025","2025","2025","D6","Q-RIN","$1.03"
"12/15/2025","2025","2025","D6","Unverified","$1.02"
"12/22/2025","2025","2024","D6","Unverified","$1.01"
"12/22/2025","2025","2025","D6","Q-RIN","$0.95"
"12/22/2025","2025","2025","D6","Unverified","$1.01"
"12/29/2025","2025","2024","D6","Unverified","$0.99"
"12/29/2025","2025","2025","D6","Q-RIN","$1.03"
"12/29/2025","2025","2025","D6","Unverified","$0.99"
"12/29/2025","2026","2024","D6","Unverified","$1.03"
"12/29/2025","2026","2025","D6","Q-RIN","$1.01"
"12/29/2025","2026","2025","D6","Unverified","$1.02"
"12/29/2025","2026","2026","D6","Unverified","$1.07"
"1/5/2026","2026","2024","D6","Unverified","$0.98"
"1/5/2026","2026","2025","D6","Q-RIN","$1.08"
"1/5/2026","2026","2025","D6","Unverified","$1.05"
"1/5/2026","2026","2026","D6","Unverified","$1.12"
"1/12/2026","2026","2024","D6","Unverified","$1.03"
"1/12/2026","2026","2025","D6","Q-RIN","$1.06"
"1/12/2026","2026","2025","D6","Unverified","$1.06"
"1/12/2026","2026","2026","D6","Q-RIN","$1.11"
"1/12/2026","2026","2026","D6","Unverified","$1.09"
"1/19/2026","2026","2024","D6","Unverified","$1.07"
"1/19/2026","2026","2025","D6","Q-RIN","$1.08"
"1/19/2026","2026","2025","D6","Unverified","$1.07"
"1/19/2026","2026","2026","D6","Q-RIN","$1.17"
"1/19/2026","2026","2026","D6","Unverified","$1.12"
"1/26/2026","2026","2024","D6","Unverified","$0.99"
"1/26/2026","2026","2025","D6","Q-RIN","$1.20"
"1/26/2026","2026","2025","D6","Unverified","$1.12"
"1/26/2026","2026","2026","D6","Q-RIN","$1.24"
"1/26/2026","2026","2026","D6","Unverified","$1.22"
"2/2/2026","2026","2024","D6","Unverified","$1.17"
"2/2/2026","2026","2025","D6","Q-RIN","$1.14"
"2/2/2026","2026","2025","D6","Unverified","$1.07"
"2/2/2026","2026","2026","D6","Q-RIN","$1.19"
"2/2/2026","2026","2026","D6","Unverified","$1.20"
"2/9/2026","2026","2024","D6","Unverified","$1.13"
"2/9/2026","2026","2025","D6","Q-RIN","$1.22"
"2/9/2026","2026","2025","D6","Unverified","$1.18"
"2/9/2026","2026","2026","D6","Q-RIN","$1.27"
"2/9/2026","2026","2026","D6","Unverified","$1.24"
"2/16/2026","2026","2024","D6","Unverified","$1.11"
"2/16/2026","2026","2025","D6","Q-RIN","$1.16"
"2/16/2026","2026","2025","D6","Unverified","$1.08"
"2/16/2026","2026","2026","D6","Q-RIN","$1.40"
"2/16/2026","2026","2026","D6","Unverified","$1.30"
"2/23/2026","2026","2024","D6","Unverified","$1.28"
"2/23/2026","2026","2025","D6","Q-RIN","$1.15"
"2/23/2026","2026","2025","D6","Unverified","$1.21"
"2/23/2026","2026","2026","D6","Q-RIN","$1.18"
"2/23/2026","2026","2026","D6","Unverified","$1.24"
"3/2/2026","2026","2024","D6","Unverified","$1.21"
"3/2/2026","2026","2025","D6","Q-RIN","$1.11"
"3/2/2026","2026","2025","D6","Unverified","$1.16"
"3/2/2026","2026","2026","D6","Q-RIN","$1.38"
"3/2/2026","2026","2026","D6","Unverified","$1.37"
"3/9/2026","2026","2024","D6","Unverified","$1.15"
"3/9/2026","2026","2025","D6","Q-RIN","$1.32"
"3/9/2026","2026","2025","D6","Unverified","$1.29"
"3/9/2026","2026","2026","D6","Q-RIN","$1.32"
"3/9/2026","2026","2026","D6","Unverified","$1.35"
"3/16/2026","2026","2024","D6","Unverified","$1.17"
"3/16/2026","2026","2025","D6","Q-RIN","$1.26"
"3/16/2026","2026","2025","D6","Unverified","$1.28"
"3/16/2026","2026","2026","D6","Q-RIN","$1.19"
"3/16/2026","2026","2026","D6","Unverified","$1.30"
"3/23/2026","2026","2024","D6","Unverified","$1.42"
"3/23/2026","2026","2025","D6","Q-RIN","$1.17"
"3/23/2026","2026","2025","D6","Unverified","$1.21"
"3/23/2026","2026","2026","D6","Q-RIN","$1.49"
"3/23/2026","2026","2026","D6","Unverified","$1.32"
"3/30/2026","2026","2024","D6","Unverified","$1.70"
"3/30/2026","2026","2025","D6","Q-RIN","$1.36"
"3/30/2026","2026","2025","D6","Unverified","$1.37"
"3/30/2026","2026","2026","D6","Q-RIN","$1.43"
"3/30/2026","2026","2026","D6","Unverified","$1.46"
"4/6/2026","2026","2024","D6","Unverified","$1.47"
"4/6/2026","2026","2025","D6","Q-RIN","$1.73"
"4/6/2026","2026","2025","D6","Unverified","$1.61"
"4/6/2026","2026","2026","D6","Q-RIN","$1.57"
"4/6/2026","2026","2026","D6","Unverified","$1.50"
"4/13/2026","2026","2024","D6","Unverified","$1.73"
"4/13/2026","2026","2025","D6","Q-RIN","$1.46"
"4/13/2026","2026","2025","D6","Unverified","$1.53"
"4/13/2026","2026","2026","D6","Q-RIN","$1.73"
"4/13/2026","2026","2026","D6","Unverified","$1.52"
"4/20/2026","2026","2024","D6","Unverified","$1.75"
"4/20/2026","2026","2025","D6","Q-RIN","$1.74"
"4/20/2026","2026","2025","D6","Unverified","$1.61"
"4/20/2026","2026","2026","D6","Q-RIN","$1.71"
"4/20/2026","2026","2026","D6","Unverified","$1.63"
"4/27/2026","2026","2024","D6","Unverified","$1.81"
"4/27/2026","2026","2025","D6","Q-RIN","$1.43"
"4/27/2026","2026","2025","D6","Unverified","$1.64"
"4/27/2026","2026","2026","D6","Q-RIN","$1.56"
"4/27/2026","2026","2026","D6","Unverified","$1.54"
"5/4/2026","2026","2024","D6","Unverified","$1.77"
"5/4/2026","2026","2025","D6","Q-RIN","$1.63"
"5/4/2026","2026","2025","D6","Unverified","$1.62"
"5/4/2026","2026","2026","D6","Q-RIN","$1.78"
"5/4/2026","2026","2026","D6","Unverified","$1.75"
"5/11/2026","2026","2024","D6","Unverified","$1.96"
"5/11/2026","2026","2025","D6","Q-RIN","$1.39"
"5/11/2026","2026","2025","D6","Unverified","$1.55"
"5/11/2026","2026","2026","D6","Q-RIN","$1.82"
"5/11/2026","2026","2026","D6","Unverified","$1.73"
"5/18/2026","2026","2024","D6","Unverified","$1.86"
"5/18/2026","2026","2025","D6","Q-RIN","$1.98"
"5/18/2026","2026","2025","D6","Unverified","$1.86"
"5/18/2026","2026","2026","D6","Q-RIN","$1.68"
"5/18/2026","2026","2026","D6","Unverified","$1.87"
"5/25/2026","2026","2025","D6","Q-RIN","$2.11"
"5/25/2026","2026","2025","D6","Unverified","$1.74"
"5/25/2026","2026","2026","D6","Q-RIN","$1.88"
"5/25/2026","2026","2026","D6","Unverified","$1.92"
"6/1/2026","2026","2024","D6","Unverified","$1.84"
"6/1/2026","2026","2025","D6","Q-RIN","$1.36"
"6/1/2026","2026","2025","D6","Unverified","$2.00"
"6/1/2026","2026","2026","D6","Q-RIN","$1.70"
"6/1/2026","2026","2026","D6","Unverified","$1.86"
"6/8/2026","2026","2024","D6","Unverified","$2.04"
"6/8/2026","2026","2025","D6","Unverified","$2.08"
"6/8/2026","2026","2026","D6","Q-RIN","$2.06"
"6/8/2026","2026","2026","D6","Unverified","$1.80"
"6/15/2026","2026","2024","D6","Unverified","$2.07"
"6/15/2026","2026","2025","D6","Q-RIN","$2.00"
"6/15/2026","2026","2025","D6","Unverified","$2.17"
"6/15/2026","2026","2026","D6","Q-RIN","$1.87"
"6/15/2026","2026","2026","D6","Unverified","$1.87"
"6/22/2026","2026","2024","D6","Unverified","$2.15"
"6/22/2026","2026","2025","D6","Q-RIN","$2.00"
"6/22/2026","2026","2025","D6","Unverified","$2.01"
"6/22/2026","2026","2026","D6","Q-RIN","$1.95"
"6/22/2026","2026","2026","D6","Unverified","$1.99"
